Percentage Delay Num,Price,Ticket Class,Refund Request
4.545454545454546,23,standard,no
15.454545454545453,37,standard,no
38.75,7,standard,yes
32.0,34,first class,yes
-1.0,7,standard,no
10.0,134,first class,no
17.77777777777778,151,standard,no
16.363636363636363,134,first class,no
-1.0,35,first class,no
-1.0,10,standard,yes
10.0,200,first class,no
-1.0,12,standard,yes
27.27272727272727,47,standard,no
27.27272727272727,70,standard,no
16.363636363636363,84,standard,no
-1.0,235,first class,no
-1.0,151,standard,no
-1.0,151,standard,no
-1.0,151,standard,no
-1.0,16,standard,no
-1.0,151,standard,no
98.33333333333333,12,standard,no
386.6666666666667,10,standard,no
-1.0,2,standard,yes
-1.0,35,standard,no
-1.0,35,standard,yes
40.0,76,standard,no
40.0,76,standard,no
40.0,76,standard,no
-1.0,4,standard,no
82.22222222222221,6,standard,no
106.66666666666667,3,standard,yes
-1.0,19,standard,yes
580.0,3,standard,no
-1.0,8,standard,no
-1.0,13,standard,yes
-1.0,9,standard,no
-1.0,9,standard,no
-1.0,9,standard,no
21.48148148148148,76,standard,yes
-1.0,4,standard,no
-1.0,4,standard,yes
18.51851851851852,50,standard,yes
-1.0,2,standard,no
-1.0,4,standard,no
-1.0,10,standard,yes
-1.0,3,standard,no
-1.0,3,standard,no
-1.0,3,standard,no
-1.0,39,first class,yes
24.0,11,standard,no
-1.0,7,standard,no
-1.0,7,standard,yes
-1.0,8,standard,yes
-1.0,3,standard,no
-1.0,3,standard,no
40.0,151,standard,no
40.0,151,standard,no
40.0,151,standard,no
40.0,151,standard,no
80.0,2,standard,no
-1.0,72,standard,yes
-1.0,35,standard,no
-1.0,76,standard,yes
-1.0,76,standard,no
-1.0,76,standard,no
580.0,4,standard,no
-1.0,76,standard,no
-1.0,76,standard,no
-1.0,76,standard,no
580.0,4,standard,no
-1.0,118,first class,no
373.3333333333333,6,standard,no
90.0,3,standard,yes
-1.0,27,first class,no
-1.0,13,standard,yes
-1.0,7,standard,no
7.6923076923076925,43,standard,yes
17.272727272727273,200,first class,yes
-1.0,9,standard,no
-1.0,9,standard,no
13.333333333333334,50,standard,yes
-1.0,3,standard,no
13.333333333333334,50,standard,yes
180.0,3,standard,no
180.0,3,standard,no
180.0,3,standard,no
-1.0,52,first class,yes
-1.0,53,standard,no
-1.0,2,standard,no
-1.0,2,standard,no
-1.0,4,standard,yes
80.0,3,standard,no
-1.0,143,standard,no
-1.0,70,standard,no
-1.0,70,standard,no
-1.0,235,first class,no
30.0,267,first class,no
-1.0,151,standard,no
66.66666666666666,8,standard,no
373.3333333333333,10,standard,no
22.727272727272727,35,standard,no
22.727272727272727,35,standard,no
43.7037037037037,76,standard,no
-1.0,3,standard,no
382.22222222222223,6,standard,no
376.6666666666667,6,first class,no
382.22222222222223,6,standard,no
-1.0,3,standard,yes
56.25,7,standard,yes
56.25,7,standard,yes
56.25,7,standard,yes
5.384615384615385,43,standard,yes
-1.0,5,standard,no
180.0,5,standard,no
180.0,5,standard,no
180.0,5,standard,no
180.0,5,standard,no
180.0,5,standard,no
13.333333333333334,101,standard,yes
13.333333333333334,101,standard,yes
14.545454545454545,56,standard,yes
160.0,3,standard,no
-1.0,5,standard,no
-1.0,2,standard,no
-1.0,3,standard,yes
-1.0,3,standard,no
43.7037037037037,151,standard,no
43.7037037037037,151,standard,no
43.7037037037037,151,standard,no
43.7037037037037,151,standard,no
-1.0,7,standard,yes
-1.0,35,standard,yes
-1.0,76,standard,no
36.36363636363637,134,first class,no
-1.0,76,standard,no
-1.0,76,standard,yes
-1.0,76,standard,no
56.25,11,standard,yes
46.25,7,standard,yes
46.25,7,standard,yes
-1.0,7,first class,yes
160.0,5,standard,no
2.9629629629629632,101,standard,yes
-1.0,10,standard,no
-1.0,10,standard,yes
-1.0,8,standard,yes
-1.0,53,standard,no
-1.0,53,standard,no
-1.0,53,standard,no
-1.0,86,standard,yes
-1.0,113,standard,no
-1.0,113,standard,no
-1.0,8,standard,yes
-1.0,7,standard,no
-1.0,9,standard,yes
-1.0,9,standard,no
41.48148148148148,76,standard,no
41.48148148148148,76,standard,no
41.48148148148148,76,standard,no
41.48148148148148,76,standard,no
46.25,11,standard,yes
-1.0,4,standard,no
14.074074074074074,50,standard,yes
26.36363636363636,84,standard,yes
-1.0,10,first class,yes
-1.0,7,standard,yes
-1.0,7,standard,no
-1.0,8,standard,no
216.66666666666666,3,standard,no
216.66666666666666,3,standard,no
216.66666666666666,3,standard,no
216.66666666666666,3,standard,no
10.909090909090908,37,standard,no
43.63636363636363,126,standard,no
-1.0,13,standard,no
-1.0,7,standard,yes
41.48148148148148,113,standard,no
41.48148148148148,113,standard,no
41.48148148148148,113,standard,no
128.33333333333334,12,standard,no
-1.0,72,standard,no
-1.0,72,standard,no
-1.0,73,standard,no
-1.0,73,standard,no
-1.0,3,standard,no
38.75,21,standard,no
30.0,3,standard,no
30.0,3,standard,yes
-1.0,8,standard,yes
-1.0,8,standard,no
106.66666666666667,3,standard,no
-1.0,53,standard,no
-1.0,53,standard,no
-1.0,13,standard,no
21.818181818181817,84,standard,yes
216.66666666666666,4,standard,no
216.66666666666666,4,standard,no
-1.0,7,standard,yes
-1.0,10,standard,no
11.818181818181818,35,standard,yes
166.66666666666669,3,standard,no
166.66666666666669,3,standard,no
11.818181818181818,35,standard,no
-1.0,3,standard,no
104.0,11,standard,no
-1.0,3,standard,yes
35.333333333333336,51,standard,yes
-1.0,6,standard,no
-1.0,6,standard,no
-1.0,6,standard,no
-1.0,6,standard,yes
8.148148148148149,151,standard,no
36.36363636363637,168,standard,no
8.148148148148149,151,standard,no
8.148148148148149,151,standard,no
8.148148148148149,151,standard,no
-1.0,7,standard,yes
-1.0,13,standard,no
-1.0,13,standard,yes
-1.0,13,standard,no
-1.0,13,standard,no
-1.0,13,standard,no
-1.0,13,standard,no
23.703703703703706,76,standard,no
26.25,10,standard,no
-1.0,12,standard,no
23.703703703703706,76,standard,no
21.818181818181817,126,standard,yes
11.818181818181818,70,standard,no
11.818181818181818,70,standard,no
11.818181818181818,70,standard,no
166.66666666666669,5,standard,no
166.66666666666669,5,standard,no
166.66666666666669,5,standard,no
11.818181818181818,47,standard,no
166.66666666666669,5,standard,no
5.9259259259259265,101,standard,yes
21.48148148148148,78,first class,yes
13.636363636363635,126,standard,no
83.33333333333334,13,standard,no
23.703703703703706,235,first class,no
35.45454545454545,267,first class,no
23.703703703703706,151,standard,no
23.703703703703706,235,first class,no
58.333333333333336,8,standard,no
-1.0,25,standard,no
-1.0,25,standard,no
306.6666666666667,10,standard,no
56.00000000000001,7,standard,no
-1.0,76,standard,no
-1.0,76,standard,no
-1.0,76,standard,no
30.909090909090907,84,standard,no
-1.0,76,standard,no
516.6666666666667,4,standard,no
-1.0,118,first class,no
371.11111111111114,6,standard,no
23.75,29,first class,yes
130.0,2,standard,yes
16.296296296296298,113,standard,yes
-1.0,13,standard,no
15.555555555555555,50,standard,yes
206.66666666666669,3,standard,no
-1.0,12,standard,no
12.592592592592592,76,standard,yes
-1.0,151,standard,no
-1.0,151,standard,yes
371.11111111111114,10,standard,no
16.666666666666664,3,standard,no
-1.0,13,standard,no
38.51851851851852,76,standard,no
38.51851851851852,76,standard,no
38.51851851851852,76,standard,no
38.51851851851852,76,standard,no
38.51851851851852,76,standard,no
38.51851851851852,76,standard,no
-1.0,4,standard,yes
-1.0,4,standard,no
317.77777777777777,10,first class,no
130.0,3,standard,yes
130.0,3,standard,yes
8.076923076923077,43,standard,yes
-1.0,13,standard,no
17.333333333333336,34,first class,yes
206.66666666666669,5,standard,no
206.66666666666669,5,standard,no
206.66666666666669,5,standard,no
206.66666666666669,19,first class,no
206.66666666666669,5,standard,no
-1.0,8,standard,yes
51.24999999999999,4,standard,no
51.24999999999999,4,standard,no
51.24999999999999,4,standard,no
-1.0,2,standard,no
18.181818181818183,56,standard,yes
-1.0,13,standard,no
-1.0,13,standard,yes
7.2727272727272725,35,standard,no
7.2727272727272725,35,standard,no
52.72727272727272,37,standard,no
-1.0,17,standard,yes
-1.0,17,standard,no
33.63636363636363,126,standard,no
33.63636363636363,126,standard,no
-1.0,12,standard,no
-1.0,12,standard,no
-1.0,80,first class,yes
15.555555555555555,118,first class,yes
38.51851851851852,151,standard,no
38.51851851851852,151,standard,no
38.51851851851852,151,standard,no
38.51851851851852,151,standard,no
38.51851851851852,151,standard,no
-1.0,9,standard,yes
160.0,3,standard,no
-1.0,3,standard,yes
-1.0,52,first class,no
-1.0,35,first class,no
-1.0,10,standard,no
-1.0,3,standard,no
51.24999999999999,9,standard,no
51.24999999999999,9,standard,no
51.24999999999999,69,first class,no
51.24999999999999,9,standard,no
51.24999999999999,9,standard,yes
51.24999999999999,69,first class,no
51.24999999999999,9,standard,no
-1.0,3,standard,no
-1.0,3,standard,no
-1.0,31,standard,yes
14.074074074074074,113,standard,yes
7.2727272727272725,70,standard,no
7.2727272727272725,70,standard,no
7.2727272727272725,70,standard,no
7.2727272727272725,70,standard,yes
21.818181818181817,84,standard,yes
-1.0,25,standard,no
19.090909090909093,56,standard,yes
14.074074074074074,50,standard,yes
-1.0,7,standard,no
-1.0,35,standard,yes
-1.0,35,standard,no
-1.0,35,standard,no
-1.0,3,standard,yes
-1.0,128,standard,no
-1.0,3,standard,yes
-1.0,69,first class,no
45.0,13,standard,no
400.0,10,standard,no
-1.0,3,standard,yes
-1.0,3,standard,no
-1.0,13,standard,yes
-1.0,13,standard,no
350.0,14,first class,no
350.0,14,first class,no
40.74074074074074,76,standard,no
67.5,21,standard,no
40.74074074074074,118,first class,no
15.454545454545453,84,standard,no
32.5,11,standard,yes
47.5,7,standard,yes
506.66666666666663,3,standard,no
506.66666666666663,3,standard,no
-1.0,35,standard,yes
21.818181818181817,126,standard,yes
-1.0,114,first class,no
-1.0,114,first class,no
-1.0,70,standard,no
-1.0,70,standard,no
-1.0,70,standard,yes
-1.0,3,standard,yes
-1.0,3,standard,no
-1.0,3,standard,no
-1.0,35,standard,no
-1.0,35,standard,yes
14.545454545454545,126,standard,no
40.74074074074074,113,standard,no
40.74074074074074,113,standard,no
67.5,31,standard,no
40.74074074074074,113,standard,no
-1.0,5,standard,yes
-1.0,19,standard,no
-1.0,19,standard,yes
-1.0,19,standard,no
356.6666666666667,10,first class,no
356.6666666666667,4,standard,no
36.2962962962963,76,standard,no
21.818181818181817,84,standard,no
36.2962962962963,76,standard,no
146.66666666666666,3,standard,yes
47.5,11,standard,yes
47.5,11,standard,yes
-1.0,2,standard,no
516.6666666666667,3,standard,no
516.6666666666667,3,standard,no
-1.0,7,standard,yes
-1.0,4,standard,no
14.814814814814813,76,standard,yes
8.181818181818182,84,standard,yes
-1.0,4,standard,yes
-1.0,4,standard,no
-1.0,35,standard,no
46.666666666666664,3,standard,yes
-1.0,4,standard,yes
-1.0,5,standard,no
-1.0,5,standard,no
-1.0,5,standard,no
-1.0,50,standard,yes
-1.0,50,standard,no
-1.0,70,first class,no
-1.0,50,standard,no
-1.0,8,standard,no
45.0,31,standard,no
36.2962962962963,113,standard,no
36.2962962962963,176,first class,no
36.2962962962963,113,standard,no
36.2962962962963,113,standard,no
-1.0,3,standard,no
-1.0,13,standard,no
33.33333333333333,118,first class,no
33.33333333333333,76,standard,no
33.33333333333333,76,standard,no
33.33333333333333,76,standard,no
-1.0,2,standard,yes
-1.0,2,standard,no
10.0,11,standard,yes
116.66666666666667,2,standard,yes
5.0,7,standard,yes
-1.0,7,standard,no
-1.0,10,standard,no
-1.0,7,standard,no
-1.0,52,first class,no
-1.0,7,standard,no
-1.0,7,standard,no
-1.0,7,standard,no
7.4074074074074066,50,standard,yes
7.5,82,first class,yes
5.333333333333334,11,standard,yes
11.818181818181818,134,first class,yes
114.99999999999999,4,standard,no
114.99999999999999,4,standard,no
114.99999999999999,4,standard,no
114.99999999999999,4,standard,no
114.99999999999999,4,standard,no
-1.0,13,standard,no
-1.0,35,standard,yes
-1.0,3,standard,no
-1.0,3,standard,yes
38.18181818181819,126,standard,no
38.18181818181819,126,standard,no
33.33333333333333,151,standard,no
40.0,168,standard,no
33.33333333333333,151,standard,no
40.0,168,standard,no
33.33333333333333,151,standard,no
-1.0,25,standard,no
-1.0,25,standard,no
-1.0,25,standard,yes
-1.0,47,standard,no
90.0,7,first class,no
90.0,7,first class,no
90.0,2,standard,no
-1.0,25,standard,no
-1.0,3,standard,no
216.66666666666666,4,standard,no
216.66666666666666,4,standard,no
39.25925925925926,76,standard,no
-1.0,7,standard,yes
52.5,7,standard,no
453.3333333333333,3,standard,no
-1.0,3,standard,no
114.99999999999999,9,standard,no
114.99999999999999,9,standard,no
114.99999999999999,69,first class,no
114.99999999999999,9,standard,no
25.333333333333336,11,standard,yes
11.851851851851853,157,first class,no
11.851851851851853,101,standard,yes
-1.0,25,standard,no
-1.0,25,standard,no
-1.0,25,standard,yes
-1.0,7,standard,no
-1.0,5,standard,yes
190.0,3,standard,no
190.0,10,first class,no
170.0,4,standard,yes
33.33333333333333,13,standard,no
26.0,51,standard,yes
-1.0,6,standard,no
-1.0,6,standard,no
46.666666666666664,2,standard,no
-1.0,8,standard,yes
453.3333333333333,4,standard,no
453.3333333333333,4,standard,no
43.63636363636363,84,standard,no
42.96296296296296,118,first class,no
42.96296296296296,76,standard,no
42.96296296296296,76,standard,no
170.0,3,standard,no
331.1111111111111,6,standard,no
436.66666666666663,3,standard,no
436.66666666666663,3,standard,no
-1.0,15,standard,no
-1.0,15,standard,no
-1.0,38,first class,yes
0.7692307692307693,43,standard,yes
190.0,5,standard,no
8.148148148148149,76,standard,yes
190.0,5,standard,no
-1.0,8,standard,no
14.074074074074074,101,standard,yes
-1.0,27,first class,yes
-1.0,13,standard,no
233.33333333333334,3,standard,no
233.33333333333334,3,standard,no
233.33333333333334,3,standard,no
-1.0,3,standard,yes
-1.0,2,standard,yes
-1.0,128,standard,yes
-1.0,5,standard,yes
31.818181818181817,84,standard,no
-1.0,2,standard,no
42.96296296296296,151,standard,no
43.63636363636363,168,standard,no
42.96296296296296,151,standard,no
170.0,3,standard,no
-1.0,4,standard,no
-1.0,7,standard,no
270.0,4,standard,no
-1.0,7,standard,no
-1.0,18,standard,no
-1.0,18,standard,no
41.48148148148148,76,standard,no
41.48148148148148,76,standard,no
41.48148148148148,76,standard,no
436.66666666666663,4,standard,no
-1.0,6,standard,no
436.66666666666663,4,standard,no
41.48148148148148,76,standard,no
41.48148148148148,76,standard,no
23.75,7,standard,no
30.0,10,first class,no
-1.0,36,first class,yes
-1.0,13,standard,no
-1.0,13,standard,yes
88.33333333333333,8,standard,no
30.0,3,standard,yes
30.0,11,standard,yes
533.3333333333333,3,standard,no
-1.0,10,standard,yes
233.33333333333334,5,standard,no
233.33333333333334,5,standard,no
-1.0,3,standard,yes
-1.0,5,standard,yes
31.818181818181817,126,standard,no
6.666666666666667,13,standard,no
-1.0,9,standard,no
-1.0,13,standard,no
270.0,22,first class,no
270.0,7,standard,no
-1.0,5,standard,no
41.48148148148148,151,standard,no
41.48148148148148,151,standard,no
41.48148148148148,235,first class,no
41.48148148148148,151,standard,no
23.75,13,standard,no
-1.0,25,standard,no
-1.0,25,standard,yes
-1.0,25,standard,no
-1.0,35,standard,no
-1.0,35,standard,no
-1.0,54,first class,no
-1.0,41,first class,yes
88.33333333333333,12,standard,no
-1.0,7,standard,no
533.3333333333333,4,standard,no
-1.0,6,standard,yes
42.96296296296296,76,standard,no
42.96296296296296,76,standard,no
42.96296296296296,76,standard,no
45.0,21,standard,no
3.3333333333333335,3,standard,no
-1.0,10,first class,yes
56.666666666666664,2,standard,no
3.3333333333333335,10,first class,yes
56.666666666666664,2,standard,no
-1.0,35,standard,yes
503.3333333333333,3,standard,no
103.33333333333334,3,standard,no
-1.0,19,standard,yes
-1.0,19,standard,no
-1.0,19,standard,no
-1.0,3,standard,yes
-1.0,3,standard,no
8.461538461538462,43,standard,yes
5.185185185185185,101,standard,yes
8.181818181818182,112,standard,yes
-1.0,3,standard,no
-1.0,14,first class,no
-1.0,4,standard,no
-1.0,4,standard,yes
-1.0,13,standard,yes
-1.0,5,standard,no
-1.0,5,standard,no
16.666666666666664,4,standard,no
-1.0,13,standard,yes
37.27272727272727,84,standard,no
-1.0,13,standard,no
42.96296296296296,151,standard,no
42.96296296296296,151,standard,no
42.96296296296296,151,standard,no
42.96296296296296,235,first class,no
42.96296296296296,151,standard,no
22.727272727272727,168,standard,no
42.96296296296296,151,standard,no
42.96296296296296,151,standard,no
42.96296296296296,151,standard,no
42.96296296296296,151,standard,no
42.96296296296296,151,standard,no
42.96296296296296,151,standard,no
56.666666666666664,10,first class,no
-1.0,13,standard,no
-1.0,13,standard,no
-1.0,34,standard,no
36.2962962962963,76,standard,no
36.2962962962963,76,standard,no
45.45454545454545,84,standard,no
36.2962962962963,76,standard,no
36.2962962962963,76,standard,no
351.1111111111111,6,standard,no
351.1111111111111,6,standard,no
-1.0,2,standard,no
103.33333333333334,2,standard,yes
103.33333333333334,7,first class,yes
-1.0,8,standard,yes
-1.0,8,standard,no
86.66666666666667,3,standard,no
3.076923076923077,43,standard,yes
-1.0,2,standard,yes
21.48148148148148,101,standard,yes
-1.0,3,standard,no
-1.0,35,first class,no
11.851851851851853,50,standard,yes
11.851851851851853,50,standard,yes
-1.0,57,first class,no
-1.0,8,standard,no
-1.0,8,standard,yes
-1.0,8,standard,no
-1.0,2,standard,no
-1.0,2,standard,no
12.727272727272727,84,standard,no
-1.0,4,standard,no
-1.0,50,standard,no
-1.0,50,standard,no
40.0,11,standard,no
-1.0,50,standard,no
36.2962962962963,176,first class,no
36.2962962962963,113,standard,no
36.2962962962963,113,standard,no
36.2962962962963,113,standard,no
36.2962962962963,113,standard,no
45.45454545454545,126,standard,no
36.2962962962963,113,standard,no
-1.0,19,standard,no
351.1111111111111,10,standard,no
16.363636363636363,35,standard,no
-1.0,76,standard,no
-1.0,76,standard,no
31.11111111111111,118,first class,no
-1.0,76,standard,no
86.66666666666667,4,standard,no
12.727272727272727,84,standard,no
-1.0,76,standard,no
-1.0,76,standard,no
-1.0,76,standard,no
-1.0,76,standard,no
373.3333333333333,6,standard,no
103.33333333333334,3,standard,yes
-1.0,3,standard,no
-1.0,52,first class,no
-1.0,7,standard,no
-1.0,7,standard,no
-1.0,7,standard,yes
-1.0,7,standard,no
0.38461538461538464,29,standard,yes
11.851851851851853,76,standard,yes
-1.0,13,standard,yes
-1.0,10,standard,no
9.090909090909092,35,standard,no
9.090909090909092,35,standard,no
-1.0,6,first class,yes
-1.0,6,first class,no
26.0,11,standard,no
-1.0,7,standard,yes
-1.0,52,first class,no
16.363636363636363,53,standard,no
-1.0,176,first class,yes
-1.0,176,first class,no
-1.0,113,standard,no
150.0,3,standard,no
150.0,3,standard,no
-1.0,13,standard,yes
46.25,21,standard,no
-1.0,76,standard,no
-1.0,76,standard,no
-1.0,76,standard,no
-1.0,118,first class,no
46.25,7,standard,yes
2.5,7,standard,yes
8.88888888888889,78,first class,yes
23.636363636363637,126,standard,yes
30.0,31,standard,yes
9.090909090909092,53,standard,yes
8.181818181818182,84,standard,yes
8.181818181818182,84,standard,yes
21.48148148148148,50,standard,yes
17.272727272727273,89,first class,yes
-1.0,5,standard,no
-1.0,5,standard,yes
-1.0,5,standard,no
-1.0,5,standard,no
-1.0,24,standard,no
20.0,126,standard,no
8.88888888888889,76,standard,yes
-1.0,35,standard,yes
45.45454545454545,84,standard,no
-1.0,25,standard,no
-1.0,151,standard,no
-1.0,151,standard,no
-1.0,151,standard,yes
1.8181818181818181,57,first class,no
1.8181818181818181,35,standard,no
25.0,21,standard,no
-1.0,76,standard,no
60.0,7,standard,no
-1.0,3,standard,yes
-1.0,6,first class,no
-1.0,3,standard,no
3.3333333333333335,2,standard,yes
-1.0,7,standard,yes
-1.0,8,standard,no
-1.0,54,first class,no
-1.0,8,standard,yes
-1.0,8,standard,no
-1.0,53,standard,yes
6.538461538461539,96,first class,yes
4.0,11,standard,yes
-1.0,10,standard,no
-1.0,10,standard,no
-1.0,8,standard,yes
-1.0,2,standard,yes
-1.0,4,standard,yes
233.33333333333334,3,standard,no
233.33333333333334,3,standard,no
14.545454545454545,35,standard,no
-1.0,35,standard,no
-1.0,35,standard,yes
-1.0,7,standard,yes
45.45454545454545,126,standard,no
-1.0,10,standard,no
-1.0,10,standard,no
11.333333333333332,51,standard,yes
1.8181818181818181,70,standard,no
-1.0,54,first class,yes
48.18181818181818,168,standard,no
13.333333333333334,2,standard,no
-1.0,4,standard,no
291.1111111111111,10,standard,no
39.09090909090909,35,standard,no
-1.0,78,first class,no
8.148148148148149,76,standard,no
8.148148148148149,76,standard,no
8.148148148148149,76,standard,no
50.0,21,standard,no
39.25925925925926,76,standard,no
-1.0,35,standard,yes
-1.0,19,standard,no
-1.0,19,standard,no
-1.0,19,standard,no
-1.0,19,standard,no
4.545454545454546,126,standard,yes
-1.0,70,standard,no
-1.0,70,standard,no
-1.0,70,standard,no
233.33333333333334,5,standard,no
233.33333333333334,5,standard,no
-1.0,13,standard,no
-1.0,13,standard,no
-1.0,13,standard,no
-1.0,2,standard,no
20.0,50,standard,yes
-1.0,17,standard,yes
-1.0,23,standard,yes
-1.0,35,standard,no
-1.0,7,standard,no
10.0,200,first class,no
13.333333333333334,3,standard,no
21.818181818181817,84,standard,no
-1.0,35,standard,yes
8.148148148148149,151,standard,no
8.148148148148149,151,standard,no
8.148148148148149,151,standard,no
8.148148148148149,151,standard,no
-1.0,48,standard,no
-1.0,48,standard,no
266.66666666666663,6,standard,no
-1.0,13,standard,yes
266.66666666666663,4,standard,no
72.0,7,standard,no
9.62962962962963,76,standard,no
9.62962962962963,76,standard,no
536.6666666666666,4,standard,no
156.66666666666666,2,standard,no
83.33333333333334,3,standard,yes
-1.0,3,standard,no
-1.0,15,standard,yes
-1.0,3,standard,no
11.818181818181818,56,standard,yes
-1.0,70,standard,no
-1.0,70,standard,no
-1.0,70,standard,no
-1.0,70,standard,no
-1.0,70,standard,no
-1.0,76,first class,no
-1.0,47,standard,no
17.272727272727273,112,standard,yes
-1.0,35,standard,no
-1.0,57,first class,yes
-1.0,3,standard,no
-1.0,56,standard,yes
-1.0,24,standard,no
18.181818181818183,84,standard,no
-1.0,8,standard,yes
9.62962962962963,151,standard,no
9.62962962962963,151,standard,no
9.62962962962963,151,standard,no
9.62962962962963,151,standard,no
31.851851851851855,76,standard,no
-1.0,6,standard,no
2.5,11,standard,yes
333.33333333333337,3,standard,no
-1.0,19,standard,no
-1.0,41,first class,yes
-1.0,3,standard,no
9.615384615384617,43,standard,yes
-1.0,3,standard,yes
-1.0,144,first class,yes
-1.0,48,standard,yes
-1.0,8,standard,no
-1.0,10,first class,yes
-1.0,8,standard,yes
-1.0,8,standard,no
-1.0,53,standard,yes
-1.0,3,standard,yes
18.181818181818183,126,standard,no
18.181818181818183,126,standard,no
-1.0,8,standard,no
14.074074074074074,76,standard,yes
37.27272727272727,168,standard,no
-1.0,11,standard,no
-1.0,11,standard,yes
-1.0,11,standard,no
-1.0,108,first class,no
44.44444444444444,76,standard,no
44.44444444444444,76,standard,no
44.44444444444444,76,standard,no
380.0,6,first class,no
56.25,11,standard,yes
296.6666666666667,3,standard,no
6.538461538461539,43,standard,yes
6.538461538461539,96,first class,yes
1.8181818181818181,126,standard,yes
-1.0,5,standard,no
-1.0,16,standard,yes
-1.0,7,standard,yes
5.454545454545454,112,standard,yes
45.0,35,first class,yes
-1.0,52,first class,yes
-1.0,19,standard,no
-1.0,19,standard,yes
-1.0,19,standard,no
-1.0,3,standard,yes
-1.0,3,standard,no
-1.0,3,standard,yes
150.0,8,standard,no
-1.0,107,standard,yes
150.0,5,standard,no
22.727272727272727,84,standard,no
44.44444444444444,113,standard,no
44.44444444444444,113,standard,no
44.44444444444444,113,standard,no
44.44444444444444,113,standard,no
37.5,31,standard,no
44.44444444444444,113,standard,no
49.09090909090909,200,first class,no
44.44444444444444,113,standard,no
93.33333333333333,3,standard,no
93.33333333333333,3,standard,no
93.33333333333333,3,standard,no
93.33333333333333,3,standard,no
93.33333333333333,3,standard,no
166.66666666666669,4,standard,no
166.66666666666669,11,first class,no
-1.0,10,first class,no
-1.0,30,first class,no
20.0,76,standard,no
583.3333333333333,4,standard,no
20.0,76,standard,no
20.0,76,standard,no
20.0,118,first class,no
583.3333333333333,4,standard,no
20.0,118,first class,no
355.55555555555554,6,standard,no
146.66666666666666,2,standard,no
146.66666666666666,2,standard,no
146.66666666666666,2,standard,no
-1.0,77,standard,yes
17.5,19,first class,yes
303.3333333333333,3,standard,no
113.33333333333333,7,first class,no
16.363636363636363,126,standard,yes
-1.0,4,standard,no
-1.0,4,standard,no
11.11111111111111,76,standard,yes
10.909090909090908,56,standard,yes
-1.0,2,standard,no
-1.0,13,standard,yes
-1.0,3,standard,yes
-1.0,3,standard,no
-1.0,2,standard,no
-1.0,6,first class,yes
-1.0,2,standard,no
-1.0,15,standard,yes
-1.0,12,standard,no
-1.0,107,standard,yes
27.27272727272727,84,standard,no
166.66666666666669,5,standard,no
-1.0,5,standard,no
-1.0,5,standard,yes
-1.0,14,standard,yes
20.0,113,standard,no
20.0,113,standard,no
20.0,113,standard,no
20.0,113,standard,no
20.0,113,standard,no
20.0,113,standard,no
20.0,113,standard,no
-1.0,126,standard,no
-1.0,26,standard,no
-1.0,26,standard,no
-1.0,26,standard,no
355.55555555555554,10,standard,no
146.66666666666666,3,standard,no
-1.0,15,standard,yes
-1.0,15,standard,no
37.77777777777778,76,standard,no
37.77777777777778,76,standard,no
37.77777777777778,118,first class,no
37.77777777777778,76,standard,no
113.33333333333333,3,standard,yes
20.74074074074074,113,standard,yes
0.7692307692307693,43,standard,yes
-1.0,6,first class,no
-1.0,4,standard,no
-1.0,4,standard,no
8.148148148148149,50,standard,yes
8.148148148148149,50,standard,yes
-1.0,2,standard,yes
-1.0,2,standard,no
-1.0,3,standard,yes
36.666666666666664,13,standard,no
11.11111111111111,76,standard,yes
-1.0,29,standard,no
-1.0,16,standard,yes
-1.0,29,standard,no
-1.0,16,standard,no
-1.0,16,standard,no
37.77777777777778,151,standard,no
37.77777777777778,151,standard,no
37.77777777777778,235,first class,no
-1.0,47,standard,yes
-1.0,72,standard,yes
-1.0,18,standard,yes
-1.0,18,standard,no
33.75,21,standard,no
36.2962962962963,76,standard,no
30.37037037037037,76,standard,no
31.11111111111111,76,standard,no
5.0,11,standard,yes
13.333333333333334,2,standard,yes
-1.0,35,standard,yes
-1.0,8,standard,yes
8.148148148148149,113,standard,yes
2.6923076923076925,29,standard,yes
-1.0,7,standard,yes
-1.0,4,standard,no
-1.0,57,first class,no
2.2222222222222223,50,standard,yes
10.0,56,standard,yes
-1.0,2,standard,yes
220.00000000000003,3,standard,no
220.00000000000003,3,standard,no
220.00000000000003,3,standard,no
220.00000000000003,3,standard,no
19.090909090909093,35,standard,no
19.090909090909093,35,standard,no
19.090909090909093,35,standard,no
30.909090909090907,37,standard,no
30.37037037037037,151,standard,no
30.37037037037037,151,standard,no
9.090909090909092,168,standard,no
-1.0,35,standard,no
-1.0,35,standard,no
-1.0,35,standard,no
-1.0,13,standard,no
-1.0,7,standard,no
-1.0,7,standard,no
-1.0,7,standard,yes
-1.0,47,standard,yes
-1.0,47,standard,no
8.75,31,standard,yes
19.090909090909093,70,standard,no
-1.0,41,standard,no
220.00000000000003,5,standard,no
19.090909090909093,114,first class,yes
41.81818181818181,59,first class,no
42.72727272727273,200,first class,no
-1.0,8,standard,yes
113.33333333333333,3,standard,no
11.11111111111111,151,standard,no
11.11111111111111,151,standard,no
11.11111111111111,151,standard,no
11.11111111111111,151,standard,no
14.545454545454545,168,standard,no
11.11111111111111,151,standard,no
11.11111111111111,151,standard,no
83.33333333333334,8,standard,no
-1.0,35,standard,no
-1.0,35,standard,no
-1.0,35,standard,no
-1.0,35,standard,yes
-1.0,13,standard,no
0.9090909090909091,35,standard,no
0.9090909090909091,35,standard,no
8.0,7,standard,no
39.25925925925926,76,standard,no
39.25925925925926,76,standard,no
96.66666666666667,4,standard,no
446.6666666666667,2,standard,no
22.5,29,first class,yes
-1.0,7,standard,yes
88.33333333333333,19,standard,no
88.33333333333333,41,first class,no
-1.0,8,standard,no
-1.0,52,first class,no
-1.0,7,standard,no
14.545454545454545,126,standard,yes
229.99999999999997,5,standard,no
229.99999999999997,5,standard,no
229.99999999999997,5,standard,no
229.99999999999997,19,first class,no
229.99999999999997,5,standard,no
229.99999999999997,5,standard,no
229.99999999999997,19,first class,no
229.99999999999997,5,standard,no
229.99999999999997,5,standard,no
75.0,27,first class,no
11.11111111111111,101,standard,yes
16.363636363636363,112,standard,yes
16.363636363636363,112,standard,yes
-1.0,3,standard,no
-1.0,10,standard,no
-1.0,10,standard,no
-1.0,35,standard,yes
-1.0,11,standard,no
-1.0,11,standard,no
-1.0,17,standard,yes
-1.0,5,standard,yes
23.636363636363637,84,standard,no
39.25925925925926,151,standard,no
39.25925925925926,151,standard,no
43.333333333333336,2,standard,no
446.6666666666667,3,standard,no
-1.0,35,standard,yes
-1.0,23,standard,no
56.25,10,standard,no
31.851851851851855,76,standard,no
31.851851851851855,76,standard,no
-1.0,13,standard,yes
-1.0,13,standard,no
46.25,7,standard,yes
53.75,7,standard,no
-1.0,8,standard,no
-1.0,3,standard,no
-1.0,3,standard,yes
-1.0,3,standard,no
-1.0,4,standard,yes
6.538461538461539,96,first class,yes
96.66666666666667,13,standard,no
96.66666666666667,13,standard,no
96.66666666666667,13,standard,no
45.0,4,standard,yes
-1.0,3,standard,no
193.33333333333334,3,standard,no
193.33333333333334,3,standard,no
-1.0,8,standard,no
-1.0,57,first class,no
-1.0,8,standard,no
-1.0,35,standard,yes
-1.0,8,standard,no
-1.0,7,standard,yes
-1.0,7,standard,no
36.36363636363637,37,standard,no
-1.0,2,standard,no
-1.0,2,standard,no
23.636363636363637,126,standard,no
30.0,11,standard,no
23.636363636363637,126,standard,no
20.0,84,standard,no
7.2727272727272725,84,standard,no
-1.0,70,standard,no
-1.0,70,standard,no
-1.0,3,standard,no
-1.0,8,standard,no
-1.0,8,standard,yes
31.851851851851855,151,standard,no
31.851851851851855,235,first class,no
31.851851851851855,151,standard,no
31.851851851851855,151,standard,no
31.851851851851855,151,standard,no
-1.0,3,standard,yes
-1.0,8,standard,no
39.09090909090909,35,standard,no
-1.0,8,standard,no
-1.0,8,standard,yes
-1.0,13,standard,no
-1.0,13,standard,no
-1.0,13,standard,yes
31.11111111111111,118,first class,no
22.22222222222222,76,standard,no
21.48148148148148,76,standard,no
31.11111111111111,76,standard,no
52.5,21,standard,no
36.36363636363637,84,standard,no
-1.0,13,standard,no
31.11111111111111,76,standard,no
-1.0,6,standard,yes
22.727272727272727,84,standard,no
31.11111111111111,76,standard,no
49.09090909090909,84,standard,no
-1.0,15,standard,yes
153.33333333333334,6,first class,no
24.545454545454547,23,standard,no
-1.0,128,standard,yes
543.3333333333334,3,standard,no
33.33333333333333,2,standard,no
130.0,2,standard,no
-1.0,8,standard,yes
-1.0,8,standard,no
45.0,9,standard,no
45.0,9,standard,no
-1.0,2,standard,no
-1.0,70,standard,no
-1.0,70,standard,no
-1.0,70,standard,no
-1.0,70,standard,no
-1.0,70,standard,no
193.33333333333334,5,standard,no
193.33333333333334,5,standard,no
193.33333333333334,5,standard,no
-1.0,16,standard,no
-1.0,16,standard,no
-1.0,16,standard,no
-1.0,16,standard,no
-1.0,16,standard,no
-1.0,13,standard,no
18.75,4,standard,yes
-1.0,4,standard,yes
150.0,3,standard,no
146.66666666666666,10,first class,no
20.909090909090907,35,standard,yes
-1.0,3,standard,no
-1.0,3,standard,yes
-1.0,3,standard,no
-1.0,18,first class,no
-1.0,12,standard,no
-1.0,7,standard,no
26.36363636363636,84,standard,no
-1.0,22,standard,no
20.0,84,standard,no
26.36363636363636,84,standard,no
-1.0,22,standard,yes
-1.0,59,first class,no
-1.0,22,standard,no
38.333333333333336,18,first class,no
-1.0,50,standard,yes
31.11111111111111,113,standard,no
31.11111111111111,113,standard,no
31.11111111111111,113,standard,no
31.11111111111111,113,standard,no
31.11111111111111,176,first class,no
-1.0,19,standard,yes
124.44444444444444,10,standard,no
-1.0,13,standard,no
-1.0,13,standard,no
-1.0,18,standard,no
-1.0,13,standard,no
-1.0,18,standard,no
-1.0,34,standard,yes
-1.0,76,standard,no
42.22222222222222,76,standard,no
36.2962962962963,76,standard,no
-1.0,76,standard,no
-1.0,76,standard,no
38.51851851851852,118,first class,no
11.11111111111111,76,standard,no
-1.0,76,standard,no
-1.0,76,standard,no
58.333333333333336,8,standard,no
22.5,11,standard,yes
10.909090909090908,23,standard,no
11.818181818181818,23,standard,no
55.00000000000001,7,standard,yes
3.3333333333333335,7,first class,yes
52.5,7,standard,yes
-1.0,7,standard,yes
11.851851851851853,50,standard,yes
22.727272727272727,56,standard,yes
6.923076923076923,29,standard,yes
-1.0,7,standard,no
1.9230769230769231,64,first class,yes
-1.0,7,standard,no
-1.0,7,standard,no
-1.0,4,standard,no
-1.0,4,standard,no
5.0,29,standard,yes
7.4074074074074066,76,standard,yes
7.2727272727272725,84,standard,yes
66.25,4,standard,yes
18.75,4,standard,no
-1.0,7,standard,no
-1.0,7,standard,no
8.88888888888889,50,standard,yes
18.181818181818183,56,standard,yes
14.074074074074074,50,standard,yes
-1.0,21,standard,yes
150.0,3,standard,no
14.545454545454545,35,standard,yes
17.272727272727273,35,standard,no
-1.0,13,standard,yes
-1.0,13,standard,no
-1.0,4,standard,no
-1.0,72,standard,yes
23.636363636363637,37,standard,no
-1.0,7,standard,yes
-1.0,12,standard,yes
14.545454545454545,84,standard,no
43.333333333333336,3,standard,no
-1.0,113,standard,no
-1.0,113,standard,no
-1.0,113,standard,yes
-1.0,19,standard,no
-1.0,19,standard,yes
-1.0,19,standard,no
-1.0,19,standard,no
-1.0,2,standard,no
-1.0,18,standard,yes
-1.0,18,standard,no
-1.0,13,standard,yes
-1.0,13,standard,no
80.0,7,standard,no
-1.0,34,standard,no
-1.0,76,standard,no
38.51851851851852,76,standard,no
22.22222222222222,76,standard,no
17.037037037037038,76,standard,no
33.33333333333333,76,standard,no
22.962962962962962,76,standard,no
36.2962962962963,76,standard,no
50.0,84,standard,no
-1.0,72,first class,no
15.555555555555555,76,standard,no
42.22222222222222,76,standard,no
34.074074074074076,76,standard,no
395.55555555555554,6,standard,no
503.3333333333333,3,standard,no
113.33333333333333,2,standard,no
-1.0,11,standard,no
-1.0,2,standard,no
-1.0,11,standard,no
6.666666666666667,50,standard,yes
-1.0,11,standard,no
-1.0,2,standard,no
2.727272727272727,126,standard,yes
150.0,4,standard,no
150.0,4,standard,no
7.307692307692308,29,standard,yes
150.0,4,standard,no
-1.0,72,standard,no
-1.0,3,standard,no
123.75,4,standard,no
102.49999999999999,4,standard,no
-1.0,3,standard,yes
14.074074074074074,78,first class,yes
9.62962962962963,50,standard,no
-1.0,2,standard,no
-1.0,2,standard,no
-1.0,5,standard,no
-1.0,3,standard,no
-1.0,50,standard,yes
10.909090909090908,126,standard,no
-1.0,57,first class,yes
26.36363636363636,84,standard,no
45.45454545454545,84,standard,no
6.666666666666667,3,standard,no
45.45454545454545,84,standard,no
-1.0,67,standard,yes
-1.0,35,standard,yes
17.037037037037038,151,standard,no
17.037037037037038,151,standard,no
17.037037037037038,151,standard,no
75.0,13,standard,no
391.1111111111111,10,standard,no
-1.0,3,standard,no
-1.0,10,first class,yes
-1.0,13,standard,no
-1.0,9,standard,yes
38.51851851851852,76,standard,no
15.555555555555555,118,first class,no
40.0,76,standard,no
38.51851851851852,76,standard,no
33.33333333333333,76,standard,no
34.81481481481482,76,standard,no
380.0,3,standard,no
66.66666666666666,6,standard,no
126.66666666666666,6,first class,no
6.666666666666667,2,standard,no
-1.0,8,standard,no
-1.0,8,standard,no
25.333333333333336,17,standard,yes
-1.0,3,standard,no
-1.0,5,standard,yes
-1.0,2,standard,no
-1.0,2,standard,no
-1.0,10,first class,yes
14.545454545454545,70,standard,no
5.454545454545454,84,standard,yes
8.461538461538462,29,standard,yes
70.0,13,standard,no
14.074074074074074,101,standard,yes
-1.0,10,standard,no
-1.0,10,standard,no
123.75,4,standard,no
15.555555555555555,50,standard,yes
23.636363636363637,56,standard,yes
23.636363636363637,89,first class,yes
-1.0,2,standard,no
-1.0,8,standard,yes
-1.0,7,first class,no
-1.0,8,standard,no
-1.0,54,first class,no
17.272727272727273,35,standard,no
-1.0,13,standard,yes
-1.0,53,standard,yes
51.66666666666667,8,standard,no
34.81481481481482,151,standard,no
34.81481481481482,151,standard,no
34.81481481481482,151,standard,no
34.81481481481482,151,standard,no
34.81481481481482,151,standard,no
34.81481481481482,151,standard,no
37.27272727272727,168,standard,no
-1.0,35,standard,yes
380.0,3,standard,no
6.666666666666667,3,standard,no
11.818181818181818,35,standard,no
9.090909090909092,35,standard,no
-1.0,36,first class,yes
-1.0,8,standard,no
-1.0,13,standard,no
-1.0,13,standard,no
42.96296296296296,76,standard,no
40.74074074074074,76,standard,no
22.22222222222222,76,standard,no
40.0,76,standard,no
42.96296296296296,76,standard,no
21.48148148148148,118,first class,no
21.48148148148148,76,standard,no
42.96296296296296,76,standard,no
44.44444444444444,76,standard,no
16.363636363636363,84,standard,no
1.25,11,standard,yes
40.0,3,standard,yes
52.5,7,standard,yes
16.666666666666664,2,standard,yes
5.0,7,standard,yes
76.25,52,first class,no
-1.0,19,standard,no
-1.0,8,standard,no
1.4814814814814816,50,standard,yes
18.75,4,standard,no
18.75,4,standard,no
66.25,4,standard,no
8.148148148148149,50,standard,yes
103.33333333333334,3,standard,no
120.0,3,standard,no
120.0,3,standard,no
-1.0,13,standard,yes
120.0,3,standard,no
-1.0,2,standard,no
27.333333333333332,77,standard,yes
-1.0,17,standard,no
20.0,84,standard,no
-1.0,16,standard,yes
-1.0,25,standard,yes
25.0,8,standard,no
42.96296296296296,151,standard,no
42.96296296296296,151,standard,no
42.96296296296296,151,standard,no
-1.0,2,standard,no
-1.0,2,standard,no
-1.0,2,standard,no
39.09090909090909,57,first class,no
-1.0,15,standard,no
-1.0,8,standard,no
11.11111111111111,76,standard,no
25.185185185185183,76,standard,no
25.185185185185183,76,standard,no
40.74074074074074,76,standard,no
25.185185185185183,76,standard,no
25.185185185185183,76,standard,no
-1.0,76,standard,no
-1.0,13,standard,no
-1.0,118,first class,no
25.185185185185183,76,standard,no
20.909090909090907,84,standard,no
25.185185185185183,76,standard,no
50.0,7,standard,no
53.75,7,standard,no
490.00000000000006,2,standard,no
430.0,2,standard,no
6.363636363636363,23,standard,no
113.33333333333333,2,standard,yes
36.25,19,first class,yes
-1.0,5,standard,yes
133.33333333333331,3,standard,no
-1.0,5,standard,no
-1.0,3,standard,no
-1.0,52,first class,no
1.4814814814814816,50,standard,yes
120.0,5,standard,no
120.0,5,standard,no
16.363636363636363,134,first class,yes
8.148148148148149,101,standard,yes
-1.0,2,standard,no
203.33333333333331,3,standard,no
-1.0,48,standard,no
39.09090909090909,47,standard,no
27.27272727272727,84,standard,no
-1.0,22,standard,no
-1.0,3,standard,no
45.0,41,standard,no
25.185185185185183,151,standard,no
9.090909090909092,35,standard,no
9.090909090909092,57,first class,no
-1.0,15,standard,no
-1.0,4,standard,no
-1.0,13,standard,no
-1.0,18,standard,yes
-1.0,13,standard,no
15.555555555555555,76,standard,no
-1.0,48,standard,no
22.22222222222222,76,standard,no
36.2962962962963,76,standard,no
22.22222222222222,76,standard,no
-1.0,48,standard,no
-1.0,12,standard,yes
22.22222222222222,76,standard,no
22.22222222222222,76,standard,no
22.22222222222222,76,standard,no
40.0,76,standard,no
22.962962962962962,76,standard,no
113.33333333333333,3,standard,no
38.75,7,standard,no
380.0,2,standard,no
113.33333333333333,3,standard,yes
51.24999999999999,7,standard,yes
-1.0,7,standard,no
-1.0,31,standard,no
-1.0,39,first class,yes
16.363636363636363,56,standard,yes
203.33333333333331,5,standard,no
203.33333333333331,5,standard,no
203.33333333333331,5,standard,no
2.9629629629629632,76,standard,yes
203.33333333333331,5,standard,no
203.33333333333331,5,standard,no
203.33333333333331,5,standard,no
203.33333333333331,5,standard,no
-1.0,2,standard,yes
123.75,4,standard,no
41.25,4,standard,no
71.25,4,standard,no
-1.0,2,standard,no
18.51851851851852,50,standard,yes
-1.0,16,standard,yes
166.66666666666669,3,standard,no
176.66666666666666,3,standard,no
-1.0,8,standard,no
22.0,8,standard,no
43.333333333333336,3,standard,no
90.0,8,standard,no
-1.0,3,standard,yes
23.636363636363637,267,first class,no
70.0,41,standard,no
22.22222222222222,151,standard,no
-1.0,35,standard,no
86.66666666666667,2,standard,no
395.55555555555554,15,first class,no
-1.0,2,standard,no
180.0,6,standard,no
-1.0,13,standard,no
-1.0,34,standard,no
-1.0,3,standard,yes
42.22222222222222,76,standard,no
42.96296296296296,76,standard,no
42.96296296296296,76,standard,no
-1.0,76,standard,yes
18.75,21,standard,no
42.96296296296296,76,standard,no
38.51851851851852,76,standard,no
42.96296296296296,76,standard,no
143.33333333333334,6,first class,no
8.75,11,standard,yes
17.272727272727273,23,standard,no
1.25,7,standard,yes
130.0,7,first class,yes
36.666666666666664,2,standard,yes
-1.0,8,standard,no
-1.0,8,standard,yes
-1.0,7,standard,yes
9.62962962962963,50,standard,yes
20.0,50,standard,yes
103.33333333333334,3,standard,no
-1.0,35,standard,no
20.909090909090907,35,standard,no
-1.0,10,standard,no
-1.0,10,standard,no
-1.0,13,standard,yes
-1.0,53,standard,no
86.66666666666667,3,standard,no
11.818181818181818,134,first class,no
11.666666666666666,8,standard,no
-1.0,22,standard,no
42.96296296296296,113,standard,no
42.96296296296296,113,standard,no
353.3333333333333,10,standard,no
-1.0,52,first class,no
-1.0,32,first class,yes
-1.0,13,standard,no
11.11111111111111,76,standard,no
40.0,21,standard,no
-1.0,76,standard,no
15.555555555555555,76,standard,no
38.75,4,standard,no
-1.0,13,standard,no
-1.0,8,standard,no
-1.0,54,first class,no
52.5,7,standard,yes
18.75,7,standard,no
18.75,7,standard,no
-1.0,4,standard,yes
18.75,7,standard,no
-1.0,2,standard,no
32.5,21,standard,yes
8.846153846153847,29,standard,yes
9.62962962962963,76,standard,yes
9.62962962962963,76,standard,yes
-1.0,2,standard,no
13.333333333333334,50,standard,yes
17.037037037037038,50,standard,yes
9.62962962962963,50,standard,yes
20.74074074074074,50,standard,yes
166.66666666666669,3,standard,no
17.272727272727273,35,standard,no
-1.0,8,standard,yes
9.090909090909092,35,standard,no
11.818181818181818,35,standard,no
-1.0,7,standard,no
-1.0,13,standard,no
-1.0,13,standard,no
-1.0,13,standard,no
-1.0,18,standard,no
10.0,35,standard,no
-1.0,47,first class,no
22.962962962962962,118,first class,no
31.25,10,standard,no
-1.0,13,standard,no
33.33333333333333,76,standard,no
-1.0,76,standard,yes
3.3333333333333335,3,standard,no
52.5,11,standard,yes
130.0,2,standard,no
-1.0,7,standard,no
-1.0,7,standard,no
-1.0,2,standard,no
0.7692307692307693,64,first class,yes
9.62962962962963,76,standard,yes
18.51851851851852,50,standard,yes
8.88888888888889,50,standard,yes
18.181818181818183,56,standard,yes
-1.0,16,standard,no
-1.0,2,standard,yes
-1.0,3,standard,no
-1.0,10,first class,no
-1.0,3,standard,no
-1.0,35,standard,no
26.36363636363636,84,standard,no
20.0,3,standard,no
17.272727272727273,84,standard,no
-1.0,67,standard,no
100.0,2,standard,no
-1.0,25,standard,no
100.0,7,first class,no
-1.0,2,standard,no
-1.0,15,standard,no
-1.0,13,standard,yes
-1.0,13,standard,no
-1.0,18,standard,no
-1.0,18,standard,no
36.2962962962963,76,standard,no
76.25,10,standard,no
22.962962962962962,76,standard,no
11.11111111111111,76,standard,no
37.77777777777778,76,standard,no
50.0,7,standard,no
-1.0,13,standard,yes
-1.0,2,standard,yes
-1.0,35,standard,yes
5.9259259259259265,50,standard,yes
-1.0,3,standard,no
166.66666666666669,5,standard,no
13.333333333333334,101,standard,yes
-1.0,35,standard,yes
66.25,4,standard,no
73.75,35,first class,no
13.636363636363635,56,standard,yes
13.636363636363635,56,standard,yes
-1.0,31,standard,no
-1.0,31,standard,no
-1.0,31,standard,yes
-1.0,31,standard,no
103.33333333333334,3,standard,no
-1.0,3,standard,no
-1.0,8,standard,no
-1.0,3,standard,no
-1.0,10,standard,no
-1.0,35,standard,yes
-1.0,72,standard,yes
14.545454545454545,84,standard,yes
-1.0,22,standard,no
36.2962962962963,151,standard,no
36.2962962962963,151,standard,no
36.2962962962963,151,standard,no
36.2962962962963,151,standard,no
36.2962962962963,151,standard,no
-1.0,25,standard,no
-1.0,35,standard,no
-1.0,35,standard,no
335.55555555555554,15,first class,no
-1.0,4,standard,no
-1.0,4,standard,yes
-1.0,18,standard,yes
-1.0,13,standard,yes
-1.0,72,first class,no
21.48148148148148,76,standard,no
42.22222222222222,76,standard,no
-1.0,2,standard,yes
490.00000000000006,2,standard,no
10.0,11,standard,yes
6.363636363636363,35,standard,no
-1.0,10,first class,no
42.5,7,standard,yes
126.66666666666666,3,standard,no
-1.0,19,standard,yes
-1.0,2,standard,no
20.909090909090907,84,standard,yes
-1.0,2,standard,no
20.74074074074074,101,standard,yes
20.74074074074074,101,standard,yes
123.75,4,standard,no
123.75,4,standard,no
123.75,35,first class,no
20.0,50,standard,yes
14.074074074074074,50,standard,yes
17.272727272727273,57,first class,yes
-1.0,13,standard,no
-1.0,35,standard,no
-1.0,2,standard,yes
83.33333333333334,4,standard,no
-1.0,13,standard,yes
-1.0,53,standard,yes
21.48148148148148,76,standard,yes
26.36363636363636,84,standard,no
26.36363636363636,134,first class,no
-1.0,3,standard,no
15.555555555555555,151,standard,no
15.555555555555555,151,standard,no
15.555555555555555,151,standard,no
-1.0,5,standard,no
-1.0,25,standard,no
-1.0,25,standard,no
-1.0,3,standard,no
106.66666666666667,12,standard,no
11.818181818181818,35,standard,no
-1.0,8,standard,no
-1.0,8,standard,yes
11.818181818181818,35,standard,no
-1.0,10,first class,no
-1.0,15,standard,no
11.11111111111111,76,standard,no
32.72727272727273,84,standard,no
33.33333333333333,76,standard,no
-1.0,13,standard,no
78.33333333333333,8,standard,no
42.5,11,standard,yes
16.666666666666664,2,standard,no
3.75,7,standard,yes
103.33333333333334,2,standard,yes
33.33333333333333,2,standard,no
-1.0,8,standard,yes
-1.0,12,standard,yes
123.75,9,standard,no
123.75,9,standard,no
-1.0,3,standard,no
-1.0,3,standard,no
-1.0,3,standard,no
-1.0,5,standard,yes
41.25,4,standard,yes
41.25,4,standard,no
41.25,4,standard,no
-1.0,7,standard,yes
-1.0,7,standard,no
1.4814814814814816,50,standard,yes
-1.0,13,first class,yes
-1.0,2,standard,no
-1.0,3,standard,no
176.66666666666666,3,standard,no
-1.0,3,standard,no
176.66666666666666,3,standard,no
-1.0,7,standard,yes
-1.0,8,standard,no
-1.0,8,standard,no
-1.0,57,first class,no
-1.0,17,standard,yes
-1.0,5,standard,no
11.11111111111111,151,standard,no
11.11111111111111,151,standard,no
50.0,41,standard,no
11.11111111111111,151,standard,no
9.090909090909092,35,standard,no
42.22222222222222,76,standard,no
22.962962962962962,76,standard,no
37.77777777777778,76,standard,no
-1.0,10,first class,yes
103.33333333333334,2,standard,no
8.181818181818182,23,standard,no
26.25,7,standard,yes
-1.0,8,standard,no
-1.0,8,standard,no
-1.0,8,standard,no
-1.0,8,standard,yes
41.25,9,standard,no
-1.0,114,first class,yes
-1.0,3,standard,no
176.66666666666666,5,standard,no
-1.0,2,standard,no
16.363636363636363,112,standard,yes
66.25,4,standard,no
71.25,4,standard,no
102.49999999999999,4,standard,no
-1.0,3,standard,no
-1.0,3,standard,yes
-1.0,72,standard,no
7.2727272727272725,200,first class,no
-1.0,5,standard,no
5.454545454545454,84,standard,no
-1.0,3,standard,yes
42.22222222222222,151,standard,no
-1.0,3,standard,yes
-1.0,7,first class,no
-1.0,15,standard,no
-1.0,7,standard,no
-1.0,76,standard,no
40.74074074074074,76,standard,no
21.48148148148148,76,standard,no
40.0,76,standard,no
38.51851851851852,76,standard,no
22.962962962962962,76,standard,no
-1.0,13,standard,no
-1.0,13,standard,no
126.66666666666666,2,standard,no
36.25,7,standard,yes
-1.0,3,standard,yes
-1.0,35,standard,no
102.49999999999999,4,standard,no
102.49999999999999,4,standard,no
66.25,4,standard,no
73.75,4,standard,no
10.909090909090908,56,standard,yes
13.333333333333334,78,first class,yes
10.909090909090908,56,standard,yes
-1.0,2,standard,no
103.33333333333334,3,standard,no
-1.0,7,standard,no
-1.0,8,standard,no
-1.0,8,standard,no
17.272727272727273,35,standard,no
-1.0,13,standard,yes
-1.0,8,standard,no
35.45454545454545,126,standard,no
-1.0,19,standard,no
-1.0,2,standard,no
126.66666666666666,3,standard,no
-1.0,7,standard,no
-1.0,4,standard,no
-1.0,7,standard,no
33.33333333333333,76,standard,no
44.44444444444444,76,standard,no
496.6666666666667,14,first class,no
-1.0,13,standard,no
-1.0,13,standard,no
11.818181818181818,23,standard,no
503.3333333333333,3,standard,no
20.0,2,standard,no
20.909090909090907,84,standard,yes
-1.0,12,standard,no
-1.0,8,standard,no
-1.0,12,standard,no
-1.0,3,standard,no
-1.0,12,standard,yes
71.25,4,standard,no
73.75,4,standard,no
73.75,4,standard,no
10.37037037037037,50,standard,yes
-1.0,2,standard,no
146.66666666666666,3,standard,no
-1.0,54,first class,no
-1.0,3,standard,yes
-1.0,8,standard,no
-1.0,3,standard,yes
-1.0,3,standard,no
51.81818181818182,37,standard,no
44.0,11,standard,no
-1.0,53,standard,no
-1.0,5,standard,yes
-1.0,71,standard,no
-1.0,107,standard,yes
9.090909090909092,57,first class,no
-1.0,18,standard,no
-1.0,7,standard,yes
44.44444444444444,118,first class,no
34.074074074074076,76,standard,no
38.51851851851852,76,standard,no
33.33333333333333,76,standard,no
44.44444444444444,118,first class,no
23.75,11,standard,yes
23.333333333333332,2,standard,yes
170.0,3,standard,no
536.6666666666666,3,standard,no
-1.0,3,standard,no
4.230769230769231,29,standard,yes
-1.0,4,standard,no
73.75,4,standard,no
73.75,4,standard,no
1.4814814814814816,50,standard,yes
1.4814814814814816,50,standard,no
-1.0,2,standard,no
-1.0,7,standard,no
17.272727272727273,35,standard,no
-1.0,13,standard,no
17.333333333333336,51,standard,yes
95.0,12,standard,no
-1.0,3,standard,yes
-1.0,15,standard,yes
-1.0,13,standard,yes
34.074074074074076,76,standard,no
49.09090909090909,84,standard,no
360.0,10,first class,no
21.25,7,standard,yes
503.3333333333333,10,first class,no
-1.0,8,standard,no
-1.0,8,standard,no
-1.0,13,standard,yes
73.75,35,first class,no
1.8181818181818181,56,standard,yes
-1.0,3,standard,no
-1.0,13,standard,yes
102.0,8,standard,no
-1.0,6,standard,no
40.909090909090914,168,standard,no
34.074074074074076,151,standard,no
40.909090909090914,168,standard,no
-1.0,18,standard,no
-1.0,13,standard,no
-1.0,13,standard,no
38.51851851851852,76,standard,no
21.48148148148148,76,standard,no
38.51851851851852,76,standard,no
106.66666666666667,2,standard,no
536.6666666666666,10,first class,no
4.545454545454546,84,standard,yes
70.0,13,standard,no
-1.0,5,standard,yes
102.49999999999999,4,standard,no
-1.0,2,standard,yes
-1.0,2,standard,yes
-1.0,7,standard,yes
20.909090909090907,35,standard,no
-1.0,5,standard,no
-1.0,27,first class,no
-1.0,13,standard,no
102.0,8,standard,no
38.51851851851852,151,standard,no
-1.0,25,standard,no
-1.0,25,standard,no
-1.0,25,standard,no
-1.0,18,standard,no
33.33333333333333,76,standard,no
14.545454545454545,134,first class,no
40.74074074074074,76,standard,no
40.0,76,standard,no
68.75,10,standard,no
20.0,3,standard,no
20.0,3,standard,yes
-1.0,8,standard,yes
-1.0,8,standard,no
1.9230769230769231,29,standard,yes
-1.0,11,standard,yes
-1.0,16,standard,no
-1.0,13,standard,no
73.75,4,standard,no
-1.0,7,standard,yes
17.272727272727273,56,standard,yes
-1.0,19,standard,yes
-1.0,10,first class,yes
-1.0,1,standard,yes
-1.0,17,standard,no
-1.0,3,standard,no
33.33333333333333,151,standard,no
33.33333333333333,151,standard,no
33.33333333333333,151,standard,no
33.33333333333333,151,standard,no
296.6666666666667,6,standard,no
-1.0,18,standard,no
45.0,55,first class,no
-1.0,118,first class,no
37.77777777777778,76,standard,no
-1.0,12,standard,no
33.33333333333333,2,standard,no
71.25,9,standard,no
73.75,4,standard,no
146.66666666666666,3,standard,no
-1.0,7,standard,no
-1.0,8,standard,no
24.666666666666668,77,standard,yes
6.363636363636363,126,standard,no
160.0,3,standard,yes
-1.0,13,standard,no
40.74074074074074,118,first class,no
16.363636363636363,84,standard,no
430.0,10,first class,no
6.25,11,standard,yes
33.33333333333333,2,standard,yes
536.6666666666666,3,standard,no
543.3333333333334,3,standard,no
-1.0,5,standard,no
102.49999999999999,4,standard,no
73.75,4,standard,no
-1.0,2,standard,no
-1.0,7,standard,no
-1.0,5,standard,no
-1.0,3,standard,no
536.6666666666666,4,standard,no
37.77777777777778,76,standard,no
22.962962962962962,118,first class,no
-1.0,35,standard,yes
-1.0,7,standard,yes
-1.0,3,standard,no
146.66666666666666,3,standard,no
-1.0,72,standard,no
-1.0,8,standard,no
-1.0,8,standard,yes
-1.0,15,standard,no
37.77777777777778,76,standard,no
-1.0,6,standard,yes
103.33333333333334,4,standard,no
49.09090909090909,84,standard,no
108.33333333333333,8,standard,no
102.49999999999999,7,standard,no
102.49999999999999,7,standard,no
8.75,21,standard,yes
73.75,4,standard,no
146.66666666666666,10,first class,no
-1.0,7,standard,no
-1.0,48,standard,yes
17.272727272727273,84,standard,no
348.8888888888889,10,standard,no
14.814814814814813,50,standard,yes
-1.0,3,standard,no
5.0,43,standard,yes
-1.0,5,standard,no
146.66666666666666,3,standard,no
146.66666666666666,10,first class,no
17.272727272727273,35,standard,no
-1.0,5,standard,no
37.77777777777778,151,standard,no
360.0,10,standard,no
73.75,9,standard,no
17.037037037037038,101,standard,yes
-1.0,29,standard,no
146.66666666666666,5,standard,no
66.25,4,standard,no
17.272727272727273,56,standard,yes
38.51851851851852,76,standard,no
38.51851851851852,76,standard,no
586.6666666666666,3,standard,no
13.333333333333334,101,standard,yes
-1.0,35,standard,no
-1.0,10,standard,yes
-1.0,53,standard,yes
14.545454545454545,126,standard,no
2.9629629629629632,76,standard,yes
-1.0,13,standard,no
38.51851851851852,113,standard,no
38.51851851851852,113,standard,no
38.51851851851852,113,standard,no
38.51851851851852,113,standard,no
38.51851851851852,113,standard,no
38.51851851851852,113,standard,no
38.51851851851852,113,standard,no
-1.0,2,standard,yes
-1.0,10,standard,yes
-1.0,35,standard,no
-1.0,35,standard,no
-1.0,35,standard,yes
27.40740740740741,76,standard,no
586.6666666666666,14,first class,no
27.40740740740741,118,first class,no
27.40740740740741,76,standard,no
27.40740740740741,76,standard,no
-1.0,4,standard,no
297.77777777777777,6,standard,no
297.77777777777777,6,standard,no
113.33333333333333,3,standard,yes
-1.0,53,standard,yes
12.5,19,first class,yes
-1.0,8,standard,no
-1.0,13,standard,yes
41.66666666666667,13,standard,no
41.66666666666667,13,standard,no
-1.0,4,standard,yes
-1.0,4,standard,no
-1.0,35,standard,yes
-1.0,4,standard,no
5.185185185185185,50,standard,no
1.8181818181818181,35,standard,no
1.8181818181818181,35,standard,no
-1.0,8,standard,no
-1.0,8,standard,no
-1.0,8,standard,yes
1.8181818181818181,35,standard,no
-1.0,8,standard,no
1.8181818181818181,35,standard,no
1.8181818181818181,35,standard,no
-1.0,5,standard,no
-1.0,5,standard,no
-1.0,18,first class,yes
-1.0,53,standard,no
-1.0,35,standard,no
-1.0,53,standard,no
27.40740740740741,113,standard,no
-1.0,52,first class,yes
-1.0,7,standard,no
-1.0,18,standard,yes
-1.0,4,standard,yes
30.37037037037037,76,standard,no
55.00000000000001,21,standard,no
30.37037037037037,76,standard,no
30.37037037037037,76,standard,no
19.090909090909093,84,standard,no
30.37037037037037,76,standard,no
30.37037037037037,76,standard,no
30.37037037037037,76,standard,no
26.25,7,standard,no
70.0,10,first class,no
70.0,3,standard,yes
46.666666666666664,2,standard,yes
35.0,7,standard,yes
41.66666666666667,19,standard,no
41.66666666666667,13,standard,no
13.333333333333334,113,standard,yes
1.8181818181818181,53,standard,no
1.8181818181818181,53,standard,yes
-1.0,18,first class,no
5.185185185185185,76,standard,yes
-1.0,12,standard,no
-1.0,8,standard,no
-1.0,12,standard,no
-1.0,12,standard,no
-1.0,12,standard,no
-1.0,3,standard,no
-1.0,2,standard,no
20.74074074074074,50,standard,yes
-1.0,7,first class,no
-1.0,13,standard,no
-1.0,13,standard,no
-1.0,13,standard,no
72.0,14,standard,no
30.37037037037037,151,standard,no
30.37037037037037,151,standard,no
30.37037037037037,151,standard,no
30.37037037037037,151,standard,no
30.37037037037037,151,standard,no
96.66666666666667,8,standard,no
-1.0,35,standard,no
-1.0,35,standard,no
-1.0,35,standard,no
-1.0,35,standard,no
46.666666666666664,2,standard,no
-1.0,35,standard,no
83.33333333333334,12,standard,no
-1.0,8,standard,no
-1.0,8,standard,yes
-1.0,18,standard,no
-1.0,18,standard,no
-1.0,18,standard,no
-1.0,18,standard,no
34.54545454545455,84,standard,no
596.6666666666666,4,standard,no
34.54545454545455,84,standard,no
596.6666666666666,4,standard,no
121.66666666666666,8,standard,no
96.66666666666667,2,standard,yes
96.66666666666667,2,standard,yes
-1.0,52,first class,yes
-1.0,7,standard,no
-1.0,13,standard,yes
-1.0,3,standard,no
-1.0,3,standard,yes
-1.0,35,standard,no
7.5,82,first class,yes
-1.0,10,standard,yes
3.8461538461538463,29,standard,yes
-1.0,8,standard,no
-1.0,5,standard,no
-1.0,5,standard,yes
-1.0,8,standard,no
-1.0,34,first class,yes
-1.0,3,standard,no
-1.0,35,standard,yes
-1.0,17,standard,no
-1.0,17,standard,no
-1.0,35,standard,no
-1.0,35,standard,no
-1.0,35,standard,no
2.727272727272727,35,standard,no
-1.0,48,standard,yes
-1.0,15,standard,no
-1.0,15,standard,yes
-1.0,15,standard,no
-1.0,116,standard,no
33.63636363636363,84,standard,no
26.666666666666668,76,standard,no
26.666666666666668,76,standard,no
26.666666666666668,118,first class,no
26.666666666666668,76,standard,no
-1.0,53,standard,no
-1.0,19,standard,yes
-1.0,15,first class,no
-1.0,54,first class,no
-1.0,17,standard,yes
-1.0,11,standard,no
-1.0,107,first class,no
-1.0,16,standard,no
-1.0,16,standard,no
-1.0,4,standard,no
-1.0,8,standard,no
-1.0,8,standard,no
-1.0,8,standard,no
-1.0,54,first class,no
-1.0,8,standard,no
-1.0,8,standard,no
-1.0,53,standard,no
-1.0,4,standard,yes
2.727272727272727,70,standard,no
2.727272727272727,70,standard,no
-1.0,8,standard,yes
26.666666666666668,151,standard,no
26.666666666666668,151,standard,no
26.666666666666668,235,first class,no
26.666666666666668,151,standard,no
26.666666666666668,151,standard,no
326.6666666666667,15,first class,no
-1.0,35,standard,no
-1.0,23,standard,yes
-1.0,32,first class,no
-1.0,32,first class,no
-1.0,13,standard,no
-1.0,13,standard,yes
-1.0,7,standard,yes
31.851851851851855,76,standard,no
35.0,10,standard,no
31.851851851851855,76,standard,no
31.851851851851855,76,standard,no
580.0,4,standard,no
31.851851851851855,76,standard,no
31.851851851851855,76,standard,no
304.44444444444446,6,standard,no
-1.0,3,standard,yes
-1.0,12,standard,no
-1.0,16,standard,no
-1.0,16,standard,no
4.230769230769231,43,standard,yes
65.0,13,standard,no
3.7037037037037033,101,standard,yes
7.2727272727272725,178,first class,yes
-1.0,11,standard,no
-1.0,11,standard,no
-1.0,16,standard,no
-1.0,16,standard,yes
-1.0,11,standard,no
-1.0,16,standard,no
120.0,4,standard,no
120.0,4,standard,no
120.0,4,standard,no
-1.0,4,standard,yes
83.33333333333334,3,standard,no
-1.0,4,standard,no
-1.0,35,standard,yes
83.33333333333334,3,standard,no
83.33333333333334,3,standard,no
-1.0,14,standard,yes
26.36363636363636,126,standard,no
66.66666666666666,4,standard,no
66.66666666666666,4,standard,no
40.0,3,standard,yes
-1.0,70,standard,no
-1.0,3,standard,no
-1.0,3,standard,no
-1.0,25,standard,no
-1.0,25,standard,yes
-1.0,18,standard,no
-1.0,18,standard,no
-1.0,18,standard,yes
31.851851851851855,151,standard,no
10.909090909090908,168,standard,no
-1.0,35,standard,no
-1.0,8,standard,no
-1.0,35,standard,yes
-1.0,35,standard,no
-1.0,35,standard,no
304.44444444444446,10,standard,no
250.0,4,standard,no
35.55555555555556,76,standard,no
35.55555555555556,76,standard,no
35.55555555555556,76,standard,no
35.55555555555556,118,first class,no
35.55555555555556,76,standard,no
35.55555555555556,76,standard,no
520.0,4,standard,no
-1.0,5,standard,yes
10.0,3,standard,yes
65.0,19,standard,no
120.0,9,standard,no
6.666666666666667,78,first class,yes
-1.0,17,standard,yes
-1.0,70,standard,no
-1.0,70,standard,no
83.33333333333334,5,standard,no
83.33333333333334,5,standard,no
83.33333333333334,5,standard,no
-1.0,9,standard,no
-1.0,13,standard,yes
16.363636363636363,35,standard,yes
16.363636363636363,35,standard,no
16.363636363636363,57,first class,no
16.363636363636363,35,standard,no
-1.0,35,standard,no
-1.0,35,standard,yes
-1.0,57,first class,no
-1.0,24,standard,yes
-1.0,24,standard,no
10.909090909090908,126,standard,no
-1.0,4,standard,yes
-1.0,7,standard,no
-1.0,7,standard,no
23.636363636363637,84,standard,yes
0.9090909090909091,84,standard,no
250.0,11,standard,no
50.0,8,standard,no
35.55555555555556,151,standard,no
35.55555555555556,151,standard,no
35.55555555555556,235,first class,no
35.55555555555556,235,first class,no
35.55555555555556,151,standard,no
35.55555555555556,151,standard,no
-1.0,25,standard,no
-1.0,25,standard,no
-1.0,25,standard,yes
-1.0,25,standard,no
-1.0,25,standard,no
-1.0,54,first class,no
-1.0,32,first class,no
-1.0,18,standard,no
-1.0,18,standard,no
-1.0,18,standard,no
-1.0,34,standard,no
-1.0,34,standard,no
-1.0,47,first class,yes
28.14814814814815,76,standard,no
28.14814814814815,76,standard,no
28.14814814814815,76,standard,no
28.14814814814815,76,standard,no
28.14814814814815,76,standard,no
28.14814814814815,76,standard,no
56.00000000000001,17,standard,yes
17.037037037037038,50,standard,yes
16.363636363636363,70,standard,no
16.363636363636363,70,standard,no
16.363636363636363,70,standard,yes
22.5,7,standard,no
22.5,4,standard,yes
22.5,4,standard,no
11.851851851851853,50,standard,yes
-1.0,55,first class,no
-1.0,7,standard,no
-1.0,2,standard,yes
-1.0,2,standard,yes
-1.0,4,standard,no
-1.0,10,first class,no
17.037037037037038,76,standard,yes
13.636363636363635,84,standard,no
-1.0,50,standard,no
-1.0,50,standard,no
28.14814814814815,113,standard,no
28.14814814814815,113,standard,no
-1.0,26,standard,yes
-1.0,26,standard,no
-1.0,26,standard,no
302.22222222222223,10,standard,no
-1.0,13,standard,no
-1.0,13,standard,no
380.0,6,standard,no
50.0,2,standard,no
31.818181818181817,23,standard,no
42.5,19,first class,yes
-1.0,13,standard,yes
-1.0,3,standard,yes
-1.0,3,standard,no
-1.0,17,standard,no
66.25,7,standard,no
22.5,7,standard,no
22.5,7,standard,no
-1.0,3,standard,yes
-1.0,8,standard,yes
-1.0,8,standard,no
-1.0,8,standard,no
-1.0,15,first class,yes
-1.0,10,standard,yes
106.66666666666667,4,standard,no
42.0,11,standard,no
256.6666666666667,5,standard,no
256.6666666666667,8,standard,no
19.090909090909093,126,standard,no
73.75,78,first class,no
-1.0,19,standard,no
-1.0,41,first class,no
380.0,10,standard,no
-1.0,34,standard,no
115.99999999999999,7,standard,no
-1.0,34,standard,yes
-1.0,34,standard,no
66.66666666666666,4,standard,no
35.55555555555556,76,standard,no
35.55555555555556,76,standard,no
35.55555555555556,76,standard,no
42.5,11,standard,yes
40.0,3,standard,no
4.0,17,standard,yes
20.74074074074074,50,standard,yes
-1.0,12,standard,no
-1.0,12,standard,no
-1.0,12,standard,no
-1.0,12,standard,no
40.0,4,standard,yes
40.0,4,standard,no
40.0,4,standard,no
40.0,4,standard,no
-1.0,2,standard,no
-1.0,2,standard,no
20.74074074074074,50,standard,yes
15.454545454545453,56,standard,yes
15.454545454545453,56,standard,yes
-1.0,2,standard,no
-1.0,2,standard,yes
-1.0,53,standard,no
-1.0,53,standard,yes
3.3333333333333335,14,first class,no
16.363636363636363,84,standard,no
-1.0,39,standard,yes
35.55555555555556,151,standard,no
35.55555555555556,151,standard,no
35.55555555555556,151,standard,no
35.55555555555556,151,standard,no
351.1111111111111,10,standard,no
-1.0,8,standard,yes
35.45454545454545,35,standard,no
35.45454545454545,35,standard,no
-1.0,8,standard,no
35.45454545454545,35,standard,no
-1.0,8,standard,no
-1.0,14,first class,no
166.66666666666669,6,standard,no
16.0,7,standard,no
28.18181818181818,134,first class,no
34.81481481481482,76,standard,no
34.81481481481482,76,standard,no
34.81481481481482,76,standard,no
34.81481481481482,76,standard,no
34.81481481481482,76,standard,no
34.81481481481482,76,standard,no
18.75,11,standard,yes
22.5,7,standard,yes
40.0,9,standard,no
40.0,9,standard,no
-1.0,13,first class,yes
-1.0,18,standard,no
20.74074074074074,157,first class,no
20.74074074074074,101,standard,yes
-1.0,5,standard,no
-1.0,5,standard,yes
123.75,4,standard,no
123.75,4,standard,no
123.75,4,standard,no
103.33333333333334,10,first class,no
9.090909090909092,57,first class,no
9.090909090909092,35,standard,no
9.090909090909092,35,standard,no
-1.0,35,standard,yes
-1.0,48,standard,no
-1.0,13,standard,yes
16.363636363636363,126,standard,no
-1.0,59,standard,no
-1.0,17,standard,no
-1.0,17,standard,no
-1.0,17,standard,no
166.66666666666669,7,standard,no
34.81481481481482,151,standard,no
34.81481481481482,151,standard,no
30.909090909090907,35,standard,no
30.909090909090907,35,standard,no
30.909090909090907,57,first class,no
-1.0,35,standard,yes
27.40740740740741,118,first class,no
27.40740740740741,118,first class,no
27.40740740740741,76,standard,no
27.40740740740741,76,standard,no
126.66666666666666,2,standard,no
10.0,7,standard,yes
63.33333333333333,3,standard,no
123.75,9,standard,no
123.75,9,standard,no
123.75,9,standard,no
123.75,9,standard,no
33.75,31,standard,yes
9.090909090909092,70,standard,yes
103.33333333333334,5,standard,no
103.33333333333334,5,standard,no
103.33333333333334,5,standard,no
9.090909090909092,70,standard,no
-1.0,6,first class,no
-1.0,2,standard,no
-1.0,3,standard,no
-1.0,2,standard,no
-1.0,13,standard,yes
-1.0,13,standard,no
30.909090909090907,70,standard,no
30.909090909090907,70,standard,no
-1.0,70,standard,no
60.0,8,standard,no
104.0,14,standard,no
27.40740740740741,151,standard,no
27.40740740740741,151,standard,no
27.40740740740741,151,standard,no
27.40740740740741,151,standard,no
126.66666666666666,3,standard,no
12.0,8,first class,no
25.185185185185183,76,standard,no
25.185185185185183,76,standard,no
25.185185185185183,118,first class,no
75.0,7,standard,no
353.3333333333333,6,standard,no
133.33333333333331,2,standard,no
353.3333333333333,6,standard,no
10.0,11,standard,yes
46.25,19,first class,yes
46.25,7,standard,yes
46.25,7,standard,yes
46.25,7,standard,yes
-1.0,19,standard,yes
3.4615384615384617,43,standard,yes
26.666666666666668,11,standard,yes
2.9629629629629632,76,standard,yes
10.0,29,standard,yes
-1.0,8,standard,no
10.0,29,standard,yes
70.0,13,standard,no
70.0,13,standard,no
70.0,13,standard,no
70.0,13,standard,no
25.0,4,standard,yes
25.0,4,standard,no
25.0,4,standard,no
-1.0,4,standard,yes
-1.0,4,standard,no
-1.0,4,standard,no
24.545454545454547,56,standard,yes
-1.0,8,standard,yes
3.3333333333333335,4,standard,no
-1.0,8,standard,yes
-1.0,3,standard,no
22.727272727272727,84,standard,yes
25.185185185185183,151,standard,no
25.185185185185183,151,standard,no
25.185185185185183,151,standard,no
75.0,13,standard,no
75.0,13,standard,no
206.66666666666669,6,standard,no
31.851851851851855,76,standard,no
31.851851851851855,76,standard,no
31.851851851851855,76,standard,no
46.25,11,standard,yes
46.25,11,standard,yes
-1.0,3,standard,no
-1.0,10,first class,yes
586.6666666666666,3,standard,no
-1.0,16,standard,no
-1.0,24,standard,no
90.0,2,standard,no
70.0,19,standard,no
-1.0,35,standard,yes
-1.0,35,standard,no
25.0,9,standard,no
-1.0,2,standard,no
-1.0,2,standard,no
-1.0,35,first class,no
24.545454545454547,112,standard,yes
8.88888888888889,101,standard,yes
-1.0,4,standard,no
-1.0,8,standard,no
10.37037037037037,50,standard,yes
-1.0,3,standard,no
-1.0,8,standard,no
-1.0,57,first class,no
-1.0,11,standard,no
-1.0,2,standard,yes
-1.0,2,standard,no
18.333333333333332,13,standard,no
-1.0,7,standard,no
-1.0,7,standard,yes
-1.0,57,first class,yes
31.851851851851855,235,first class,no
31.851851851851855,151,standard,no
31.851851851851855,151,standard,no
31.851851851851855,151,standard,no
31.851851851851855,151,standard,no
-1.0,35,standard,yes
103.33333333333334,2,standard,no
-1.0,3,standard,no
-1.0,3,standard,no
23.703703703703706,76,standard,no
23.703703703703706,118,first class,no
-1.0,35,standard,no
23.703703703703706,76,standard,no
23.703703703703706,76,standard,no
23.703703703703706,76,standard,no
23.703703703703706,76,standard,no
46.25,7,standard,no
336.6666666666667,2,standard,no
31.25,29,first class,yes
90.0,10,first class,yes
-1.0,53,standard,no
-1.0,3,standard,no
-1.0,3,standard,yes
10.0,7,standard,yes
13.333333333333334,2,standard,yes
496.6666666666667,3,standard,no
-1.0,7,standard,no
-1.0,70,standard,no
-1.0,70,standard,no
-1.0,70,standard,no
-1.0,70,standard,no
10.37037037037037,101,standard,no
-1.0,70,standard,yes
-1.0,25,standard,yes
22.727272727272727,56,standard,yes
-1.0,8,standard,yes
213.33333333333334,3,standard,no
-1.0,8,standard,no
-1.0,8,standard,no
-1.0,8,standard,yes
-1.0,8,standard,no
-1.0,10,standard,no
-1.0,3,standard,yes
17.272727272727273,126,standard,no
23.703703703703706,113,standard,no
23.703703703703706,176,first class,no
23.703703703703706,113,standard,no
23.703703703703706,113,standard,no
-1.0,2,standard,yes
10.37037037037037,118,first class,no
-1.0,48,standard,no
10.37037037037037,118,first class,no
10.37037037037037,76,standard,no
496.6666666666667,4,standard,no
371.11111111111114,6,standard,no
51.24999999999999,7,standard,yes
23.333333333333332,2,standard,no
6.666666666666667,50,standard,yes
213.33333333333334,4,standard,no
1.9230769230769231,29,standard,yes
213.33333333333334,4,standard,no
-1.0,13,standard,no
7.4074074074074066,76,standard,yes
-1.0,12,standard,no
-1.0,12,standard,no
15.555555555555555,50,standard,yes
-1.0,7,standard,yes
-1.0,19,standard,no
-1.0,19,standard,no
83.33333333333334,13,standard,no
-1.0,2,standard,no
10.37037037037037,113,standard,no
10.37037037037037,113,standard,no
18.181818181818183,126,standard,no
-1.0,19,standard,no
-1.0,71,standard,yes
16.666666666666664,3,standard,no
28.18181818181818,35,standard,no
-1.0,15,standard,no
35.55555555555556,76,standard,no
23.333333333333332,3,standard,yes
51.24999999999999,11,standard,yes
51.24999999999999,11,standard,yes
116.66666666666667,2,standard,yes
116.66666666666667,7,first class,yes
21.48148148148148,113,standard,yes
-1.0,2,standard,no
-1.0,2,standard,yes
8.076923076923077,29,standard,yes
8.076923076923077,29,standard,yes
8.076923076923077,29,standard,yes
-1.0,13,standard,no
15.555555555555555,76,standard,yes
-1.0,72,standard,yes
-1.0,35,standard,no
14.814814814814813,50,standard,yes
14.814814814814813,50,standard,no
130.0,3,standard,no
130.0,3,standard,no
130.0,3,standard,no
-1.0,7,standard,no
-1.0,3,standard,no
28.18181818181818,70,standard,no
28.18181818181818,70,standard,no
-1.0,29,standard,no
-1.0,44,standard,no
-1.0,29,standard,no
-1.0,29,standard,no
35.55555555555556,151,standard,no
35.55555555555556,151,standard,no
35.55555555555556,151,standard,no
35.55555555555556,151,standard,no
35.55555555555556,151,standard,no
35.55555555555556,151,standard,no
56.666666666666664,12,standard,no
-1.0,8,standard,no
-1.0,8,standard,yes
15.555555555555555,76,standard,no
15.555555555555555,76,standard,no
486.66666666666663,4,standard,no
15.555555555555555,76,standard,no
15.555555555555555,76,standard,no
15.555555555555555,76,standard,no
486.66666666666663,4,standard,no
27.27272727272727,84,standard,no
320.0,6,standard,no
320.0,6,standard,no
-1.0,3,standard,no
-1.0,10,first class,no
-1.0,3,standard,no
-1.0,19,standard,yes
130.0,5,standard,no
130.0,5,standard,no
-1.0,16,standard,yes
14.814814814814813,101,standard,yes
14.814814814814813,101,standard,yes
30.0,4,standard,no
30.0,4,standard,no
30.0,4,standard,no
30.0,4,standard,no
26.36363636363636,89,first class,yes
1.4814814814814816,50,standard,yes
26.36363636363636,56,standard,yes
-1.0,53,standard,yes
15.555555555555555,151,standard,no
380.0,3,standard,no
-1.0,15,standard,no
-1.0,15,standard,no
-1.0,15,standard,yes
-1.0,15,standard,no
-1.0,35,standard,yes
35.0,10,standard,no
52.72727272727272,84,standard,no
-1.0,48,standard,no
-1.0,48,standard,yes
-1.0,5,standard,no
456.66666666666663,2,standard,no
-1.0,5,standard,yes
42.5,19,first class,yes
30.0,9,standard,yes
30.0,9,standard,no
30.0,13,standard,no
30.0,9,standard,no
30.0,9,standard,no
-1.0,15,standard,yes
22.22222222222222,50,standard,yes
6.363636363636363,89,first class,yes
-1.0,57,first class,no
-1.0,35,standard,no
-1.0,35,standard,yes
2.727272727272727,35,standard,yes
2.727272727272727,35,standard,no
-1.0,13,standard,no
-1.0,35,standard,yes
-1.0,35,standard,no
-1.0,35,standard,no
11.333333333333332,77,standard,yes
13.333333333333334,51,standard,yes
-1.0,29,standard,no
52.72727272727272,168,standard,no
52.72727272727272,168,standard,no
24.444444444444443,76,standard,no
24.444444444444443,76,standard,no
49.09090909090909,134,first class,no
24.444444444444443,76,standard,no
133.33333333333331,2,standard,no
120.0,2,standard,yes
56.25,7,standard,yes
160.0,3,standard,no
160.0,3,standard,no
-1.0,17,standard,yes
9.62962962962963,50,standard,yes
17.272727272727273,56,standard,yes
17.272727272727273,56,standard,yes
14.545454545454545,126,standard,yes
9.615384615384617,43,standard,yes
2.727272727272727,70,standard,no
2.727272727272727,70,standard,no
22.22222222222222,157,first class,yes
77.5,4,standard,no
77.5,4,standard,no
-1.0,6,first class,no
20.0,37,standard,no
65.0,13,standard,no
-1.0,3,standard,no
24.444444444444443,235,first class,no
24.444444444444443,151,standard,no
24.444444444444443,151,standard,no
24.444444444444443,151,standard,no
24.444444444444443,151,standard,no
60.0,2,standard,no
-1.0,23,standard,yes
-1.0,35,standard,no
-1.0,35,standard,no
-1.0,2,standard,no
-1.0,26,standard,no
28.888888888888886,76,standard,no
28.888888888888886,118,first class,no
28.888888888888886,76,standard,no
-1.0,4,standard,yes
120.0,3,standard,yes
30.0,2,standard,yes
120.0,3,standard,no
30.0,2,standard,no
-1.0,13,standard,yes
-1.0,5,standard,yes
77.5,9,standard,no
23.636363636363637,126,standard,yes
8.076923076923077,29,standard,yes
26.36363636363636,112,standard,yes
9.62962962962963,50,standard,yes
-1.0,7,standard,no
233.33333333333334,3,standard,no
-1.0,4,standard,yes
-1.0,4,standard,no
-1.0,7,standard,yes
-1.0,2,standard,no
-1.0,3,standard,no
-1.0,3,standard,yes
11.818181818181818,84,standard,yes
-1.0,3,standard,no
-1.0,3,standard,yes
-1.0,35,standard,yes
28.888888888888886,151,standard,no
28.888888888888886,151,standard,no
291.1111111111111,10,standard,no
-1.0,3,standard,no
-1.0,10,first class,no
266.66666666666663,4,standard,no
266.66666666666663,4,standard,no
54.54545454545454,84,standard,no
54.54545454545454,84,standard,no
15.0,7,standard,no
-1.0,13,standard,no
150.0,2,standard,no
52.5,7,standard,yes
-1.0,10,standard,no
9.090909090909092,56,standard,yes
-1.0,9,standard,no
233.33333333333334,19,first class,no
9.62962962962963,157,first class,yes
-1.0,2,standard,no
-1.0,3,standard,no
14.814814814814813,50,standard,yes
14.814814814814813,50,standard,yes
-1.0,8,standard,no
-1.0,13,standard,no
-1.0,3,standard,no
86.66666666666667,13,standard,no
266.66666666666663,8,standard,no
266.66666666666663,5,standard,no
150.0,4,standard,no
-1.0,41,first class,yes
-1.0,3,standard,yes
32.592592592592595,76,standard,no
32.592592592592595,76,standard,no
32.592592592592595,76,standard,no
11.818181818181818,84,standard,no
32.592592592592595,76,standard,no
32.592592592592595,76,standard,no
32.592592592592595,76,standard,no
32.592592592592595,76,standard,no
30.0,10,first class,yes
52.5,11,standard,yes
-1.0,78,first class,yes
-1.0,7,standard,no
-1.0,19,standard,yes
-1.0,19,standard,no
-1.0,4,standard,no
-1.0,2,standard,no
1.25,31,standard,yes
-1.0,2,standard,no
6.923076923076923,29,standard,yes
14.814814814814813,76,standard,yes
-1.0,7,standard,no
18.181818181818183,37,standard,no
-1.0,3,standard,no
-1.0,54,first class,no
26.666666666666668,13,standard,no
32.592592592592595,113,standard,no
32.592592592592595,113,standard,no
80.0,4,standard,no
80.0,10,standard,no
80.0,3,standard,no
31.818181818181817,35,standard,no
31.818181818181817,35,standard,no
-1.0,35,standard,yes
40.0,118,first class,no
513.3333333333334,4,standard,no
40.0,118,first class,no
513.3333333333334,4,standard,no
40.0,118,first class,no
476.6666666666667,2,standard,no
73.33333333333333,3,standard,yes
400.0,6,standard,no
5.0,11,standard,yes
476.6666666666667,10,first class,no
-1.0,10,standard,yes
-1.0,10,standard,no
-1.0,4,standard,yes
-1.0,3,standard,no
61.25000000000001,7,standard,no
-1.0,50,standard,yes
6.923076923076923,43,standard,yes
17.272727272727273,126,standard,yes
-1.0,13,standard,yes
-1.0,4,standard,no
-1.0,4,standard,no
-1.0,4,standard,no
-1.0,7,standard,no
-1.0,3,standard,yes
7.4074074074074066,50,standard,yes
-1.0,4,standard,no
-1.0,5,standard,no
-1.0,5,standard,no
-1.0,5,standard,yes
-1.0,8,standard,yes
53.63636363636364,37,standard,no
53.63636363636364,37,standard,no
-1.0,13,standard,yes
-1.0,8,standard,no
10.0,37,standard,no
48.333333333333336,27,first class,no
9.090909090909092,84,standard,yes
31.818181818181817,70,standard,no
33.33333333333333,3,standard,no
86.0,8,standard,no
40.0,235,first class,no
40.0,151,standard,no
40.0,151,standard,no
40.0,151,standard,no
40.0,151,standard,no
40.0,151,standard,no
40.0,151,standard,no
60.0,7,standard,no
-1.0,14,first class,no
17.037037037037038,76,standard,no
-1.0,4,standard,yes
-1.0,10,standard,yes
343.3333333333333,3,standard,no
44.0,17,standard,yes
-1.0,41,first class,no
-1.0,41,first class,no
-1.0,7,standard,yes
10.0,84,standard,yes
-1.0,13,standard,no
-1.0,23,standard,no
2.9629629629629632,78,first class,yes
-1.0,8,standard,yes
-1.0,8,standard,yes
-1.0,36,first class,no
-1.0,54,first class,no
-1.0,8,standard,no
-1.0,10,standard,yes
-1.0,10,standard,no
-1.0,15,standard,yes
33.33333333333333,3,standard,no
8.181818181818182,126,standard,no
-1.0,50,standard,yes
5.454545454545454,84,standard,no
17.272727272727273,168,standard,no
17.037037037037038,151,standard,no
42.5,41,standard,no
335.55555555555554,10,standard,no
-1.0,13,standard,no
-1.0,13,standard,yes
343.3333333333333,4,standard,no
343.3333333333333,4,standard,no
343.3333333333333,4,standard,no
37.03703703703704,76,standard,no
40.0,2,standard,no
40.0,2,standard,no
40.0,2,standard,no
-1.0,5,standard,yes
323.3333333333333,3,standard,no
-1.0,13,standard,yes
-1.0,47,standard,no
40.0,11,standard,yes
2.9629629629629632,101,standard,yes
-1.0,71,first class,no
-1.0,16,standard,no
-1.0,16,standard,no
-1.0,54,first class,yes
-1.0,3,standard,no
-1.0,8,standard,no
-1.0,54,first class,no
-1.0,8,standard,no
-1.0,36,first class,no
-1.0,3,standard,no
-1.0,8,standard,no
-1.0,3,standard,no
-1.0,19,standard,no
-1.0,2,standard,no
210.0,11,standard,no
-1.0,16,standard,yes
-1.0,6,standard,no
-1.0,6,standard,yes
-1.0,11,first class,no
-1.0,70,standard,no
60.0,41,standard,no
60.0,41,standard,no
37.03703703703704,151,standard,no
-1.0,70,standard,yes
-1.0,25,standard,no
40.0,3,standard,no
393.3333333333333,6,standard,no
-1.0,8,standard,no
-1.0,5,standard,yes
-1.0,151,standard,yes
-1.0,5,standard,no
-1.0,5,standard,no
-1.0,5,standard,no
26.36363636363636,112,standard,yes
-1.0,16,standard,no
-1.0,16,standard,no
-1.0,16,standard,no
-1.0,11,standard,no
-1.0,5,standard,no
-1.0,5,standard,no
-1.0,16,standard,no
16.25,4,standard,no
16.25,4,standard,no
-1.0,3,standard,no
-1.0,2,standard,no
-1.0,2,standard,no
-1.0,2,standard,yes
-1.0,2,standard,yes
-1.0,113,standard,no
14.545454545454545,126,standard,no
6.666666666666667,13,standard,no
4.545454545454546,84,standard,yes
-1.0,72,standard,yes
440.00000000000006,3,standard,no
440.00000000000006,3,standard,no
229.99999999999997,4,standard,no
229.99999999999997,11,first class,no
8.181818181818182,35,standard,no
42.96296296296296,76,standard,no
42.96296296296296,76,standard,no
42.96296296296296,76,standard,no
42.96296296296296,76,standard,no
42.96296296296296,76,standard,no
-1.0,12,standard,yes
6.25,11,standard,yes
-1.0,8,standard,yes
16.25,69,first class,yes
16.25,9,standard,no
16.25,9,standard,no
16.25,9,standard,no
1.4814814814814816,76,standard,yes
-1.0,84,standard,yes
-1.0,65,standard,yes
66.66666666666666,13,standard,no
116.66666666666667,3,standard,no
42.96296296296296,151,standard,no
42.96296296296296,151,standard,no
42.96296296296296,151,standard,no
42.96296296296296,151,standard,no
-1.0,25,standard,no
-1.0,25,standard,yes
-1.0,4,standard,no
30.37037037037037,76,standard,no
53.333333333333336,4,standard,no
-1.0,48,standard,yes
-1.0,4,standard,yes
-1.0,3,standard,no
366.66666666666663,6,standard,no
7.2727272727272725,23,standard,no
36.25,19,first class,yes
190.0,3,standard,no
190.0,3,standard,no
8.846153846153847,43,standard,yes
-1.0,16,standard,yes
11.851851851851853,101,standard,yes
50.0,4,standard,no
50.0,4,standard,yes
50.0,4,standard,no
50.0,4,standard,no
166.66666666666669,3,standard,no
-1.0,8,standard,no
-1.0,8,standard,no
-1.0,8,standard,no
-1.0,36,first class,no
-1.0,35,standard,no
-1.0,36,first class,no
166.66666666666669,3,standard,no
-1.0,35,standard,no
-1.0,7,standard,no
38.18181818181819,37,standard,no
-1.0,15,standard,no
-1.0,15,standard,yes
-1.0,35,standard,yes
22.666666666666664,77,standard,yes
60.0,3,standard,no
30.37037037037037,113,standard,no
30.37037037037037,113,standard,no
-1.0,71,standard,no
67.5,31,standard,no
50.0,126,standard,no
30.37037037037037,113,standard,no
-1.0,19,standard,yes
-1.0,19,standard,no
-1.0,19,standard,no
-1.0,19,standard,no
190.0,4,standard,no
36.25,29,first class,yes
50.0,7,standard,no
50.0,7,standard,no
50.0,7,standard,no
50.0,7,standard,no
50.0,7,standard,no
7.6923076923076925,43,standard,yes
-1.0,53,standard,yes
-1.0,53,standard,no
166.66666666666669,4,standard,no
166.66666666666669,4,standard,no
166.66666666666669,4,standard,no
166.66666666666669,4,standard,no
10.37037037037037,76,standard,yes
-1.0,8,standard,no
-1.0,12,standard,no
-1.0,10,standard,no
-1.0,10,standard,no
50.90909090909091,37,standard,no
13.636363636363635,126,standard,no
13.636363636363635,126,standard,no
13.636363636363635,126,standard,no
-1.0,5,standard,yes
25.185185185185183,113,standard,no
25.185185185185183,113,standard,no
15.454545454545453,126,standard,no
25.185185185185183,113,standard,no
25.185185185185183,113,standard,no
25.185185185185183,113,standard,no
-1.0,53,standard,no
-1.0,53,standard,no
170.0,3,standard,no
293.3333333333333,6,standard,no
47.5,21,standard,no
333.33333333333337,4,standard,no
333.33333333333337,4,standard,no
-1.0,12,standard,no
-1.0,80,first class,yes
3.75,11,standard,yes
48.333333333333336,41,first class,no
48.333333333333336,41,first class,no
48.333333333333336,19,standard,no
48.333333333333336,19,standard,no
-1.0,53,standard,yes
-1.0,53,standard,no
-1.0,53,standard,no
-1.0,12,standard,no
-1.0,12,standard,no
-1.0,12,standard,no
-1.0,80,first class,no
-1.0,12,standard,yes
-1.0,12,standard,no
-1.0,4,standard,no
-1.0,4,standard,no
-1.0,2,standard,no
-1.0,2,standard,no
-1.0,2,standard,yes
-1.0,2,standard,no
32.0,11,standard,no
7.2727272727272725,35,standard,no
-1.0,4,standard,no
13.333333333333334,3,standard,yes
0.7692307692307693,64,first class,yes
56.25,4,standard,no
-1.0,2,standard,no
-1.0,2,standard,yes
-1.0,13,standard,no
-1.0,13,standard,no
-1.0,13,standard,yes
-1.0,13,standard,no
33.33333333333333,76,standard,no
33.33333333333333,76,standard,no
33.33333333333333,76,standard,no
33.33333333333333,76,standard,no
590.0,4,standard,no
33.33333333333333,76,standard,no
33.33333333333333,76,standard,no
33.33333333333333,76,standard,no
33.33333333333333,76,standard,no
62.22222222222222,6,standard,no
93.33333333333333,2,standard,no
36.25,11,standard,yes
93.33333333333333,2,standard,no
-1.0,19,standard,yes
96.66666666666667,3,standard,no
123.33333333333334,2,standard,no
-1.0,3,standard,yes
56.25,9,standard,no
56.25,9,standard,no
56.25,69,first class,yes
56.25,9,standard,no
56.25,9,standard,no
56.25,9,standard,no
7.4074074074074066,113,standard,yes
73.75,4,standard,no
73.75,4,standard,yes
73.75,4,standard,no
-1.0,8,standard,no
-1.0,8,standard,no
-1.0,5,standard,no
-1.0,8,standard,no
-1.0,8,standard,no
-1.0,13,standard,no
-1.0,13,standard,no
-1.0,3,standard,no
-1.0,2,standard,no
23.636363636363637,126,standard,no
10.0,13,standard,no
-1.0,3,standard,yes
20.0,17,first class,no
33.33333333333333,151,standard,no
33.33333333333333,151,standard,no
-1.0,25,standard,no
-1.0,15,standard,no
-1.0,15,standard,no
-1.0,15,standard,no
-1.0,15,standard,no
37.03703703703704,76,standard,no
37.03703703703704,76,standard,no
37.03703703703704,76,standard,no
37.03703703703704,76,standard,no
37.03703703703704,76,standard,no
37.03703703703704,76,standard,no
37.03703703703704,118,first class,no
123.33333333333334,3,standard,yes
123.33333333333334,3,standard,yes
28.749999999999996,7,standard,yes
-1.0,7,standard,yes
73.75,69,first class,no
73.75,9,standard,no
7.6923076923076925,29,standard,yes
-1.0,16,standard,no
-1.0,107,first class,no
-1.0,16,standard,no
-1.0,12,standard,yes
122.50000000000001,4,standard,no
122.50000000000001,4,standard,no
122.50000000000001,35,first class,no
-1.0,7,standard,yes
-1.0,2,standard,no
223.33333333333334,3,standard,no
223.33333333333334,3,standard,no
223.33333333333334,3,standard,no
223.33333333333334,3,standard,no
-1.0,72,standard,yes
-1.0,72,first class,no
-1.0,5,standard,no
11.818181818181818,126,standard,no
-1.0,29,standard,yes
-1.0,29,standard,no
37.03703703703704,151,standard,no
37.03703703703704,151,standard,no
-1.0,27,first class,no
-1.0,13,standard,no
-1.0,11,standard,yes
41.48148148148148,76,standard,no
41.48148148148148,76,standard,no
41.48148148148148,76,standard,no
-1.0,63,first class,yes
122.50000000000001,9,standard,no
2.727272727272727,56,standard,yes
-1.0,4,standard,yes
-1.0,4,standard,no
0.9090909090909091,84,standard,yes
223.33333333333334,5,standard,no
-1.0,143,standard,no
91.25,4,standard,no
91.25,35,first class,no
91.25,4,standard,no
18.51851851851852,50,standard,yes
18.51851851851852,50,standard,yes
66.66666666666666,4,standard,no
0.7407407407407408,76,standard,yes
41.48148148148148,235,first class,no
41.48148148148148,151,standard,no
41.48148148148148,151,standard,no
41.48148148148148,151,standard,no
41.48148148148148,235,first class,no
41.48148148148148,151,standard,no
-1.0,25,standard,no
-1.0,25,standard,no
-1.0,27,first class,no
-1.0,13,standard,no
-1.0,13,standard,no
16.25,11,standard,yes
6.666666666666667,17,standard,yes
91.25,9,standard,no
91.25,9,standard,no
91.25,9,standard,no
91.25,69,first class,no
91.25,9,standard,no
-1.0,25,standard,no
-1.0,17,standard,yes
18.51851851851852,101,standard,yes
-1.0,35,first class,no
-1.0,4,standard,no
-1.0,4,standard,no
-1.0,4,standard,no
-1.0,4,standard,no
-1.0,35,first class,no
5.185185185185185,50,standard,yes
-1.0,5,standard,yes
-1.0,15,first class,no
-1.0,23,standard,no
-1.0,23,standard,yes
15.454545454545453,126,standard,no
-1.0,53,standard,no
-1.0,19,standard,no
-1.0,19,standard,no
-1.0,19,standard,no
-1.0,19,standard,no
-1.0,19,standard,yes
-1.0,23,standard,no
-1.0,35,standard,no
-1.0,76,standard,no
-1.0,118,first class,no
-1.0,8,standard,no
86.66666666666667,10,first class,no
-1.0,35,standard,yes
65.0,13,standard,no
65.0,19,standard,no
-1.0,7,standard,yes
-1.0,7,standard,no
-1.0,52,first class,no
-1.0,7,standard,no
-1.0,7,standard,no
-1.0,10,standard,no
0.38461538461538464,43,standard,yes
-1.0,71,standard,yes
101.25,4,standard,no
101.25,4,standard,no
101.25,4,standard,no
101.25,4,standard,no
101.25,35,first class,no
101.25,7,standard,no
101.25,4,standard,no
-1.0,7,standard,yes
22.22222222222222,50,standard,yes
22.22222222222222,50,standard,yes
-1.0,35,standard,no
-1.0,35,standard,no
-1.0,35,standard,no
-1.0,7,standard,yes
17.272727272727273,37,standard,no
36.36363636363637,37,standard,no
-1.0,3,standard,yes
133.33333333333331,3,standard,yes
-1.0,8,standard,no
10.0,3,standard,no
-1.0,53,standard,no
-1.0,53,standard,no
-1.0,113,standard,no
-1.0,113,standard,yes
-1.0,113,standard,no
-1.0,113,standard,no
-1.0,113,standard,no
-1.0,53,standard,yes
343.3333333333333,3,standard,no
-1.0,13,standard,yes
31.851851851851855,76,standard,no
31.851851851851855,76,standard,no
31.851851851851855,76,standard,no
31.851851851851855,76,standard,no
336.6666666666667,2,standard,no
80.0,7,first class,yes
-1.0,8,standard,yes
-1.0,8,standard,no
101.25,7,standard,no
101.25,7,standard,no
101.25,7,standard,no
101.25,52,first class,no
101.25,7,standard,no
-1.0,53,standard,no
-1.0,53,standard,no
-1.0,53,standard,yes
-1.0,3,standard,no
-1.0,8,standard,no
113.75,4,standard,no
113.75,4,standard,no
113.75,4,standard,no
113.75,4,standard,no
-1.0,16,standard,yes
-1.0,8,standard,no
-1.0,8,standard,no
-1.0,8,standard,no
-1.0,5,standard,no
-1.0,36,first class,no
-1.0,86,standard,no
-1.0,86,standard,no
-1.0,25,standard,no
24.0,14,standard,no
31.851851851851855,151,standard,no
31.851851851851855,151,standard,no
31.851851851851855,151,standard,no
31.851851851851855,151,standard,no
60.0,18,first class,no
-1.0,8,standard,no
-1.0,8,standard,yes
28.18181818181818,35,standard,no
-1.0,15,standard,yes
-1.0,39,first class,no
-1.0,8,standard,yes
8.88888888888889,76,standard,no
8.88888888888889,76,standard,no
146.66666666666666,4,standard,no
8.88888888888889,76,standard,no
146.66666666666666,4,standard,no
8.88888888888889,118,first class,no
8.88888888888889,76,standard,no
8.88888888888889,76,standard,no
53.75,55,first class,no
8.88888888888889,76,standard,no
80.0,3,standard,no
-1.0,13,standard,no
-1.0,13,standard,no
-1.0,13,standard,no
68.88888888888889,6,standard,no
80.0,3,standard,yes
25.0,11,standard,yes
10.0,2,standard,yes
-1.0,5,standard,no
113.75,69,first class,no
113.75,9,standard,no
113.75,13,standard,no
113.75,9,standard,no
8.076923076923077,43,standard,yes
8.076923076923077,43,standard,yes
10.0,29,standard,yes
-1.0,7,standard,no
-1.0,16,standard,no
-1.0,16,standard,yes
53.75,4,standard,no
53.75,4,standard,no
53.75,4,standard,no
53.75,4,standard,no
53.75,4,standard,yes
53.75,4,standard,no
53.75,4,standard,no
-1.0,3,standard,no
6.363636363636363,35,standard,yes
-1.0,6,standard,no
-1.0,6,standard,no
6.363636363636363,35,standard,no
6.363636363636363,35,standard,no
-1.0,24,standard,no
31.818181818181817,126,standard,no
-1.0,8,standard,yes
28.18181818181818,70,standard,no
28.18181818181818,114,first class,no
-1.0,78,first class,no
-1.0,29,standard,no
-1.0,16,standard,no
-1.0,29,standard,no
8.88888888888889,151,standard,no
8.88888888888889,151,standard,no
8.88888888888889,151,standard,no
10.0,3,standard,no
120.0,2,standard,yes
120.0,2,standard,yes
81.25,7,standard,no
133.33333333333331,3,standard,no
81.25,7,standard,no
133.33333333333331,3,standard,no
-1.0,52,first class,yes
53.75,9,standard,no
53.75,69,first class,no
53.75,9,standard,no
53.75,9,standard,no
53.75,69,first class,no
10.0,43,standard,yes
6.363636363636363,114,first class,no
6.363636363636363,70,standard,no
6.363636363636363,70,standard,yes
16.296296296296298,101,standard,yes
16.296296296296298,101,standard,yes
-1.0,13,standard,no
-1.0,35,standard,no
-1.0,35,standard,no
-1.0,13,standard,yes
-1.0,10,first class,yes
-1.0,3,standard,no
-1.0,6,standard,yes
-1.0,48,standard,yes
-1.0,154,standard,no
-1.0,9,standard,yes
133.33333333333331,4,standard,no
9.62962962962963,76,standard,no
133.33333333333331,14,first class,no
-1.0,4,standard,no
46.25,7,standard,yes
46.25,7,standard,yes
136.66666666666666,2,standard,yes
-1.0,70,standard,no
-1.0,70,standard,no
-1.0,70,standard,no
18.181818181818183,178,first class,yes
100.0,4,standard,no
100.0,4,standard,no
100.0,4,standard,no
14.814814814814813,78,first class,no
-1.0,8,standard,no
-1.0,8,standard,no
-1.0,8,standard,no
-1.0,8,standard,no
-1.0,5,standard,no
-1.0,5,standard,no
-1.0,18,standard,no
9.62962962962963,151,standard,no
9.62962962962963,151,standard,no
9.62962962962963,151,standard,no
9.62962962962963,151,standard,no
9.62962962962963,151,standard,no
9.62962962962963,235,first class,no
9.62962962962963,151,standard,no
9.62962962962963,151,standard,no
-1.0,2,standard,no
-1.0,48,standard,yes
-1.0,2,standard,no
-1.0,2,standard,yes
-1.0,10,standard,no
44.44444444444444,76,standard,no
44.44444444444444,76,standard,no
44.44444444444444,76,standard,no
-1.0,12,standard,yes
46.25,11,standard,yes
-1.0,35,standard,yes
3.6363636363636362,23,standard,no
100.0,9,standard,no
100.0,69,first class,no
27.27272727272727,126,standard,yes
5.9259259259259265,76,standard,yes
14.814814814814813,101,standard,no
14.814814814814813,101,standard,yes
-1.0,16,standard,no
-1.0,16,standard,no
-1.0,16,standard,no
-1.0,16,standard,no
-1.0,16,standard,no
-1.0,10,standard,no
-1.0,10,standard,yes
-1.0,2,standard,yes
15.454545454545453,126,standard,no
14.814814814814813,118,first class,yes
-1.0,35,standard,no
44.44444444444444,151,standard,no
-1.0,95,standard,yes
44.44444444444444,151,standard,no
44.44444444444444,151,standard,no
44.44444444444444,151,standard,no
-1.0,144,first class,no
65.0,41,standard,no
44.44444444444444,151,standard,no
331.1111111111111,15,first class,no
48.18181818181818,84,standard,no
-1.0,35,standard,yes
28.888888888888886,76,standard,no
-1.0,7,standard,yes
355.55555555555554,6,standard,no
17.272727272727273,126,standard,yes
10.0,21,standard,yes
11.11111111111111,50,standard,yes
-1.0,6,standard,yes
-1.0,5,standard,yes
-1.0,1,standard,no
-1.0,2,standard,no
92.0,11,standard,no
14.545454545454545,126,standard,no
33.33333333333333,3,standard,no
28.888888888888886,113,standard,no
48.18181818181818,126,standard,no
28.888888888888886,113,standard,no
28.888888888888886,113,standard,no
-1.0,8,standard,no
-1.0,18,first class,yes
-1.0,18,first class,no
7.4074074074074066,76,standard,no
7.4074074074074066,76,standard,no
7.4074074074074066,118,first class,no
7.4074074074074066,76,standard,no
397.77777777777777,6,standard,no
213.33333333333334,3,standard,no
-1.0,8,standard,no
3.6363636363636362,84,standard,yes
-1.0,2,standard,no
27.500000000000004,4,standard,no
27.500000000000004,4,standard,no
27.500000000000004,4,standard,no
100.0,3,standard,no
-1.0,8,standard,no
-1.0,8,standard,no
-1.0,8,standard,no
-1.0,8,standard,no
-1.0,8,standard,no
-1.0,8,standard,no
32.0,77,standard,yes
7.4074074074074066,113,standard,no
7.4074074074074066,113,standard,no
397.77777777777777,10,standard,no
397.77777777777777,10,standard,no
-1.0,72,first class,no
-1.0,48,standard,no
-1.0,13,standard,yes
213.33333333333334,4,standard,no
-1.0,48,standard,no
384.44444444444446,6,standard,no
15.0,11,standard,yes
-1.0,19,standard,no
-1.0,13,standard,yes
27.500000000000004,7,standard,yes
27.500000000000004,7,standard,no
27.500000000000004,7,standard,no
-1.0,19,standard,yes
42.66666666666667,11,standard,yes
100.0,4,standard,no
76.66666666666667,13,standard,no
76.66666666666667,13,standard,no
4.545454545454546,84,standard,yes
-1.0,10,standard,yes
-1.0,12,standard,no
-1.0,12,standard,no
-1.0,12,standard,no
-1.0,12,standard,no
20.0,56,standard,yes
-1.0,3,standard,yes
-1.0,5,standard,yes
-1.0,10,first class,no
-1.0,3,standard,no
-1.0,17,standard,no
-1.0,17,standard,no
43.333333333333336,10,first class,yes
13.333333333333334,76,standard,yes
40.909090909090914,84,standard,no
40.909090909090914,84,standard,no
-1.0,22,standard,no
38.18181818181819,168,standard,no
38.18181818181819,168,standard,no
38.18181818181819,168,standard,no
384.44444444444446,10,standard,no
-1.0,76,standard,no
22.5,21,standard,no
-1.0,118,first class,no
-1.0,76,standard,no
-1.0,76,standard,no
42.5,11,standard,yes
42.5,11,standard,yes
93.33333333333333,3,standard,yes
30.0,7,standard,yes
-1.0,8,standard,yes
-1.0,8,standard,no
-1.0,8,standard,no
-1.0,54,first class,no
-1.0,54,first class,no
-1.0,35,standard,yes
17.5,31,standard,yes
-1.0,5,standard,no
-1.0,5,standard,no
-1.0,5,standard,no
-1.0,5,standard,no
3.076923076923077,29,standard,yes
6.666666666666667,101,standard,yes
-1.0,3,standard,no
-1.0,19,standard,yes
-1.0,33,standard,no
-1.0,151,standard,no
-1.0,151,standard,no
-1.0,151,standard,no
-1.0,151,standard,no
-1.0,151,standard,yes
-1.0,151,standard,no
-1.0,13,standard,no
-1.0,18,standard,no
-1.0,18,standard,no
-1.0,27,first class,no
35.55555555555556,118,first class,no
47.5,21,standard,no
35.55555555555556,76,standard,no
35.55555555555556,76,standard,no
44.54545454545455,84,standard,no
-1.0,12,standard,yes
76.66666666666667,3,standard,yes
-1.0,2,standard,no
-1.0,13,standard,no
-1.0,4,standard,no
-1.0,143,standard,yes
11.851851851851853,50,standard,yes
11.851851851851853,50,standard,yes
11.851851851851853,50,standard,yes
-1.0,4,standard,yes
-1.0,4,standard,no
35.55555555555556,151,standard,no
35.55555555555556,151,standard,no
35.55555555555556,151,standard,no
35.55555555555556,151,standard,no
35.55555555555556,151,standard,no
35.55555555555556,151,standard,no
35.55555555555556,151,standard,no
-1.0,25,standard,yes
-1.0,35,standard,no
-1.0,63,first class,no
-1.0,35,standard,yes
82.5,10,standard,no
22.22222222222222,76,standard,no
106.66666666666667,6,standard,no
53.75,19,first class,yes
-1.0,3,standard,yes
53.75,7,standard,yes
143.33333333333334,7,first class,yes
-1.0,19,standard,no
-1.0,41,first class,no
143.33333333333334,2,standard,no
-1.0,8,standard,no
-1.0,7,standard,yes
-1.0,7,standard,no
-1.0,25,standard,yes
-1.0,8,standard,yes
-1.0,8,standard,no
-1.0,35,standard,no
-1.0,13,standard,yes
-1.0,13,standard,no
22.22222222222222,151,standard,no
22.22222222222222,151,standard,no
22.22222222222222,151,standard,no
22.22222222222222,151,standard,no
22.22222222222222,151,standard,no
22.22222222222222,151,standard,no
22.22222222222222,151,standard,no
-1.0,3,standard,no
42.96296296296296,76,standard,no
42.96296296296296,118,first class,no
42.96296296296296,76,standard,no
42.96296296296296,76,standard,no
19.090909090909093,84,standard,no
80.0,4,standard,no
42.96296296296296,76,standard,no
-1.0,12,standard,no
-1.0,12,standard,no
-1.0,12,standard,no
-1.0,12,standard,no
3.3333333333333335,2,standard,yes
21.25,7,standard,yes
526.6666666666666,3,standard,no
-1.0,2,standard,yes
2.6923076923076925,43,standard,yes
-1.0,70,standard,yes
14.074074074074074,76,standard,yes
20.909090909090907,84,standard,yes
-1.0,13,standard,no
0.7407407407407408,157,first class,yes
-1.0,2,standard,no
-1.0,2,standard,no
-1.0,2,standard,no
13.333333333333334,50,standard,yes
-1.0,2,standard,no
-1.0,2,standard,no
-1.0,2,standard,yes
213.33333333333334,3,standard,no
213.33333333333334,3,standard,no
213.33333333333334,3,standard,no
-1.0,3,standard,no
68.0,15,first class,no
42.96296296296296,151,standard,no
42.96296296296296,151,standard,no
351.1111111111111,10,standard,no
15.454545454545453,35,standard,no
67.5,21,standard,no
67.5,55,first class,no
3.3333333333333335,3,standard,no
70.0,2,standard,no
55.00000000000001,7,standard,yes
-1.0,3,standard,yes
-1.0,10,first class,no
36.25,7,standard,no
54.666666666666664,17,standard,yes
-1.0,23,standard,no
-1.0,12,standard,no
-1.0,3,standard,no
2.6923076923076925,43,standard,yes
20.909090909090907,126,standard,yes
213.33333333333334,19,first class,no
213.33333333333334,19,first class,no
213.33333333333334,5,standard,no
213.33333333333334,19,first class,no
23.636363636363637,84,standard,yes
213.33333333333334,5,standard,no
213.33333333333334,5,standard,no
213.33333333333334,5,standard,no
13.333333333333334,101,standard,yes
-1.0,5,standard,no
-1.0,3,standard,no
-1.0,3,standard,no
-1.0,3,standard,no
-1.0,3,standard,no
-1.0,2,standard,no
-1.0,3,standard,yes
-1.0,16,standard,no
-1.0,16,standard,no
190.0,3,standard,no
-1.0,13,standard,no
70.0,13,standard,no
2.2222222222222223,76,standard,yes
-1.0,13,standard,yes
-1.0,13,standard,no
46.0,8,standard,no
9.090909090909092,200,first class,no
67.5,31,standard,no
-1.0,52,first class,no
-1.0,35,standard,no
-1.0,76,standard,no
-1.0,76,standard,no
-1.0,76,standard,no
55.00000000000001,11,standard,yes
96.66666666666667,3,standard,yes
-1.0,7,standard,yes
-1.0,13,standard,no
-1.0,13,standard,no
-1.0,3,standard,no
190.0,4,standard,no
190.0,4,standard,no
190.0,4,standard,no
126.66666666666666,4,standard,yes
126.66666666666666,4,standard,yes
-1.0,10,standard,yes
35.333333333333336,77,standard,yes
-1.0,78,first class,yes
64.0,8,standard,no
-1.0,54,first class,no
-1.0,8,standard,no
-1.0,8,standard,no
-1.0,113,standard,no
-1.0,113,standard,no
26.36363636363636,35,standard,no
-1.0,76,standard,no
-1.0,76,standard,no
-1.0,76,standard,no
566.6666666666667,4,standard,no
-1.0,76,standard,no
-1.0,76,standard,yes
566.6666666666667,4,standard,no
566.6666666666667,4,standard,no
75.0,7,standard,no
21.25,11,standard,yes
-1.0,19,standard,no
-1.0,19,standard,no
-1.0,19,standard,no
21.48148148148148,50,standard,yes
10.909090909090908,134,first class,yes
11.11111111111111,76,standard,yes
-1.0,13,standard,no
-1.0,8,first class,no
-1.0,8,standard,yes
-1.0,19,standard,no
-1.0,41,first class,yes
-1.0,35,standard,no
-1.0,57,first class,no
-1.0,35,standard,no
-1.0,5,standard,no
-1.0,35,standard,no
-1.0,8,standard,yes
-1.0,8,standard,yes
-1.0,2,standard,yes
-1.0,2,standard,no
146.66666666666666,4,standard,yes
-1.0,13,standard,no
-1.0,203,first class,no
-1.0,8,standard,yes
61.66666666666667,13,standard,no
-1.0,5,standard,yes
26.36363636363636,47,standard,no
26.36363636363636,70,standard,no
26.36363636363636,70,standard,no
-1.0,16,standard,yes
-1.0,151,standard,no
-1.0,151,standard,no
-1.0,151,standard,no
-1.0,235,first class,no
-1.0,151,standard,no
-1.0,151,standard,no
357.77777777777777,10,standard,no
-1.0,35,standard,no
-1.0,35,standard,yes
-1.0,2,standard,yes
-1.0,2,standard,no
-1.0,2,standard,no
-1.0,35,standard,no
38.51851851851852,118,first class,no
38.51851851851852,76,standard,no
38.51851851851852,76,standard,no
51.81818181818182,84,standard,no
38.51851851851852,76,standard,no
38.51851851851852,76,standard,no
51.81818181818182,84,standard,no
38.51851851851852,118,first class,no
68.33333333333333,8,standard,no
-1.0,3,standard,yes
10.0,19,first class,yes
47.5,7,standard,no
6.25,31,standard,yes
-1.0,114,first class,no
-1.0,70,standard,no
-1.0,16,standard,no
22.5,4,standard,no
22.5,35,first class,no
22.5,4,standard,no
22.5,4,standard,yes
-1.0,35,first class,no
-1.0,53,standard,yes
-1.0,19,standard,no
35.0,27,first class,no
20.0,84,standard,yes
10.0,84,standard,no
15.0,8,standard,no
-1.0,70,standard,no
-1.0,70,standard,no
-1.0,47,standard,no
38.51851851851852,151,standard,no
38.51851851851852,151,standard,no
62.22222222222222,10,standard,no
40.74074074074074,76,standard,no
40.74074074074074,76,standard,no
40.74074074074074,76,standard,no
40.74074074074074,76,standard,no
40.74074074074074,76,standard,no
-1.0,3,standard,no
6.666666666666667,3,standard,yes
3.6363636363636362,23,standard,no
-1.0,3,standard,no
-1.0,3,standard,no
22.5,9,standard,no
17.5,21,standard,yes
-1.0,9,standard,no
-1.0,69,first class,no
17.272727272727273,112,standard,yes
-1.0,3,standard,yes
-1.0,54,first class,no
-1.0,8,standard,no
-1.0,8,standard,no
-1.0,5,standard,no
-1.0,8,standard,no
40.0,4,standard,yes
38.0,77,standard,yes
38.0,77,standard,yes
15.0,19,standard,no
15.0,13,standard,no
180.0,3,standard,yes
12.592592592592592,76,standard,yes
40.74074074074074,151,standard,no
40.74074074074074,151,standard,no
40.74074074074074,151,standard,no
40.74074074074074,151,standard,no
40.74074074074074,151,standard,no
3.6363636363636362,57,first class,no
416.6666666666667,3,standard,no
-1.0,2,standard,yes
2.5,29,first class,yes
23.75,7,standard,yes
12.727272727272727,56,standard,yes
-1.0,16,standard,no
-1.0,16,standard,no
-1.0,16,standard,yes
-1.0,16,standard,no
-1.0,7,standard,no
-1.0,7,standard,no
-1.0,13,standard,no
-1.0,3,standard,yes
-1.0,13,standard,yes
-1.0,2,standard,no
-1.0,2,standard,no
-1.0,3,standard,yes
-1.0,35,standard,no
-1.0,35,standard,no
180.0,4,standard,yes
17.272727272727273,126,standard,no
17.272727272727273,126,standard,no
80.0,3,standard,yes
-1.0,12,standard,no
-1.0,12,standard,no
-1.0,12,standard,yes
44.54545454545455,84,standard,no
35.55555555555556,151,standard,no
35.55555555555556,151,standard,no
-1.0,8,standard,no
416.6666666666667,10,first class,no
24.444444444444443,76,standard,no
20.0,3,standard,yes
303.3333333333333,3,standard,no
10.76923076923077,29,standard,yes
16.363636363636363,84,standard,yes
2.2222222222222223,101,standard,yes
15.454545454545453,56,standard,yes
5.185185185185185,50,standard,yes
-1.0,13,first class,no
-1.0,3,standard,no
-1.0,3,standard,no
5.185185185185185,50,standard,no
-1.0,53,standard,no
-1.0,128,standard,no
-1.0,17,standard,no
-1.0,7,standard,no
-1.0,7,standard,yes
-1.0,7,standard,no
-1.0,15,first class,yes
-1.0,15,first class,no
-1.0,7,standard,no
-1.0,18,standard,yes
24.444444444444443,151,standard,no
24.444444444444443,151,standard,no
24.444444444444443,151,standard,no
24.444444444444443,235,first class,no
60.0,8,standard,no
56.00000000000001,7,standard,no
136.66666666666666,3,standard,no
-1.0,4,standard,yes
136.66666666666666,3,standard,yes
106.66666666666667,2,standard,yes
91.66666666666666,19,standard,no
91.66666666666666,19,standard,no
6.666666666666667,50,standard,yes
6.153846153846154,29,standard,yes
-1.0,7,standard,no
-1.0,4,standard,no
5.454545454545454,56,standard,yes
-1.0,21,standard,yes
-1.0,16,standard,no
-1.0,16,standard,yes
-1.0,2,standard,no
-1.0,16,standard,no
-1.0,2,standard,yes
-1.0,2,standard,no
-1.0,76,standard,yes
-1.0,10,standard,no
-1.0,10,standard,no
-1.0,13,standard,yes
-1.0,18,first class,no
60.0,13,standard,no
313.3333333333333,10,standard,no
-1.0,35,standard,no
-1.0,13,standard,no
-1.0,27,first class,no
-1.0,35,standard,no
43.333333333333336,4,standard,no
31.851851851851855,76,standard,no
304.44444444444446,6,standard,no
-1.0,7,standard,no
-1.0,10,standard,no
200.0,3,standard,no
200.0,10,first class,no
1.3333333333333335,17,standard,yes
-1.0,52,first class,no
-1.0,7,standard,no
-1.0,13,standard,no
-1.0,18,first class,no
-1.0,4,standard,yes
14.814814814814813,118,first class,yes
-1.0,4,standard,no
14.814814814814813,76,standard,yes
106.25,4,standard,no
106.25,4,standard,no
-1.0,35,standard,no
17.037037037037038,50,standard,yes
-1.0,2,standard,no
-1.0,2,standard,yes
-1.0,23,standard,no
-1.0,2,standard,no
-1.0,5,standard,yes
9.090909090909092,126,standard,no
-1.0,53,standard,yes
-1.0,13,standard,yes
31.851851851851855,113,standard,no
31.851851851851855,113,standard,no
31.25,31,standard,no
31.851851851851855,113,standard,no
31.851851851851855,113,standard,no
31.851851851851855,176,first class,no
31.851851851851855,113,standard,no
31.851851851851855,113,standard,no
31.851851851851855,113,standard,no
-1.0,19,standard,yes
-1.0,19,standard,no
10.0,2,standard,no
-1.0,39,first class,yes
40.0,11,standard,yes
136.66666666666666,2,standard,yes
-1.0,3,standard,yes
-1.0,19,standard,yes
-1.0,8,standard,no
106.25,7,standard,no
106.25,52,first class,no
106.25,52,first class,no
106.25,7,standard,no
106.25,7,standard,no
106.25,7,standard,no
4.444444444444445,50,standard,yes
17.037037037037038,76,standard,no
90.0,13,standard,no
90.0,13,standard,no
90.0,13,standard,no
90.0,13,standard,no
17.037037037037038,76,standard,yes
90.0,3,standard,no
90.0,3,standard,no
90.0,3,standard,no
-1.0,8,standard,no
123.33333333333334,3,standard,yes
65.0,8,standard,no
93.33333333333333,2,standard,no
-1.0,7,first class,no
36.2962962962963,76,standard,no
66.25,10,standard,no
-1.0,4,standard,no
75.0,8,standard,no
-1.0,10,first class,no
-1.0,3,standard,yes
-1.0,7,standard,no
-1.0,7,standard,yes
11.818181818181818,200,first class,yes
0.7407407407407408,113,standard,yes
90.0,19,first class,no
90.0,5,standard,no
90.0,19,first class,no
-1.0,35,first class,no
-1.0,4,standard,no
-1.0,38,first class,no
-1.0,12,standard,no
-1.0,2,standard,yes
-1.0,2,standard,no
-1.0,2,standard,no
-1.0,2,standard,no
-1.0,3,standard,yes
-1.0,3,standard,no
-1.0,8,standard,yes
-1.0,8,standard,no
-1.0,8,standard,no
-1.0,3,standard,no
-1.0,8,standard,no
-1.0,5,standard,no
-1.0,8,standard,no
6.363636363636363,126,standard,no
-1.0,3,standard,yes
-1.0,3,standard,no
-1.0,5,standard,no
36.2962962962963,151,standard,no
563.3333333333334,4,standard,no
563.3333333333334,4,standard,no
17.5,11,standard,yes
-1.0,3,standard,yes
-1.0,3,standard,no
-1.0,7,standard,no
-1.0,70,standard,yes
-1.0,10,standard,no
20.74074074074074,101,standard,yes
-1.0,11,standard,no
-1.0,144,first class,no
-1.0,95,standard,yes
-1.0,5,standard,no
-1.0,16,standard,no
-1.0,13,first class,no
