Date of Journey,Route,Demand
2024-01-01,birmingham new street-london st pancras,3
2024-01-01,birmingham new street-manchester piccadilly,1
2024-01-01,birmingham new street-tamworth,1
2024-01-01,liverpool lime street-london euston,3
2024-01-01,liverpool lime street-manchester piccadilly,7
2024-01-01,london euston-birmingham new street,6
2024-01-01,london euston-oxford,1
2024-01-01,london euston-york,1
2024-01-01,london kings cross-york,13
2024-01-01,london paddington-liverpool lime street,1
2024-01-01,london paddington-london waterloo,1
2024-01-01,london paddington-reading,10
2024-01-01,london st pancras-birmingham new street,7
2024-01-01,manchester piccadilly-liverpool lime street,7
2024-01-01,manchester piccadilly-london paddington,1
2024-01-01,manchester piccadilly-sheffield,1
2024-01-01,oxford-bristol temple meads,1
2024-01-01,york-durham,1
2024-01-02,birmingham new street-london euston,1
2024-01-02,birmingham new street-london st pancras,2
2024-01-02,birmingham new street-stafford,3
2024-01-02,birmingham new street-tamworth,1
2024-01-02,liverpool lime street-crewe,1
2024-01-02,liverpool lime street-london euston,5
2024-01-02,liverpool lime street-manchester piccadilly,12
2024-01-02,london euston-birmingham new street,17
2024-01-02,london euston-manchester piccadilly,3
2024-01-02,london kings cross-liverpool lime street,1
2024-01-02,london kings cross-york,21
2024-01-02,london paddington-oxford,2
2024-01-02,london paddington-reading,11
2024-01-02,london st pancras-birmingham new street,20
2024-01-02,london st pancras-leicester,1
2024-01-02,london st pancras-wolverhampton,4
2024-01-02,manchester piccadilly-leeds,1
2024-01-02,manchester piccadilly-liverpool lime street,24
2024-01-02,manchester piccadilly-london euston,4
2024-01-02,manchester piccadilly-nottingham,1
2024-01-02,oxford-bristol temple meads,2
2024-01-02,reading-london paddington,1
2024-01-02,reading-swindon,2
2024-01-02,york-doncaster,1
2024-01-02,york-durham,2
2024-01-02,york-edinburgh,2
2024-01-02,york-peterborough,1
2024-01-03,birmingham new street-edinburgh,1
2024-01-03,birmingham new street-liverpool lime street,1
2024-01-03,birmingham new street-london st pancras,6
2024-01-03,birmingham new street-manchester piccadilly,2
2024-01-03,birmingham new street-nuneaton,4
2024-01-03,birmingham new street-reading,1
2024-01-03,birmingham new street-stafford,1
2024-01-03,birmingham new street-tamworth,1
2024-01-03,edinburgh waverley-london kings cross,1
2024-01-03,liverpool lime street-leeds,3
2024-01-03,liverpool lime street-london euston,11
2024-01-03,liverpool lime street-manchester piccadilly,34
2024-01-03,london euston-birmingham new street,32
2024-01-03,london euston-manchester piccadilly,6
2024-01-03,london kings cross-edinburgh waverley,2
2024-01-03,london kings cross-liverpool lime street,3
2024-01-03,london kings cross-york,34
2024-01-03,london paddington-oxford,5
2024-01-03,london paddington-reading,46
2024-01-03,london st pancras-birmingham new street,25
2024-01-03,london st pancras-leicester,3
2024-01-03,manchester piccadilly-leeds,1
2024-01-03,manchester piccadilly-liverpool lime street,38
2024-01-03,manchester piccadilly-london euston,2
2024-01-03,manchester piccadilly-london kings cross,1
2024-01-03,manchester piccadilly-london paddington,2
2024-01-03,manchester piccadilly-york,1
2024-01-03,reading-didcot,2
2024-01-03,reading-london paddington,2
2024-01-03,reading-oxford,1
2024-01-03,reading-swindon,7
2024-01-03,york-birmingham new street,1
2024-01-03,york-doncaster,4
2024-01-03,york-durham,5
2024-01-03,york-edinburgh,2
2024-01-03,york-peterborough,1
2024-01-04,birmingham new street-liverpool lime street,2
2024-01-04,birmingham new street-london euston,1
2024-01-04,birmingham new street-london paddington,1
2024-01-04,birmingham new street-london st pancras,4
2024-01-04,birmingham new street-nuneaton,2
2024-01-04,birmingham new street-stafford,1
2024-01-04,birmingham new street-tamworth,1
2024-01-04,birmingham new street-york,1
2024-01-04,edinburgh waverley-london kings cross,1
2024-01-04,liverpool lime street-crewe,3
2024-01-04,liverpool lime street-leeds,3
2024-01-04,liverpool lime street-london euston,16
2024-01-04,liverpool lime street-london st pancras,1
2024-01-04,liverpool lime street-manchester piccadilly,30
2024-01-04,liverpool lime street-sheffield,2
2024-01-04,london euston-birmingham new street,36
2024-01-04,london euston-manchester piccadilly,9
2024-01-04,london kings cross-liverpool lime street,4
2024-01-04,london kings cross-york,25
2024-01-04,london paddington-london waterloo,2
2024-01-04,london paddington-oxford,3
2024-01-04,london paddington-reading,37
2024-01-04,london st pancras-birmingham new street,31
2024-01-04,london st pancras-leicester,2
2024-01-04,manchester piccadilly-leeds,2
2024-01-04,manchester piccadilly-liverpool lime street,35
2024-01-04,manchester piccadilly-london euston,3
2024-01-04,manchester piccadilly-london paddington,3
2024-01-04,manchester piccadilly-sheffield,1
2024-01-04,reading-london paddington,3
2024-01-04,reading-swindon,2
2024-01-04,york-doncaster,2
2024-01-04,york-durham,2
2024-01-04,york-edinburgh,1
2024-01-04,york-peterborough,2
2024-01-05,birmingham new street-coventry,1
2024-01-05,birmingham new street-liverpool lime street,1
2024-01-05,birmingham new street-london st pancras,3
2024-01-05,birmingham new street-manchester piccadilly,4
2024-01-05,birmingham new street-nuneaton,2
2024-01-05,birmingham new street-reading,1
2024-01-05,birmingham new street-stafford,2
2024-01-05,birmingham new street-tamworth,3
2024-01-05,birmingham new street-york,1
2024-01-05,liverpool lime street-crewe,1
2024-01-05,liverpool lime street-leeds,1
2024-01-05,liverpool lime street-london euston,6
2024-01-05,liverpool lime street-manchester piccadilly,34
2024-01-05,liverpool lime street-sheffield,3
2024-01-05,london euston-birmingham new street,36
2024-01-05,london euston-manchester piccadilly,5
2024-01-05,london kings cross-edinburgh waverley,1
2024-01-05,london kings cross-liverpool lime street,2
2024-01-05,london kings cross-york,25
2024-01-05,london paddington-oxford,8
2024-01-05,london paddington-reading,24
2024-01-05,london st pancras-birmingham new street,28
2024-01-05,london st pancras-leicester,4
2024-01-05,manchester piccadilly-leeds,2
2024-01-05,manchester piccadilly-liverpool lime street,30
2024-01-05,manchester piccadilly-london euston,5
2024-01-05,manchester piccadilly-london paddington,1
2024-01-05,manchester piccadilly-sheffield,2
2024-01-05,reading-birmingham new street,1
2024-01-05,reading-london paddington,4
2024-01-05,reading-oxford,1
2024-01-05,york-doncaster,5
2024-01-05,york-durham,1
2024-01-05,york-edinburgh,2
2024-01-05,york-peterborough,3
2024-01-06,birmingham new street-coventry,1
2024-01-06,birmingham new street-edinburgh,1
2024-01-06,birmingham new street-london euston,3
2024-01-06,birmingham new street-london st pancras,7
2024-01-06,birmingham new street-manchester piccadilly,3
2024-01-06,birmingham new street-nuneaton,2
2024-01-06,birmingham new street-reading,1
2024-01-06,birmingham new street-stafford,1
2024-01-06,birmingham new street-tamworth,1
2024-01-06,liverpool lime street-crewe,2
2024-01-06,liverpool lime street-london euston,6
2024-01-06,liverpool lime street-manchester piccadilly,23
2024-01-06,liverpool lime street-sheffield,1
2024-01-06,london euston-birmingham new street,30
2024-01-06,london euston-manchester piccadilly,4
2024-01-06,london euston-oxford,1
2024-01-06,london kings cross-edinburgh waverley,1
2024-01-06,london kings cross-liverpool lime street,2
2024-01-06,london kings cross-york,39
2024-01-06,london paddington-liverpool lime street,1
2024-01-06,london paddington-oxford,3
2024-01-06,london paddington-reading,28
2024-01-06,london st pancras-birmingham new street,26
2024-01-06,london st pancras-leicester,3
2024-01-06,manchester piccadilly-liverpool lime street,32
2024-01-06,manchester piccadilly-london euston,3
2024-01-06,manchester piccadilly-london kings cross,1
2024-01-06,manchester piccadilly-london paddington,1
2024-01-06,manchester piccadilly-london st pancras,1
2024-01-06,manchester piccadilly-nottingham,1
2024-01-06,manchester piccadilly-sheffield,1
2024-01-06,oxford-bristol temple meads,1
2024-01-06,reading-didcot,1
2024-01-06,reading-oxford,1
2024-01-06,reading-swindon,4
2024-01-06,york-doncaster,1
2024-01-06,york-durham,5
2024-01-06,york-edinburgh,3
2024-01-06,york-leeds,1
2024-01-06,york-peterborough,3
2024-01-07,birmingham new street-coventry,1
2024-01-07,birmingham new street-liverpool lime street,1
2024-01-07,birmingham new street-london euston,1
2024-01-07,birmingham new street-london st pancras,3
2024-01-07,birmingham new street-manchester piccadilly,1
2024-01-07,birmingham new street-nuneaton,2
2024-01-07,birmingham new street-reading,1
2024-01-07,birmingham new street-stafford,1
2024-01-07,birmingham new street-tamworth,2
2024-01-07,liverpool lime street-crewe,1
2024-01-07,liverpool lime street-leeds,1
2024-01-07,liverpool lime street-london euston,10
2024-01-07,liverpool lime street-manchester piccadilly,20
2024-01-07,liverpool lime street-sheffield,1
2024-01-07,london euston-birmingham new street,34
2024-01-07,london euston-manchester piccadilly,4
2024-01-07,london euston-york,1
2024-01-07,london kings cross-edinburgh waverley,1
2024-01-07,london kings cross-york,35
2024-01-07,london paddington-manchester piccadilly,1
2024-01-07,london paddington-reading,26
2024-01-07,london st pancras-birmingham new street,32
2024-01-07,london st pancras-leicester,3
2024-01-07,london st pancras-wolverhampton,1
2024-01-07,manchester piccadilly-leeds,1
2024-01-07,manchester piccadilly-liverpool lime street,40
2024-01-07,manchester piccadilly-london euston,1
2024-01-07,manchester piccadilly-london paddington,3
2024-01-07,manchester piccadilly-nottingham,4
2024-01-07,manchester piccadilly-sheffield,2
2024-01-07,reading-liverpool lime street,1
2024-01-07,reading-oxford,1
2024-01-07,reading-swindon,3
2024-01-07,york-doncaster,2
2024-01-07,york-durham,1
2024-01-07,york-edinburgh,1
2024-01-07,york-edinburgh waverley,1
2024-01-07,york-peterborough,3
2024-01-08,birmingham new street-coventry,1
2024-01-08,birmingham new street-liverpool lime street,1
2024-01-08,birmingham new street-london euston,2
2024-01-08,birmingham new street-london st pancras,3
2024-01-08,birmingham new street-manchester piccadilly,1
2024-01-08,birmingham new street-nuneaton,1
2024-01-08,birmingham new street-stafford,3
2024-01-08,birmingham new street-tamworth,2
2024-01-08,birmingham new street-wolverhampton,1
2024-01-08,birmingham new street-york,1
2024-01-08,liverpool lime street-crewe,1
2024-01-08,liverpool lime street-leeds,1
2024-01-08,liverpool lime street-london euston,5
2024-01-08,liverpool lime street-manchester piccadilly,31
2024-01-08,liverpool lime street-sheffield,3
2024-01-08,london euston-birmingham new street,37
2024-01-08,london euston-manchester piccadilly,5
2024-01-08,london kings cross-edinburgh waverley,3
2024-01-08,london kings cross-liverpool lime street,3
2024-01-08,london kings cross-york,37
2024-01-08,london paddington-liverpool lime street,1
2024-01-08,london paddington-london waterloo,4
2024-01-08,london paddington-manchester piccadilly,2
2024-01-08,london paddington-oxford,1
2024-01-08,london paddington-reading,33
2024-01-08,london st pancras-birmingham new street,29
2024-01-08,london st pancras-leicester,2
2024-01-08,manchester piccadilly-liverpool lime street,46
2024-01-08,manchester piccadilly-london euston,6
2024-01-08,manchester piccadilly-nottingham,2
2024-01-08,manchester piccadilly-york,2
2024-01-08,oxford-bristol temple meads,2
2024-01-08,reading-birmingham new street,2
2024-01-08,reading-london paddington,1
2024-01-08,reading-oxford,1
2024-01-08,reading-swindon,4
2024-01-08,york-durham,5
2024-01-08,york-edinburgh,1
2024-01-08,york-peterborough,3
2024-01-09,birmingham new street-coventry,1
2024-01-09,birmingham new street-edinburgh,1
2024-01-09,birmingham new street-london kings cross,1
2024-01-09,birmingham new street-london paddington,1
2024-01-09,birmingham new street-london st pancras,9
2024-01-09,birmingham new street-manchester piccadilly,2
2024-01-09,birmingham new street-nuneaton,3
2024-01-09,birmingham new street-stafford,1
2024-01-09,liverpool lime street-crewe,4
2024-01-09,liverpool lime street-leeds,1
2024-01-09,liverpool lime street-london euston,8
2024-01-09,liverpool lime street-london paddington,1
2024-01-09,liverpool lime street-manchester piccadilly,23
2024-01-09,london euston-birmingham new street,29
2024-01-09,london euston-manchester piccadilly,11
2024-01-09,london kings cross-edinburgh waverley,1
2024-01-09,london kings cross-liverpool lime street,2
2024-01-09,london kings cross-york,41
2024-01-09,london paddington-oxford,3
2024-01-09,london paddington-reading,48
2024-01-09,london st pancras-birmingham new street,18
2024-01-09,london st pancras-leicester,5
2024-01-09,manchester piccadilly-leeds,1
2024-01-09,manchester piccadilly-liverpool lime street,35
2024-01-09,manchester piccadilly-london euston,2
2024-01-09,manchester piccadilly-nottingham,3
2024-01-09,manchester piccadilly-sheffield,1
2024-01-09,reading-didcot,1
2024-01-09,reading-london paddington,2
2024-01-09,reading-swindon,2
2024-01-09,york-doncaster,2
2024-01-09,york-peterborough,3
2024-01-10,birmingham new street-liverpool lime street,3
2024-01-10,birmingham new street-london euston,1
2024-01-10,birmingham new street-london st pancras,2
2024-01-10,birmingham new street-manchester piccadilly,1
2024-01-10,birmingham new street-nuneaton,1
2024-01-10,birmingham new street-stafford,2
2024-01-10,birmingham new street-tamworth,1
2024-01-10,birmingham new street-york,1
2024-01-10,edinburgh waverley-london kings cross,1
2024-01-10,liverpool lime street-crewe,2
2024-01-10,liverpool lime street-london euston,10
2024-01-10,liverpool lime street-manchester piccadilly,21
2024-01-10,liverpool lime street-sheffield,2
2024-01-10,london euston-birmingham new street,36
2024-01-10,london euston-manchester piccadilly,10
2024-01-10,london kings cross-edinburgh waverley,3
2024-01-10,london kings cross-york,28
2024-01-10,london paddington-oxford,6
2024-01-10,london paddington-reading,33
2024-01-10,london st pancras-birmingham new street,28
2024-01-10,london st pancras-leicester,7
2024-01-10,manchester piccadilly-leeds,3
2024-01-10,manchester piccadilly-liverpool lime street,49
2024-01-10,manchester piccadilly-london euston,3
2024-01-10,manchester piccadilly-london paddington,1
2024-01-10,reading-london paddington,1
2024-01-10,reading-oxford,2
2024-01-10,reading-swindon,2
2024-01-10,york-doncaster,1
2024-01-10,york-durham,2
2024-01-10,york-edinburgh,1
2024-01-10,york-edinburgh waverley,1
2024-01-10,york-peterborough,2
2024-01-10,york-wakefield,1
2024-01-11,birmingham new street-liverpool lime street,1
2024-01-11,birmingham new street-london st pancras,6
2024-01-11,birmingham new street-manchester piccadilly,1
2024-01-11,birmingham new street-nuneaton,3
2024-01-11,birmingham new street-stafford,1
2024-01-11,birmingham new street-tamworth,2
2024-01-11,birmingham new street-wolverhampton,1
2024-01-11,birmingham new street-york,1
2024-01-11,liverpool lime street-leeds,1
2024-01-11,liverpool lime street-london euston,14
2024-01-11,liverpool lime street-manchester piccadilly,25
2024-01-11,london euston-birmingham new street,48
2024-01-11,london euston-manchester piccadilly,8
2024-01-11,london euston-york,1
2024-01-11,london kings cross-edinburgh waverley,2
2024-01-11,london kings cross-liverpool lime street,2
2024-01-11,london kings cross-york,32
2024-01-11,london paddington-liverpool lime street,1
2024-01-11,london paddington-manchester piccadilly,1
2024-01-11,london paddington-oxford,4
2024-01-11,london paddington-reading,42
2024-01-11,london st pancras-birmingham new street,33
2024-01-11,london st pancras-leicester,3
2024-01-11,manchester piccadilly-leeds,1
2024-01-11,manchester piccadilly-liverpool lime street,33
2024-01-11,manchester piccadilly-london euston,3
2024-01-11,manchester piccadilly-london paddington,1
2024-01-11,manchester piccadilly-nottingham,3
2024-01-11,manchester piccadilly-sheffield,3
2024-01-11,manchester piccadilly-york,1
2024-01-11,oxford-bristol temple meads,2
2024-01-11,reading-birmingham new street,1
2024-01-11,reading-london paddington,1
2024-01-11,reading-swindon,3
2024-01-11,york-doncaster,1
2024-01-11,york-durham,3
2024-01-11,york-peterborough,1
2024-01-12,birmingham new street-liverpool lime street,2
2024-01-12,birmingham new street-london st pancras,7
2024-01-12,birmingham new street-manchester piccadilly,5
2024-01-12,birmingham new street-nuneaton,2
2024-01-12,birmingham new street-stafford,4
2024-01-12,birmingham new street-tamworth,3
2024-01-12,liverpool lime street-london euston,7
2024-01-12,liverpool lime street-manchester piccadilly,36
2024-01-12,london euston-birmingham new street,36
2024-01-12,london euston-manchester piccadilly,9
2024-01-12,london kings cross-liverpool lime street,1
2024-01-12,london kings cross-york,29
2024-01-12,london paddington-liverpool lime street,1
2024-01-12,london paddington-oxford,5
2024-01-12,london paddington-reading,36
2024-01-12,london st pancras-birmingham new street,21
2024-01-12,london st pancras-leicester,2
2024-01-12,manchester piccadilly-leeds,2
2024-01-12,manchester piccadilly-liverpool lime street,39
2024-01-12,manchester piccadilly-london euston,5
2024-01-12,manchester piccadilly-london paddington,3
2024-01-12,manchester piccadilly-york,1
2024-01-12,oxford-bristol temple meads,3
2024-01-12,reading-didcot,1
2024-01-12,reading-london paddington,2
2024-01-12,reading-oxford,2
2024-01-12,reading-swindon,4
2024-01-12,york-doncaster,3
2024-01-12,york-durham,3
2024-01-12,york-liverpool lime street,1
2024-01-12,york-peterborough,2
2024-01-13,birmingham new street-liverpool lime street,2
2024-01-13,birmingham new street-london euston,2
2024-01-13,birmingham new street-london st pancras,3
2024-01-13,birmingham new street-manchester piccadilly,3
2024-01-13,birmingham new street-nuneaton,3
2024-01-13,birmingham new street-stafford,2
2024-01-13,birmingham new street-tamworth,2
2024-01-13,birmingham new street-york,1
2024-01-13,bristol temple meads-cardiff central,1
2024-01-13,liverpool lime street-crewe,2
2024-01-13,liverpool lime street-leeds,1
2024-01-13,liverpool lime street-london euston,6
2024-01-13,liverpool lime street-manchester piccadilly,21
2024-01-13,london euston-birmingham new street,37
2024-01-13,london euston-manchester piccadilly,6
2024-01-13,london euston-oxford,1
2024-01-13,london kings cross-liverpool lime street,2
2024-01-13,london kings cross-york,34
2024-01-13,london paddington-oxford,3
2024-01-13,london paddington-reading,34
2024-01-13,london st pancras-birmingham new street,33
2024-01-13,london st pancras-leicester,4
2024-01-13,manchester piccadilly-liverpool lime street,49
2024-01-13,manchester piccadilly-london euston,3
2024-01-13,manchester piccadilly-london paddington,3
2024-01-13,manchester piccadilly-nottingham,1
2024-01-13,manchester piccadilly-sheffield,4
2024-01-13,reading-birmingham new street,2
2024-01-13,reading-london paddington,2
2024-01-13,reading-oxford,2
2024-01-13,reading-swindon,1
2024-01-13,york-doncaster,2
2024-01-13,york-edinburgh,1
2024-01-13,york-peterborough,2
2024-01-14,birmingham new street-coventry,1
2024-01-14,birmingham new street-liverpool lime street,3
2024-01-14,birmingham new street-london euston,2
2024-01-14,birmingham new street-london paddington,1
2024-01-14,birmingham new street-london st pancras,7
2024-01-14,birmingham new street-manchester piccadilly,4
2024-01-14,birmingham new street-nuneaton,3
2024-01-14,birmingham new street-reading,1
2024-01-14,birmingham new street-stafford,1
2024-01-14,birmingham new street-tamworth,2
2024-01-14,birmingham new street-york,1
2024-01-14,liverpool lime street-crewe,2
2024-01-14,liverpool lime street-london euston,9
2024-01-14,liverpool lime street-manchester piccadilly,20
2024-01-14,liverpool lime street-sheffield,1
2024-01-14,london euston-birmingham new street,34
2024-01-14,london euston-manchester piccadilly,5
2024-01-14,london euston-oxford,1
2024-01-14,london kings cross-edinburgh waverley,1
2024-01-14,london kings cross-liverpool lime street,1
2024-01-14,london kings cross-york,35
2024-01-14,london paddington-manchester piccadilly,2
2024-01-14,london paddington-oxford,3
2024-01-14,london paddington-reading,37
2024-01-14,london st pancras-birmingham new street,22
2024-01-14,london st pancras-leicester,2
2024-01-14,manchester piccadilly-liverpool lime street,45
2024-01-14,manchester piccadilly-london euston,1
2024-01-14,manchester piccadilly-london paddington,3
2024-01-14,manchester piccadilly-nottingham,1
2024-01-14,manchester piccadilly-york,1
2024-01-14,reading-swindon,1
2024-01-14,york-doncaster,4
2024-01-14,york-durham,1
2024-01-14,york-edinburgh,1
2024-01-14,york-leeds,1
2024-01-14,york-peterborough,5
2024-01-15,birmingham new street-liverpool lime street,3
2024-01-15,birmingham new street-london kings cross,1
2024-01-15,birmingham new street-london st pancras,2
2024-01-15,birmingham new street-manchester piccadilly,2
2024-01-15,birmingham new street-nuneaton,1
2024-01-15,birmingham new street-reading,2
2024-01-15,birmingham new street-tamworth,1
2024-01-15,birmingham new street-york,1
2024-01-15,liverpool lime street-crewe,1
2024-01-15,liverpool lime street-london euston,10
2024-01-15,liverpool lime street-manchester piccadilly,26
2024-01-15,london euston-birmingham new street,39
2024-01-15,london euston-manchester piccadilly,5
2024-01-15,london kings cross-edinburgh waverley,1
2024-01-15,london kings cross-liverpool lime street,1
2024-01-15,london kings cross-york,31
2024-01-15,london paddington-london waterloo,2
2024-01-15,london paddington-oxford,6
2024-01-15,london paddington-reading,29
2024-01-15,london st pancras-birmingham new street,22
2024-01-15,london st pancras-leicester,1
2024-01-15,london st pancras-wolverhampton,1
2024-01-15,manchester piccadilly-liverpool lime street,42
2024-01-15,manchester piccadilly-london euston,5
2024-01-15,manchester piccadilly-london kings cross,1
2024-01-15,manchester piccadilly-london paddington,1
2024-01-15,manchester piccadilly-nottingham,1
2024-01-15,manchester piccadilly-sheffield,2
2024-01-15,oxford-bristol temple meads,2
2024-01-15,reading-oxford,3
2024-01-15,reading-swindon,1
2024-01-15,york-doncaster,1
2024-01-15,york-edinburgh,2
2024-01-15,york-peterborough,1
2024-01-16,birmingham new street-coventry,1
2024-01-16,birmingham new street-liverpool lime street,2
2024-01-16,birmingham new street-london paddington,1
2024-01-16,birmingham new street-london st pancras,7
2024-01-16,birmingham new street-manchester piccadilly,4
2024-01-16,birmingham new street-nuneaton,4
2024-01-16,birmingham new street-reading,1
2024-01-16,birmingham new street-tamworth,4
2024-01-16,birmingham new street-wolverhampton,1
2024-01-16,edinburgh waverley-london kings cross,1
2024-01-16,liverpool lime street-london euston,5
2024-01-16,liverpool lime street-manchester piccadilly,35
2024-01-16,liverpool lime street-sheffield,2
2024-01-16,london euston-birmingham new street,34
2024-01-16,london euston-manchester piccadilly,7
2024-01-16,london kings cross-edinburgh waverley,1
2024-01-16,london kings cross-york,38
2024-01-16,london paddington-manchester piccadilly,2
2024-01-16,london paddington-oxford,4
2024-01-16,london paddington-reading,28
2024-01-16,london st pancras-birmingham new street,25
2024-01-16,london st pancras-leicester,2
2024-01-16,manchester piccadilly-liverpool lime street,40
2024-01-16,manchester piccadilly-london euston,1
2024-01-16,manchester piccadilly-london paddington,2
2024-01-16,manchester piccadilly-nottingham,1
2024-01-16,manchester piccadilly-sheffield,4
2024-01-16,oxford-bristol temple meads,3
2024-01-16,reading-london paddington,1
2024-01-16,reading-oxford,1
2024-01-16,reading-swindon,4
2024-01-16,york-doncaster,2
2024-01-16,york-durham,1
2024-01-16,york-edinburgh,2
2024-01-16,york-peterborough,2
2024-01-17,birmingham new street-coventry,2
2024-01-17,birmingham new street-liverpool lime street,2
2024-01-17,birmingham new street-london euston,1
2024-01-17,birmingham new street-london st pancras,5
2024-01-17,birmingham new street-manchester piccadilly,4
2024-01-17,birmingham new street-nuneaton,1
2024-01-17,birmingham new street-reading,1
2024-01-17,birmingham new street-stafford,1
2024-01-17,birmingham new street-york,1
2024-01-17,liverpool lime street-crewe,2
2024-01-17,liverpool lime street-london euston,7
2024-01-17,liverpool lime street-london paddington,1
2024-01-17,liverpool lime street-manchester piccadilly,34
2024-01-17,liverpool lime street-sheffield,3
2024-01-17,london euston-birmingham new street,39
2024-01-17,london euston-manchester piccadilly,8
2024-01-17,london kings cross-edinburgh waverley,2
2024-01-17,london kings cross-liverpool lime street,2
2024-01-17,london kings cross-york,32
2024-01-17,london paddington-london waterloo,1
2024-01-17,london paddington-oxford,5
2024-01-17,london paddington-reading,37
2024-01-17,london st pancras-birmingham new street,25
2024-01-17,london st pancras-leicester,1
2024-01-17,london st pancras-wolverhampton,3
2024-01-17,manchester piccadilly-leeds,2
2024-01-17,manchester piccadilly-liverpool lime street,52
2024-01-17,manchester piccadilly-london euston,2
2024-01-17,manchester piccadilly-london paddington,3
2024-01-17,manchester piccadilly-sheffield,3
2024-01-17,oxford-bristol temple meads,1
2024-01-17,reading-didcot,1
2024-01-17,reading-liverpool lime street,1
2024-01-17,reading-london paddington,1
2024-01-17,reading-swindon,2
2024-01-17,york-doncaster,1
2024-01-17,york-peterborough,4
2024-01-18,birmingham new street-coventry,1
2024-01-18,birmingham new street-liverpool lime street,1
2024-01-18,birmingham new street-london kings cross,1
2024-01-18,birmingham new street-london st pancras,7
2024-01-18,birmingham new street-manchester piccadilly,1
2024-01-18,birmingham new street-nuneaton,3
2024-01-18,birmingham new street-reading,1
2024-01-18,birmingham new street-stafford,3
2024-01-18,birmingham new street-wolverhampton,1
2024-01-18,birmingham new street-york,1
2024-01-18,edinburgh waverley-london kings cross,1
2024-01-18,liverpool lime street-crewe,3
2024-01-18,liverpool lime street-london euston,10
2024-01-18,liverpool lime street-london st pancras,1
2024-01-18,liverpool lime street-manchester piccadilly,29
2024-01-18,london euston-birmingham new street,44
2024-01-18,london euston-manchester piccadilly,7
2024-01-18,london kings cross-liverpool lime street,2
2024-01-18,london kings cross-york,35
2024-01-18,london paddington-liverpool lime street,1
2024-01-18,london paddington-oxford,4
2024-01-18,london paddington-reading,41
2024-01-18,london st pancras-birmingham new street,35
2024-01-18,london st pancras-leicester,4
2024-01-18,london st pancras-wolverhampton,2
2024-01-18,manchester piccadilly-leeds,2
2024-01-18,manchester piccadilly-liverpool lime street,35
2024-01-18,manchester piccadilly-london euston,3
2024-01-18,manchester piccadilly-nottingham,3
2024-01-18,manchester piccadilly-sheffield,1
2024-01-18,oxford-bristol temple meads,3
2024-01-18,reading-birmingham new street,1
2024-01-18,reading-oxford,1
2024-01-18,reading-swindon,4
2024-01-18,york-doncaster,3
2024-01-18,york-edinburgh,2
2024-01-18,york-peterborough,4
2024-01-19,birmingham new street-coventry,1
2024-01-19,birmingham new street-london euston,3
2024-01-19,birmingham new street-london paddington,1
2024-01-19,birmingham new street-london st pancras,7
2024-01-19,birmingham new street-manchester piccadilly,1
2024-01-19,birmingham new street-nuneaton,2
2024-01-19,birmingham new street-reading,2
2024-01-19,birmingham new street-stafford,2
2024-01-19,birmingham new street-tamworth,3
2024-01-19,edinburgh waverley-london kings cross,1
2024-01-19,liverpool lime street-crewe,2
2024-01-19,liverpool lime street-leeds,2
2024-01-19,liverpool lime street-london euston,16
2024-01-19,liverpool lime street-manchester piccadilly,21
2024-01-19,liverpool lime street-sheffield,1
2024-01-19,london euston-birmingham new street,36
2024-01-19,london euston-manchester piccadilly,3
2024-01-19,london kings cross-liverpool lime street,2
2024-01-19,london kings cross-york,31
2024-01-19,london paddington-london waterloo,1
2024-01-19,london paddington-oxford,6
2024-01-19,london paddington-reading,32
2024-01-19,london st pancras-birmingham new street,30
2024-01-19,london st pancras-leicester,3
2024-01-19,london st pancras-wolverhampton,1
2024-01-19,manchester piccadilly-liverpool lime street,44
2024-01-19,manchester piccadilly-london euston,2
2024-01-19,manchester piccadilly-london paddington,3
2024-01-19,manchester piccadilly-london st pancras,1
2024-01-19,oxford-bristol temple meads,2
2024-01-19,reading-london paddington,3
2024-01-19,reading-oxford,2
2024-01-19,reading-swindon,1
2024-01-19,york-doncaster,1
2024-01-19,york-durham,1
2024-01-19,york-edinburgh,2
2024-01-19,york-peterborough,2
2024-01-20,birmingham new street-london st pancras,7
2024-01-20,birmingham new street-manchester piccadilly,3
2024-01-20,birmingham new street-nuneaton,1
2024-01-20,birmingham new street-reading,1
2024-01-20,birmingham new street-stafford,1
2024-01-20,birmingham new street-york,2
2024-01-20,liverpool lime street-crewe,4
2024-01-20,liverpool lime street-london euston,13
2024-01-20,liverpool lime street-manchester piccadilly,37
2024-01-20,london euston-birmingham new street,33
2024-01-20,london euston-manchester piccadilly,6
2024-01-20,london kings cross-liverpool lime street,1
2024-01-20,london kings cross-york,26
2024-01-20,london paddington-london waterloo,1
2024-01-20,london paddington-oxford,5
2024-01-20,london paddington-reading,32
2024-01-20,london st pancras-birmingham new street,27
2024-01-20,london st pancras-leicester,1
2024-01-20,manchester piccadilly-leeds,4
2024-01-20,manchester piccadilly-liverpool lime street,42
2024-01-20,manchester piccadilly-london euston,2
2024-01-20,manchester piccadilly-sheffield,2
2024-01-20,oxford-bristol temple meads,1
2024-01-20,reading-london paddington,2
2024-01-20,york-doncaster,1
2024-01-20,york-durham,6
2024-01-20,york-edinburgh,1
2024-01-20,york-peterborough,4
2024-01-20,york-wakefield,1
2024-01-21,birmingham new street-liverpool lime street,1
2024-01-21,birmingham new street-london euston,2
2024-01-21,birmingham new street-london paddington,1
2024-01-21,birmingham new street-london st pancras,4
2024-01-21,birmingham new street-nuneaton,3
2024-01-21,birmingham new street-stafford,3
2024-01-21,birmingham new street-tamworth,5
2024-01-21,birmingham new street-wolverhampton,1
2024-01-21,edinburgh waverley-london kings cross,1
2024-01-21,liverpool lime street-crewe,1
2024-01-21,liverpool lime street-london euston,14
2024-01-21,liverpool lime street-manchester piccadilly,22
2024-01-21,london euston-birmingham new street,37
2024-01-21,london euston-manchester piccadilly,4
2024-01-21,london kings cross-edinburgh waverley,1
2024-01-21,london kings cross-york,25
2024-01-21,london paddington-london waterloo,2
2024-01-21,london paddington-oxford,2
2024-01-21,london paddington-reading,21
2024-01-21,london st pancras-birmingham new street,34
2024-01-21,london st pancras-leicester,2
2024-01-21,manchester piccadilly-leeds,1
2024-01-21,manchester piccadilly-liverpool lime street,43
2024-01-21,manchester piccadilly-london euston,5
2024-01-21,manchester piccadilly-nottingham,2
2024-01-21,manchester piccadilly-sheffield,1
2024-01-21,manchester piccadilly-york,1
2024-01-21,oxford-bristol temple meads,1
2024-01-21,reading-birmingham new street,1
2024-01-21,reading-london paddington,1
2024-01-21,reading-swindon,2
2024-01-21,york-doncaster,1
2024-01-21,york-durham,1
2024-01-21,york-edinburgh,1
2024-01-21,york-peterborough,1
2024-01-22,birmingham new street-liverpool lime street,1
2024-01-22,birmingham new street-london euston,2
2024-01-22,birmingham new street-london paddington,1
2024-01-22,birmingham new street-london st pancras,4
2024-01-22,birmingham new street-manchester piccadilly,1
2024-01-22,birmingham new street-nuneaton,1
2024-01-22,birmingham new street-tamworth,6
2024-01-22,birmingham new street-york,2
2024-01-22,edinburgh waverley-london kings cross,1
2024-01-22,liverpool lime street-crewe,3
2024-01-22,liverpool lime street-london euston,15
2024-01-22,liverpool lime street-manchester piccadilly,23
2024-01-22,london euston-birmingham new street,22
2024-01-22,london euston-manchester piccadilly,8
2024-01-22,london kings cross-liverpool lime street,3
2024-01-22,london kings cross-york,38
2024-01-22,london paddington-oxford,4
2024-01-22,london paddington-reading,43
2024-01-22,london st pancras-birmingham new street,36
2024-01-22,london st pancras-leicester,2
2024-01-22,manchester piccadilly-liverpool lime street,39
2024-01-22,manchester piccadilly-london euston,3
2024-01-22,manchester piccadilly-london paddington,1
2024-01-22,manchester piccadilly-nottingham,1
2024-01-22,manchester piccadilly-sheffield,2
2024-01-22,reading-didcot,1
2024-01-22,reading-london paddington,1
2024-01-22,reading-oxford,2
2024-01-22,reading-swindon,5
2024-01-22,york-durham,1
2024-01-22,york-edinburgh,2
2024-01-22,york-peterborough,1
2024-01-23,birmingham new street-coventry,1
2024-01-23,birmingham new street-london euston,2
2024-01-23,birmingham new street-london st pancras,3
2024-01-23,birmingham new street-manchester piccadilly,3
2024-01-23,birmingham new street-nuneaton,2
2024-01-23,birmingham new street-stafford,2
2024-01-23,birmingham new street-tamworth,3
2024-01-23,birmingham new street-york,1
2024-01-23,liverpool lime street-crewe,2
2024-01-23,liverpool lime street-leeds,1
2024-01-23,liverpool lime street-london euston,6
2024-01-23,liverpool lime street-manchester piccadilly,21
2024-01-23,liverpool lime street-sheffield,1
2024-01-23,london euston-birmingham new street,42
2024-01-23,london euston-manchester piccadilly,3
2024-01-23,london euston-oxford,1
2024-01-23,london kings cross-york,37
2024-01-23,london paddington-oxford,4
2024-01-23,london paddington-reading,33
2024-01-23,london st pancras-birmingham new street,34
2024-01-23,london st pancras-leicester,4
2024-01-23,manchester piccadilly-leeds,1
2024-01-23,manchester piccadilly-liverpool lime street,41
2024-01-23,manchester piccadilly-london euston,5
2024-01-23,manchester piccadilly-london paddington,2
2024-01-23,manchester piccadilly-sheffield,1
2024-01-23,oxford-bristol temple meads,2
2024-01-23,reading-liverpool lime street,1
2024-01-23,reading-london paddington,1
2024-01-23,reading-oxford,1
2024-01-23,reading-swindon,5
2024-01-23,york-doncaster,1
2024-01-23,york-edinburgh,1
2024-01-23,york-peterborough,1
2024-01-24,birmingham new street-coventry,1
2024-01-24,birmingham new street-liverpool lime street,1
2024-01-24,birmingham new street-london euston,1
2024-01-24,birmingham new street-london st pancras,5
2024-01-24,birmingham new street-manchester piccadilly,1
2024-01-24,birmingham new street-nuneaton,1
2024-01-24,birmingham new street-stafford,1
2024-01-24,birmingham new street-tamworth,3
2024-01-24,liverpool lime street-leeds,1
2024-01-24,liverpool lime street-london euston,9
2024-01-24,liverpool lime street-london paddington,1
2024-01-24,liverpool lime street-manchester piccadilly,26
2024-01-24,liverpool lime street-sheffield,1
2024-01-24,london euston-birmingham new street,43
2024-01-24,london euston-manchester piccadilly,6
2024-01-24,london euston-oxford,1
2024-01-24,london kings cross-edinburgh waverley,3
2024-01-24,london kings cross-liverpool lime street,1
2024-01-24,london kings cross-york,38
2024-01-24,london paddington-london waterloo,3
2024-01-24,london paddington-manchester piccadilly,2
2024-01-24,london paddington-oxford,5
2024-01-24,london paddington-reading,27
2024-01-24,london st pancras-birmingham new street,25
2024-01-24,london st pancras-leicester,2
2024-01-24,london st pancras-wolverhampton,2
2024-01-24,manchester piccadilly-leeds,1
2024-01-24,manchester piccadilly-liverpool lime street,42
2024-01-24,manchester piccadilly-london euston,2
2024-01-24,manchester piccadilly-london paddington,1
2024-01-24,manchester piccadilly-nottingham,4
2024-01-24,manchester piccadilly-sheffield,2
2024-01-24,reading-didcot,1
2024-01-24,york-doncaster,2
2024-01-24,york-durham,1
2024-01-24,york-edinburgh,1
2024-01-24,york-peterborough,2
2024-01-25,birmingham new street-liverpool lime street,2
2024-01-25,birmingham new street-london euston,1
2024-01-25,birmingham new street-london paddington,1
2024-01-25,birmingham new street-london st pancras,6
2024-01-25,birmingham new street-manchester piccadilly,1
2024-01-25,birmingham new street-nuneaton,1
2024-01-25,birmingham new street-reading,2
2024-01-25,birmingham new street-tamworth,1
2024-01-25,edinburgh waverley-london kings cross,1
2024-01-25,liverpool lime street-crewe,2
2024-01-25,liverpool lime street-leeds,1
2024-01-25,liverpool lime street-london euston,12
2024-01-25,liverpool lime street-london st pancras,1
2024-01-25,liverpool lime street-manchester piccadilly,25
2024-01-25,london euston-birmingham new street,39
2024-01-25,london euston-manchester piccadilly,8
2024-01-25,london kings cross-edinburgh waverley,2
2024-01-25,london kings cross-liverpool lime street,2
2024-01-25,london kings cross-york,46
2024-01-25,london paddington-london waterloo,1
2024-01-25,london paddington-manchester piccadilly,1
2024-01-25,london paddington-oxford,1
2024-01-25,london paddington-reading,26
2024-01-25,london st pancras-birmingham new street,30
2024-01-25,london st pancras-leicester,1
2024-01-25,london st pancras-wolverhampton,4
2024-01-25,manchester piccadilly-liverpool lime street,37
2024-01-25,manchester piccadilly-london euston,1
2024-01-25,manchester piccadilly-london paddington,3
2024-01-25,manchester piccadilly-sheffield,4
2024-01-25,manchester piccadilly-york,1
2024-01-25,reading-london paddington,2
2024-01-25,reading-oxford,1
2024-01-25,reading-swindon,2
2024-01-25,york-birmingham new street,1
2024-01-25,york-doncaster,2
2024-01-25,york-durham,3
2024-01-25,york-edinburgh,1
2024-01-25,york-peterborough,1
2024-01-25,york-wakefield,1
2024-01-26,birmingham new street-coventry,2
2024-01-26,birmingham new street-liverpool lime street,3
2024-01-26,birmingham new street-london st pancras,8
2024-01-26,birmingham new street-manchester piccadilly,2
2024-01-26,birmingham new street-nuneaton,1
2024-01-26,birmingham new street-tamworth,2
2024-01-26,birmingham new street-york,2
2024-01-26,bristol temple meads-cardiff central,1
2024-01-26,edinburgh waverley-london kings cross,2
2024-01-26,liverpool lime street-crewe,3
2024-01-26,liverpool lime street-leeds,3
2024-01-26,liverpool lime street-london euston,4
2024-01-26,liverpool lime street-manchester piccadilly,26
2024-01-26,liverpool lime street-sheffield,1
2024-01-26,london euston-birmingham new street,42
2024-01-26,london euston-manchester piccadilly,6
2024-01-26,london kings cross-edinburgh waverley,2
2024-01-26,london kings cross-liverpool lime street,2
2024-01-26,london kings cross-york,30
2024-01-26,london paddington-oxford,5
2024-01-26,london paddington-reading,32
2024-01-26,london st pancras-birmingham new street,30
2024-01-26,london st pancras-leicester,2
2024-01-26,manchester piccadilly-liverpool lime street,38
2024-01-26,manchester piccadilly-london euston,11
2024-01-26,manchester piccadilly-london kings cross,1
2024-01-26,manchester piccadilly-london paddington,1
2024-01-26,manchester piccadilly-nottingham,1
2024-01-26,manchester piccadilly-sheffield,1
2024-01-26,oxford-bristol temple meads,1
2024-01-26,reading-london paddington,1
2024-01-26,reading-oxford,4
2024-01-26,york-doncaster,3
2024-01-26,york-durham,2
2024-01-26,york-peterborough,3
2024-01-27,birmingham new street-coventry,1
2024-01-27,birmingham new street-london euston,2
2024-01-27,birmingham new street-london paddington,1
2024-01-27,birmingham new street-london st pancras,8
2024-01-27,birmingham new street-manchester piccadilly,2
2024-01-27,birmingham new street-nuneaton,3
2024-01-27,birmingham new street-stafford,3
2024-01-27,birmingham new street-tamworth,2
2024-01-27,liverpool lime street-birmingham new street,1
2024-01-27,liverpool lime street-crewe,1
2024-01-27,liverpool lime street-london euston,15
2024-01-27,liverpool lime street-manchester piccadilly,29
2024-01-27,liverpool lime street-sheffield,1
2024-01-27,london euston-birmingham new street,48
2024-01-27,london euston-manchester piccadilly,5
2024-01-27,london kings cross-edinburgh waverley,1
2024-01-27,london kings cross-liverpool lime street,1
2024-01-27,london kings cross-york,26
2024-01-27,london paddington-liverpool lime street,1
2024-01-27,london paddington-london waterloo,2
2024-01-27,london paddington-oxford,6
2024-01-27,london paddington-reading,28
2024-01-27,london st pancras-birmingham new street,28
2024-01-27,london st pancras-leicester,2
2024-01-27,manchester piccadilly-liverpool lime street,38
2024-01-27,manchester piccadilly-london euston,2
2024-01-27,manchester piccadilly-london paddington,1
2024-01-27,manchester piccadilly-london st pancras,1
2024-01-27,manchester piccadilly-sheffield,1
2024-01-27,oxford-bristol temple meads,2
2024-01-27,reading-didcot,1
2024-01-27,reading-london paddington,2
2024-01-27,reading-swindon,2
2024-01-27,york-doncaster,2
2024-01-27,york-durham,2
2024-01-27,york-edinburgh,2
2024-01-27,york-peterborough,3
2024-01-28,birmingham new street-coventry,2
2024-01-28,birmingham new street-liverpool lime street,2
2024-01-28,birmingham new street-london euston,1
2024-01-28,birmingham new street-london st pancras,6
2024-01-28,birmingham new street-manchester piccadilly,1
2024-01-28,birmingham new street-nuneaton,1
2024-01-28,birmingham new street-reading,1
2024-01-28,birmingham new street-stafford,3
2024-01-28,birmingham new street-tamworth,1
2024-01-28,birmingham new street-wolverhampton,1
2024-01-28,bristol temple meads-cardiff central,1
2024-01-28,edinburgh waverley-london kings cross,1
2024-01-28,liverpool lime street-crewe,2
2024-01-28,liverpool lime street-leeds,2
2024-01-28,liverpool lime street-london euston,13
2024-01-28,liverpool lime street-london st pancras,1
2024-01-28,liverpool lime street-manchester piccadilly,27
2024-01-28,liverpool lime street-sheffield,3
2024-01-28,london euston-birmingham new street,25
2024-01-28,london euston-manchester piccadilly,9
2024-01-28,london kings cross-edinburgh waverley,2
2024-01-28,london kings cross-liverpool lime street,1
2024-01-28,london kings cross-york,43
2024-01-28,london paddington-oxford,3
2024-01-28,london paddington-reading,37
2024-01-28,london st pancras-birmingham new street,27
2024-01-28,london st pancras-leicester,3
2024-01-28,london st pancras-wolverhampton,1
2024-01-28,manchester piccadilly-leeds,2
2024-01-28,manchester piccadilly-liverpool lime street,43
2024-01-28,manchester piccadilly-london euston,6
2024-01-28,manchester piccadilly-nottingham,1
2024-01-28,manchester piccadilly-sheffield,1
2024-01-28,oxford-bristol temple meads,2
2024-01-28,reading-didcot,1
2024-01-28,reading-swindon,2
2024-01-28,york-doncaster,3
2024-01-28,york-durham,1
2024-01-28,york-edinburgh,1
2024-01-28,york-peterborough,2
2024-01-29,birmingham new street-liverpool lime street,2
2024-01-29,birmingham new street-london st pancras,7
2024-01-29,birmingham new street-manchester piccadilly,1
2024-01-29,birmingham new street-nuneaton,3
2024-01-29,birmingham new street-reading,1
2024-01-29,birmingham new street-stafford,1
2024-01-29,birmingham new street-tamworth,1
2024-01-29,birmingham new street-york,2
2024-01-29,liverpool lime street-crewe,1
2024-01-29,liverpool lime street-leeds,2
2024-01-29,liverpool lime street-london euston,12
2024-01-29,liverpool lime street-london paddington,1
2024-01-29,liverpool lime street-london st pancras,2
2024-01-29,liverpool lime street-manchester piccadilly,21
2024-01-29,london euston-birmingham new street,32
2024-01-29,london euston-manchester piccadilly,11
2024-01-29,london kings cross-edinburgh waverley,2
2024-01-29,london kings cross-liverpool lime street,1
2024-01-29,london kings cross-york,30
2024-01-29,london paddington-manchester piccadilly,1
2024-01-29,london paddington-oxford,1
2024-01-29,london paddington-reading,24
2024-01-29,london st pancras-birmingham new street,35
2024-01-29,london st pancras-leicester,3
2024-01-29,manchester piccadilly-leeds,1
2024-01-29,manchester piccadilly-liverpool lime street,41
2024-01-29,manchester piccadilly-london paddington,1
2024-01-29,manchester piccadilly-nottingham,2
2024-01-29,manchester piccadilly-sheffield,2
2024-01-29,reading-london paddington,1
2024-01-29,reading-oxford,1
2024-01-29,reading-swindon,3
2024-01-29,york-doncaster,2
2024-01-29,york-durham,3
2024-01-29,york-liverpool lime street,1
2024-01-29,york-peterborough,1
2024-01-30,birmingham new street-coventry,1
2024-01-30,birmingham new street-liverpool lime street,1
2024-01-30,birmingham new street-london euston,5
2024-01-30,birmingham new street-london st pancras,4
2024-01-30,birmingham new street-nuneaton,1
2024-01-30,birmingham new street-tamworth,3
2024-01-30,birmingham new street-wolverhampton,2
2024-01-30,edinburgh waverley-london kings cross,1
2024-01-30,liverpool lime street-crewe,2
2024-01-30,liverpool lime street-london euston,5
2024-01-30,liverpool lime street-manchester piccadilly,30
2024-01-30,liverpool lime street-sheffield,1
2024-01-30,london euston-birmingham new street,33
2024-01-30,london euston-manchester piccadilly,8
2024-01-30,london euston-york,1
2024-01-30,london kings cross-york,38
2024-01-30,london paddington-liverpool lime street,2
2024-01-30,london paddington-oxford,4
2024-01-30,london paddington-reading,25
2024-01-30,london st pancras-birmingham new street,32
2024-01-30,london st pancras-leicester,4
2024-01-30,london st pancras-wolverhampton,1
2024-01-30,manchester piccadilly-leeds,2
2024-01-30,manchester piccadilly-liverpool lime street,38
2024-01-30,manchester piccadilly-london euston,3
2024-01-30,manchester piccadilly-london paddington,1
2024-01-30,manchester piccadilly-nottingham,1
2024-01-30,manchester piccadilly-sheffield,2
2024-01-30,oxford-bristol temple meads,1
2024-01-30,reading-london paddington,1
2024-01-30,reading-oxford,2
2024-01-30,reading-swindon,2
2024-01-30,york-doncaster,2
2024-01-30,york-durham,2
2024-01-30,york-edinburgh,1
2024-01-30,york-peterborough,3
2024-01-31,birmingham new street-london euston,2
2024-01-31,birmingham new street-london kings cross,1
2024-01-31,birmingham new street-london st pancras,4
2024-01-31,birmingham new street-manchester piccadilly,1
2024-01-31,birmingham new street-stafford,3
2024-01-31,liverpool lime street-crewe,2
2024-01-31,liverpool lime street-leeds,1
2024-01-31,liverpool lime street-london euston,7
2024-01-31,liverpool lime street-london st pancras,1
2024-01-31,liverpool lime street-manchester piccadilly,21
2024-01-31,london euston-birmingham new street,43
2024-01-31,london euston-manchester piccadilly,5
2024-01-31,london euston-oxford,1
2024-01-31,london euston-york,1
2024-01-31,london kings cross-edinburgh waverley,3
2024-01-31,london kings cross-liverpool lime street,3
2024-01-31,london kings cross-york,39
2024-01-31,london paddington-liverpool lime street,1
2024-01-31,london paddington-oxford,4
2024-01-31,london paddington-reading,34
2024-01-31,london st pancras-birmingham new street,38
2024-01-31,london st pancras-leicester,4
2024-01-31,manchester piccadilly-liverpool lime street,49
2024-01-31,manchester piccadilly-london euston,6
2024-01-31,manchester piccadilly-sheffield,3
2024-01-31,oxford-bristol temple meads,1
2024-01-31,reading-didcot,1
2024-01-31,reading-liverpool lime street,1
2024-01-31,reading-london paddington,1
2024-01-31,reading-oxford,2
2024-01-31,reading-swindon,3
2024-01-31,york-doncaster,2
2024-01-31,york-durham,4
2024-01-31,york-edinburgh,1
2024-01-31,york-leeds,1
2024-01-31,york-peterborough,1
2024-02-01,birmingham new street-liverpool lime street,4
2024-02-01,birmingham new street-london st pancras,2
2024-02-01,birmingham new street-nuneaton,4
2024-02-01,birmingham new street-reading,1
2024-02-01,birmingham new street-tamworth,3
2024-02-01,birmingham new street-york,1
2024-02-01,edinburgh waverley-london kings cross,1
2024-02-01,liverpool lime street-crewe,2
2024-02-01,liverpool lime street-leeds,2
2024-02-01,liverpool lime street-london euston,8
2024-02-01,liverpool lime street-manchester piccadilly,31
2024-02-01,liverpool lime street-sheffield,1
2024-02-01,london euston-birmingham new street,45
2024-02-01,london euston-manchester piccadilly,6
2024-02-01,london kings cross-edinburgh waverley,2
2024-02-01,london kings cross-liverpool lime street,4
2024-02-01,london kings cross-york,31
2024-02-01,london paddington-oxford,3
2024-02-01,london paddington-reading,34
2024-02-01,london st pancras-birmingham new street,27
2024-02-01,london st pancras-leicester,2
2024-02-01,london st pancras-wolverhampton,2
2024-02-01,manchester piccadilly-leeds,1
2024-02-01,manchester piccadilly-liverpool lime street,43
2024-02-01,manchester piccadilly-london euston,2
2024-02-01,manchester piccadilly-london paddington,1
2024-02-01,manchester piccadilly-london st pancras,1
2024-02-01,manchester piccadilly-nottingham,1
2024-02-01,reading-didcot,1
2024-02-01,reading-london paddington,2
2024-02-01,reading-oxford,1
2024-02-01,reading-swindon,1
2024-02-01,york-doncaster,2
2024-02-01,york-durham,3
2024-02-01,york-edinburgh,1
2024-02-01,york-edinburgh waverley,1
2024-02-01,york-peterborough,3
2024-02-01,york-wakefield,1
2024-02-02,birmingham new street-liverpool lime street,2
2024-02-02,birmingham new street-london euston,3
2024-02-02,birmingham new street-london st pancras,2
2024-02-02,birmingham new street-manchester piccadilly,2
2024-02-02,birmingham new street-nuneaton,3
2024-02-02,birmingham new street-reading,1
2024-02-02,birmingham new street-tamworth,2
2024-02-02,birmingham new street-wolverhampton,1
2024-02-02,liverpool lime street-birmingham new street,1
2024-02-02,liverpool lime street-crewe,1
2024-02-02,liverpool lime street-london euston,10
2024-02-02,liverpool lime street-manchester piccadilly,30
2024-02-02,london euston-birmingham new street,33
2024-02-02,london euston-manchester piccadilly,9
2024-02-02,london kings cross-liverpool lime street,1
2024-02-02,london kings cross-york,45
2024-02-02,london paddington-london waterloo,1
2024-02-02,london paddington-oxford,1
2024-02-02,london paddington-reading,31
2024-02-02,london st pancras-birmingham new street,35
2024-02-02,london st pancras-leicester,3
2024-02-02,london st pancras-wolverhampton,1
2024-02-02,manchester piccadilly-leeds,1
2024-02-02,manchester piccadilly-liverpool lime street,36
2024-02-02,manchester piccadilly-london euston,4
2024-02-02,manchester piccadilly-london paddington,1
2024-02-02,manchester piccadilly-nottingham,1
2024-02-02,manchester piccadilly-sheffield,2
2024-02-02,oxford-bristol temple meads,1
2024-02-02,reading-birmingham new street,1
2024-02-02,reading-liverpool lime street,1
2024-02-02,reading-london paddington,1
2024-02-02,reading-oxford,1
2024-02-02,reading-swindon,1
2024-02-02,york-doncaster,1
2024-02-02,york-durham,3
2024-02-02,york-edinburgh,1
2024-02-02,york-leeds,1
2024-02-02,york-peterborough,3
2024-02-03,birmingham new street-coventry,1
2024-02-03,birmingham new street-liverpool lime street,4
2024-02-03,birmingham new street-london euston,2
2024-02-03,birmingham new street-london st pancras,6
2024-02-03,birmingham new street-manchester piccadilly,1
2024-02-03,birmingham new street-nuneaton,1
2024-02-03,birmingham new street-reading,1
2024-02-03,birmingham new street-stafford,2
2024-02-03,liverpool lime street-leeds,2
2024-02-03,liverpool lime street-london euston,16
2024-02-03,liverpool lime street-manchester piccadilly,22
2024-02-03,liverpool lime street-sheffield,2
2024-02-03,london euston-birmingham new street,36
2024-02-03,london euston-manchester piccadilly,5
2024-02-03,london euston-york,1
2024-02-03,london kings cross-edinburgh waverley,2
2024-02-03,london kings cross-liverpool lime street,1
2024-02-03,london kings cross-york,42
2024-02-03,london paddington-oxford,4
2024-02-03,london paddington-reading,35
2024-02-03,london st pancras-birmingham new street,28
2024-02-03,london st pancras-leicester,1
2024-02-03,manchester piccadilly-leeds,1
2024-02-03,manchester piccadilly-liverpool lime street,38
2024-02-03,manchester piccadilly-london euston,2
2024-02-03,manchester piccadilly-nottingham,1
2024-02-03,manchester piccadilly-sheffield,3
2024-02-03,manchester piccadilly-york,1
2024-02-03,oxford-bristol temple meads,2
2024-02-03,reading-didcot,1
2024-02-03,reading-oxford,1
2024-02-03,reading-swindon,1
2024-02-03,york-durham,3
2024-02-03,york-edinburgh,2
2024-02-04,birmingham new street-edinburgh,1
2024-02-04,birmingham new street-liverpool lime street,2
2024-02-04,birmingham new street-london st pancras,4
2024-02-04,birmingham new street-manchester piccadilly,6
2024-02-04,birmingham new street-nuneaton,3
2024-02-04,birmingham new street-stafford,3
2024-02-04,birmingham new street-tamworth,1
2024-02-04,birmingham new street-york,1
2024-02-04,edinburgh waverley-london kings cross,1
2024-02-04,liverpool lime street-crewe,2
2024-02-04,liverpool lime street-london euston,10
2024-02-04,liverpool lime street-london paddington,1
2024-02-04,liverpool lime street-manchester piccadilly,35
2024-02-04,london euston-birmingham new street,37
2024-02-04,london euston-manchester piccadilly,3
2024-02-04,london kings cross-edinburgh waverley,2
2024-02-04,london kings cross-liverpool lime street,1
2024-02-04,london kings cross-york,31
2024-02-04,london paddington-london waterloo,4
2024-02-04,london paddington-oxford,4
2024-02-04,london paddington-reading,41
2024-02-04,london st pancras-birmingham new street,24
2024-02-04,london st pancras-leicester,5
2024-02-04,london st pancras-wolverhampton,1
2024-02-04,manchester piccadilly-liverpool lime street,45
2024-02-04,manchester piccadilly-london euston,2
2024-02-04,manchester piccadilly-london paddington,2
2024-02-04,manchester piccadilly-nottingham,2
2024-02-04,manchester piccadilly-sheffield,1
2024-02-04,oxford-bristol temple meads,2
2024-02-04,reading-london paddington,1
2024-02-04,reading-oxford,1
2024-02-04,reading-swindon,2
2024-02-04,york-doncaster,1
2024-02-04,york-durham,1
2024-02-04,york-edinburgh,2
2024-02-04,york-edinburgh waverley,1
2024-02-04,york-peterborough,4
2024-02-05,birmingham new street-london euston,1
2024-02-05,birmingham new street-london kings cross,1
2024-02-05,birmingham new street-london st pancras,5
2024-02-05,birmingham new street-manchester piccadilly,1
2024-02-05,birmingham new street-nuneaton,3
2024-02-05,birmingham new street-reading,1
2024-02-05,birmingham new street-stafford,1
2024-02-05,birmingham new street-tamworth,4
2024-02-05,liverpool lime street-leeds,1
2024-02-05,liverpool lime street-london euston,6
2024-02-05,liverpool lime street-manchester piccadilly,17
2024-02-05,london euston-birmingham new street,35
2024-02-05,london euston-manchester piccadilly,8
2024-02-05,london euston-york,1
2024-02-05,london kings cross-edinburgh waverley,1
2024-02-05,london kings cross-liverpool lime street,2
2024-02-05,london kings cross-york,32
2024-02-05,london paddington-london waterloo,2
2024-02-05,london paddington-oxford,9
2024-02-05,london paddington-reading,23
2024-02-05,london st pancras-birmingham new street,39
2024-02-05,london st pancras-leicester,5
2024-02-05,london st pancras-wolverhampton,1
2024-02-05,manchester piccadilly-leeds,2
2024-02-05,manchester piccadilly-liverpool lime street,30
2024-02-05,manchester piccadilly-london euston,1
2024-02-05,manchester piccadilly-nottingham,1
2024-02-05,manchester piccadilly-sheffield,1
2024-02-05,manchester piccadilly-warrington,1
2024-02-05,oxford-bristol temple meads,1
2024-02-05,york-doncaster,2
2024-02-05,york-durham,5
2024-02-05,york-edinburgh,1
2024-02-05,york-liverpool lime street,1
2024-02-05,york-peterborough,2
2024-02-06,birmingham new street-liverpool lime street,1
2024-02-06,birmingham new street-london st pancras,8
2024-02-06,birmingham new street-manchester piccadilly,2
2024-02-06,birmingham new street-nuneaton,1
2024-02-06,birmingham new street-stafford,4
2024-02-06,birmingham new street-tamworth,1
2024-02-06,birmingham new street-york,2
2024-02-06,liverpool lime street-crewe,4
2024-02-06,liverpool lime street-london euston,9
2024-02-06,liverpool lime street-manchester piccadilly,22
2024-02-06,liverpool lime street-sheffield,1
2024-02-06,london euston-birmingham new street,30
2024-02-06,london euston-manchester piccadilly,7
2024-02-06,london kings cross-edinburgh waverley,1
2024-02-06,london kings cross-liverpool lime street,1
2024-02-06,london kings cross-york,30
2024-02-06,london paddington-london waterloo,2
2024-02-06,london paddington-oxford,2
2024-02-06,london paddington-reading,32
2024-02-06,london st pancras-birmingham new street,38
2024-02-06,london st pancras-leicester,2
2024-02-06,london st pancras-wolverhampton,2
2024-02-06,manchester piccadilly-leeds,2
2024-02-06,manchester piccadilly-liverpool lime street,41
2024-02-06,manchester piccadilly-london euston,5
2024-02-06,manchester piccadilly-sheffield,1
2024-02-06,oxford-bristol temple meads,1
2024-02-06,reading-didcot,1
2024-02-06,reading-oxford,1
2024-02-06,reading-swindon,1
2024-02-06,york-doncaster,2
2024-02-06,york-durham,1
2024-02-06,york-edinburgh,1
2024-02-06,york-peterborough,1
2024-02-07,birmingham new street-coventry,1
2024-02-07,birmingham new street-liverpool lime street,3
2024-02-07,birmingham new street-london euston,1
2024-02-07,birmingham new street-london st pancras,2
2024-02-07,birmingham new street-manchester piccadilly,2
2024-02-07,birmingham new street-stafford,3
2024-02-07,birmingham new street-tamworth,2
2024-02-07,birmingham new street-york,1
2024-02-07,liverpool lime street-crewe,1
2024-02-07,liverpool lime street-leeds,4
2024-02-07,liverpool lime street-london euston,11
2024-02-07,liverpool lime street-london paddington,1
2024-02-07,liverpool lime street-london st pancras,1
2024-02-07,liverpool lime street-manchester piccadilly,26
2024-02-07,london euston-birmingham new street,30
2024-02-07,london euston-manchester piccadilly,10
2024-02-07,london kings cross-edinburgh waverley,1
2024-02-07,london kings cross-york,26
2024-02-07,london paddington-london waterloo,2
2024-02-07,london paddington-oxford,5
2024-02-07,london paddington-reading,22
2024-02-07,london st pancras-birmingham new street,30
2024-02-07,london st pancras-leicester,1
2024-02-07,london st pancras-wolverhampton,3
2024-02-07,manchester piccadilly-leeds,1
2024-02-07,manchester piccadilly-liverpool lime street,31
2024-02-07,manchester piccadilly-london euston,2
2024-02-07,manchester piccadilly-nottingham,1
2024-02-07,manchester piccadilly-sheffield,1
2024-02-07,reading-london paddington,1
2024-02-07,reading-oxford,1
2024-02-07,reading-swindon,3
2024-02-07,york-doncaster,2
2024-02-07,york-durham,2
2024-02-07,york-edinburgh,2
2024-02-07,york-peterborough,2
2024-02-08,birmingham new street-coventry,1
2024-02-08,birmingham new street-liverpool lime street,2
2024-02-08,birmingham new street-london euston,1
2024-02-08,birmingham new street-london st pancras,4
2024-02-08,birmingham new street-nuneaton,3
2024-02-08,birmingham new street-reading,1
2024-02-08,birmingham new street-stafford,4
2024-02-08,birmingham new street-tamworth,2
2024-02-08,birmingham new street-york,1
2024-02-08,liverpool lime street-crewe,1
2024-02-08,liverpool lime street-london euston,9
2024-02-08,liverpool lime street-london st pancras,3
2024-02-08,liverpool lime street-manchester piccadilly,28
2024-02-08,liverpool lime street-sheffield,2
2024-02-08,london euston-birmingham new street,37
2024-02-08,london euston-manchester piccadilly,3
2024-02-08,london kings cross-edinburgh waverley,1
2024-02-08,london kings cross-liverpool lime street,1
2024-02-08,london kings cross-york,33
2024-02-08,london paddington-oxford,4
2024-02-08,london paddington-reading,30
2024-02-08,london st pancras-birmingham new street,37
2024-02-08,london st pancras-leicester,2
2024-02-08,manchester piccadilly-leeds,1
2024-02-08,manchester piccadilly-liverpool lime street,38
2024-02-08,manchester piccadilly-london euston,2
2024-02-08,manchester piccadilly-london paddington,2
2024-02-08,manchester piccadilly-nottingham,2
2024-02-08,manchester piccadilly-sheffield,4
2024-02-08,reading-swindon,2
2024-02-08,york-durham,5
2024-02-08,york-edinburgh,1
2024-02-08,york-liverpool lime street,2
2024-02-09,birmingham new street-coventry,1
2024-02-09,birmingham new street-liverpool lime street,1
2024-02-09,birmingham new street-london euston,2
2024-02-09,birmingham new street-london st pancras,8
2024-02-09,birmingham new street-manchester piccadilly,4
2024-02-09,birmingham new street-reading,1
2024-02-09,birmingham new street-stafford,3
2024-02-09,birmingham new street-tamworth,1
2024-02-09,birmingham new street-york,1
2024-02-09,liverpool lime street-crewe,3
2024-02-09,liverpool lime street-leeds,3
2024-02-09,liverpool lime street-london euston,10
2024-02-09,liverpool lime street-manchester piccadilly,25
2024-02-09,liverpool lime street-sheffield,1
2024-02-09,london euston-birmingham new street,32
2024-02-09,london euston-manchester piccadilly,3
2024-02-09,london kings cross-edinburgh waverley,2
2024-02-09,london kings cross-liverpool lime street,1
2024-02-09,london kings cross-york,30
2024-02-09,london paddington-liverpool lime street,1
2024-02-09,london paddington-manchester piccadilly,1
2024-02-09,london paddington-oxford,4
2024-02-09,london paddington-reading,41
2024-02-09,london st pancras-birmingham new street,22
2024-02-09,london st pancras-leicester,1
2024-02-09,manchester piccadilly-leeds,3
2024-02-09,manchester piccadilly-liverpool lime street,38
2024-02-09,manchester piccadilly-london euston,6
2024-02-09,manchester piccadilly-nottingham,3
2024-02-09,manchester piccadilly-sheffield,4
2024-02-09,oxford-bristol temple meads,3
2024-02-09,reading-oxford,2
2024-02-09,reading-swindon,2
2024-02-09,york-doncaster,1
2024-02-09,york-edinburgh waverley,1
2024-02-09,york-leeds,1
2024-02-09,york-peterborough,4
2024-02-10,birmingham new street-coventry,1
2024-02-10,birmingham new street-london euston,3
2024-02-10,birmingham new street-london st pancras,4
2024-02-10,birmingham new street-manchester piccadilly,2
2024-02-10,birmingham new street-nuneaton,1
2024-02-10,birmingham new street-stafford,2
2024-02-10,birmingham new street-tamworth,3
2024-02-10,liverpool lime street-crewe,3
2024-02-10,liverpool lime street-leeds,1
2024-02-10,liverpool lime street-london euston,12
2024-02-10,liverpool lime street-manchester piccadilly,27
2024-02-10,london euston-birmingham new street,31
2024-02-10,london euston-manchester piccadilly,5
2024-02-10,london kings cross-edinburgh waverley,1
2024-02-10,london kings cross-liverpool lime street,3
2024-02-10,london kings cross-york,33
2024-02-10,london paddington-oxford,4
2024-02-10,london paddington-reading,29
2024-02-10,london st pancras-birmingham new street,27
2024-02-10,london st pancras-leicester,1
2024-02-10,manchester piccadilly-leeds,1
2024-02-10,manchester piccadilly-liverpool lime street,41
2024-02-10,manchester piccadilly-london euston,2
2024-02-10,manchester piccadilly-london kings cross,1
2024-02-10,manchester piccadilly-nottingham,1
2024-02-10,manchester piccadilly-sheffield,1
2024-02-10,manchester piccadilly-warrington,1
2024-02-10,oxford-bristol temple meads,1
2024-02-10,reading-liverpool lime street,1
2024-02-10,reading-london paddington,1
2024-02-10,reading-oxford,1
2024-02-10,reading-swindon,3
2024-02-10,york-doncaster,3
2024-02-10,york-durham,2
2024-02-10,york-edinburgh,2
2024-02-10,york-peterborough,3
2024-02-11,birmingham new street-liverpool lime street,2
2024-02-11,birmingham new street-london euston,2
2024-02-11,birmingham new street-london kings cross,1
2024-02-11,birmingham new street-london st pancras,2
2024-02-11,birmingham new street-manchester piccadilly,3
2024-02-11,birmingham new street-nuneaton,2
2024-02-11,birmingham new street-stafford,2
2024-02-11,birmingham new street-tamworth,2
2024-02-11,liverpool lime street-london euston,6
2024-02-11,liverpool lime street-london st pancras,1
2024-02-11,liverpool lime street-manchester piccadilly,23
2024-02-11,liverpool lime street-sheffield,1
2024-02-11,london euston-birmingham new street,40
2024-02-11,london euston-manchester piccadilly,6
2024-02-11,london kings cross-liverpool lime street,1
2024-02-11,london kings cross-york,36
2024-02-11,london paddington-london waterloo,1
2024-02-11,london paddington-oxford,3
2024-02-11,london paddington-reading,31
2024-02-11,london st pancras-birmingham new street,24
2024-02-11,london st pancras-leicester,2
2024-02-11,london st pancras-wolverhampton,2
2024-02-11,manchester piccadilly-liverpool lime street,32
2024-02-11,manchester piccadilly-london euston,1
2024-02-11,manchester piccadilly-nottingham,1
2024-02-11,manchester piccadilly-sheffield,2
2024-02-11,oxford-bristol temple meads,2
2024-02-11,reading-liverpool lime street,1
2024-02-11,reading-oxford,2
2024-02-11,reading-swindon,1
2024-02-11,york-doncaster,1
2024-02-11,york-durham,4
2024-02-11,york-edinburgh,4
2024-02-11,york-peterborough,1
2024-02-12,birmingham new street-coventry,1
2024-02-12,birmingham new street-liverpool lime street,2
2024-02-12,birmingham new street-london kings cross,1
2024-02-12,birmingham new street-london st pancras,6
2024-02-12,birmingham new street-manchester piccadilly,1
2024-02-12,birmingham new street-nuneaton,1
2024-02-12,birmingham new street-stafford,2
2024-02-12,birmingham new street-tamworth,5
2024-02-12,liverpool lime street-crewe,2
2024-02-12,liverpool lime street-leeds,1
2024-02-12,liverpool lime street-london euston,10
2024-02-12,liverpool lime street-london st pancras,1
2024-02-12,liverpool lime street-manchester piccadilly,22
2024-02-12,liverpool lime street-sheffield,1
2024-02-12,london euston-birmingham new street,36
2024-02-12,london euston-manchester piccadilly,7
2024-02-12,london kings cross-edinburgh waverley,3
2024-02-12,london kings cross-york,35
2024-02-12,london paddington-oxford,5
2024-02-12,london paddington-reading,31
2024-02-12,london st pancras-birmingham new street,31
2024-02-12,london st pancras-leicester,6
2024-02-12,london st pancras-wolverhampton,1
2024-02-12,manchester piccadilly-leeds,2
2024-02-12,manchester piccadilly-liverpool lime street,26
2024-02-12,manchester piccadilly-london euston,5
2024-02-12,manchester piccadilly-london paddington,1
2024-02-12,manchester piccadilly-nottingham,3
2024-02-12,manchester piccadilly-sheffield,3
2024-02-12,oxford-bristol temple meads,3
2024-02-12,reading-london paddington,1
2024-02-12,reading-swindon,4
2024-02-12,york-birmingham new street,1
2024-02-12,york-doncaster,1
2024-02-12,york-durham,3
2024-02-12,york-peterborough,5
2024-02-13,birmingham new street-coventry,1
2024-02-13,birmingham new street-london st pancras,7
2024-02-13,birmingham new street-manchester piccadilly,1
2024-02-13,birmingham new street-nuneaton,2
2024-02-13,birmingham new street-stafford,1
2024-02-13,birmingham new street-tamworth,2
2024-02-13,liverpool lime street-birmingham new street,1
2024-02-13,liverpool lime street-crewe,1
2024-02-13,liverpool lime street-leeds,1
2024-02-13,liverpool lime street-london euston,13
2024-02-13,liverpool lime street-manchester piccadilly,19
2024-02-13,liverpool lime street-sheffield,1
2024-02-13,london euston-birmingham new street,34
2024-02-13,london euston-manchester piccadilly,4
2024-02-13,london euston-oxford,1
2024-02-13,london kings cross-edinburgh waverley,1
2024-02-13,london kings cross-liverpool lime street,2
2024-02-13,london kings cross-york,36
2024-02-13,london paddington-oxford,6
2024-02-13,london paddington-reading,30
2024-02-13,london st pancras-birmingham new street,28
2024-02-13,london st pancras-leicester,5
2024-02-13,manchester piccadilly-leeds,1
2024-02-13,manchester piccadilly-liverpool lime street,29
2024-02-13,manchester piccadilly-london euston,4
2024-02-13,manchester piccadilly-london paddington,1
2024-02-13,manchester piccadilly-nottingham,1
2024-02-13,manchester piccadilly-sheffield,1
2024-02-13,oxford-bristol temple meads,8
2024-02-13,reading-liverpool lime street,1
2024-02-13,reading-london paddington,1
2024-02-13,reading-oxford,1
2024-02-13,reading-swindon,1
2024-02-13,york-doncaster,1
2024-02-13,york-durham,1
2024-02-13,york-peterborough,1
2024-02-14,birmingham new street-liverpool lime street,1
2024-02-14,birmingham new street-london euston,1
2024-02-14,birmingham new street-london st pancras,7
2024-02-14,birmingham new street-manchester piccadilly,3
2024-02-14,birmingham new street-nuneaton,2
2024-02-14,birmingham new street-wolverhampton,1
2024-02-14,liverpool lime street-leeds,1
2024-02-14,liverpool lime street-london euston,12
2024-02-14,liverpool lime street-manchester piccadilly,27
2024-02-14,london euston-birmingham new street,38
2024-02-14,london euston-manchester piccadilly,12
2024-02-14,london kings cross-liverpool lime street,1
2024-02-14,london kings cross-york,31
2024-02-14,london paddington-manchester piccadilly,1
2024-02-14,london paddington-oxford,3
2024-02-14,london paddington-reading,36
2024-02-14,london st pancras-birmingham new street,33
2024-02-14,london st pancras-leicester,5
2024-02-14,london st pancras-wolverhampton,3
2024-02-14,manchester piccadilly-leeds,1
2024-02-14,manchester piccadilly-liverpool lime street,43
2024-02-14,manchester piccadilly-london euston,3
2024-02-14,manchester piccadilly-nottingham,1
2024-02-14,manchester piccadilly-sheffield,1
2024-02-14,oxford-bristol temple meads,1
2024-02-14,reading-didcot,1
2024-02-14,reading-london paddington,1
2024-02-14,reading-oxford,1
2024-02-14,york-doncaster,2
2024-02-14,york-durham,2
2024-02-14,york-edinburgh,1
2024-02-14,york-peterborough,1
2024-02-15,birmingham new street-edinburgh,1
2024-02-15,birmingham new street-liverpool lime street,3
2024-02-15,birmingham new street-london euston,4
2024-02-15,birmingham new street-london st pancras,4
2024-02-15,birmingham new street-manchester piccadilly,5
2024-02-15,birmingham new street-nuneaton,2
2024-02-15,birmingham new street-stafford,3
2024-02-15,birmingham new street-tamworth,5
2024-02-15,liverpool lime street-london euston,8
2024-02-15,liverpool lime street-manchester piccadilly,25
2024-02-15,london euston-birmingham new street,36
2024-02-15,london euston-manchester piccadilly,4
2024-02-15,london kings cross-edinburgh waverley,1
2024-02-15,london kings cross-liverpool lime street,1
2024-02-15,london kings cross-york,25
2024-02-15,london paddington-oxford,3
2024-02-15,london paddington-reading,40
2024-02-15,london st pancras-birmingham new street,30
2024-02-15,london st pancras-leicester,2
2024-02-15,manchester piccadilly-liverpool lime street,30
2024-02-15,manchester piccadilly-london euston,7
2024-02-15,manchester piccadilly-london paddington,1
2024-02-15,manchester piccadilly-london st pancras,1
2024-02-15,manchester piccadilly-sheffield,1
2024-02-15,manchester piccadilly-warrington,1
2024-02-15,manchester piccadilly-york,1
2024-02-15,oxford-bristol temple meads,2
2024-02-15,reading-didcot,1
2024-02-15,reading-london paddington,1
2024-02-15,reading-oxford,1
2024-02-15,reading-swindon,1
2024-02-15,york-doncaster,3
2024-02-15,york-durham,3
2024-02-15,york-edinburgh,1
2024-02-15,york-peterborough,1
2024-02-16,birmingham new street-liverpool lime street,1
2024-02-16,birmingham new street-london euston,1
2024-02-16,birmingham new street-london paddington,1
2024-02-16,birmingham new street-london st pancras,3
2024-02-16,birmingham new street-manchester piccadilly,1
2024-02-16,birmingham new street-stafford,1
2024-02-16,birmingham new street-tamworth,1
2024-02-16,birmingham new street-wolverhampton,1
2024-02-16,bristol temple meads-cardiff central,1
2024-02-16,liverpool lime street-birmingham new street,1
2024-02-16,liverpool lime street-crewe,1
2024-02-16,liverpool lime street-leeds,1
2024-02-16,liverpool lime street-london euston,8
2024-02-16,liverpool lime street-london st pancras,2
2024-02-16,liverpool lime street-manchester piccadilly,24
2024-02-16,liverpool lime street-sheffield,1
2024-02-16,london euston-birmingham new street,27
2024-02-16,london euston-manchester piccadilly,7
2024-02-16,london kings cross-edinburgh waverley,2
2024-02-16,london kings cross-liverpool lime street,1
2024-02-16,london kings cross-york,29
2024-02-16,london paddington-liverpool lime street,1
2024-02-16,london paddington-oxford,2
2024-02-16,london paddington-reading,28
2024-02-16,london st pancras-birmingham new street,27
2024-02-16,london st pancras-leicester,3
2024-02-16,london st pancras-wolverhampton,1
2024-02-16,manchester piccadilly-leeds,1
2024-02-16,manchester piccadilly-liverpool lime street,38
2024-02-16,manchester piccadilly-london euston,2
2024-02-16,manchester piccadilly-london kings cross,1
2024-02-16,manchester piccadilly-london paddington,1
2024-02-16,manchester piccadilly-london st pancras,1
2024-02-16,manchester piccadilly-nottingham,3
2024-02-16,manchester piccadilly-sheffield,1
2024-02-16,reading-london paddington,2
2024-02-16,reading-swindon,3
2024-02-16,york-doncaster,3
2024-02-16,york-durham,2
2024-02-16,york-edinburgh,1
2024-02-16,york-edinburgh waverley,1
2024-02-16,york-peterborough,3
2024-02-17,birmingham new street-liverpool lime street,2
2024-02-17,birmingham new street-london st pancras,7
2024-02-17,birmingham new street-manchester piccadilly,1
2024-02-17,birmingham new street-nuneaton,3
2024-02-17,birmingham new street-stafford,1
2024-02-17,birmingham new street-tamworth,1
2024-02-17,liverpool lime street-crewe,2
2024-02-17,liverpool lime street-london euston,6
2024-02-17,liverpool lime street-manchester piccadilly,16
2024-02-17,london euston-birmingham new street,35
2024-02-17,london euston-manchester piccadilly,4
2024-02-17,london kings cross-liverpool lime street,3
2024-02-17,london kings cross-york,34
2024-02-17,london paddington-liverpool lime street,1
2024-02-17,london paddington-manchester piccadilly,1
2024-02-17,london paddington-oxford,2
2024-02-17,london paddington-reading,28
2024-02-17,london st pancras-birmingham new street,26
2024-02-17,london st pancras-leicester,4
2024-02-17,london st pancras-wolverhampton,1
2024-02-17,manchester piccadilly-leeds,2
2024-02-17,manchester piccadilly-liverpool lime street,40
2024-02-17,manchester piccadilly-london euston,4
2024-02-17,manchester piccadilly-nottingham,2
2024-02-17,manchester piccadilly-york,1
2024-02-17,oxford-bristol temple meads,1
2024-02-17,reading-didcot,2
2024-02-17,reading-london paddington,4
2024-02-17,reading-oxford,1
2024-02-17,reading-swindon,1
2024-02-17,york-doncaster,3
2024-02-17,york-durham,1
2024-02-17,york-edinburgh,1
2024-02-17,york-peterborough,3
2024-02-18,birmingham new street-liverpool lime street,2
2024-02-18,birmingham new street-london paddington,1
2024-02-18,birmingham new street-london st pancras,4
2024-02-18,birmingham new street-manchester piccadilly,2
2024-02-18,birmingham new street-nuneaton,2
2024-02-18,birmingham new street-stafford,2
2024-02-18,birmingham new street-tamworth,1
2024-02-18,bristol temple meads-cardiff central,1
2024-02-18,edinburgh waverley-london kings cross,1
2024-02-18,liverpool lime street-crewe,2
2024-02-18,liverpool lime street-leeds,1
2024-02-18,liverpool lime street-london euston,6
2024-02-18,liverpool lime street-london st pancras,1
2024-02-18,liverpool lime street-manchester piccadilly,27
2024-02-18,liverpool lime street-sheffield,1
2024-02-18,london euston-birmingham new street,31
2024-02-18,london euston-manchester piccadilly,9
2024-02-18,london euston-oxford,1
2024-02-18,london kings cross-edinburgh waverley,1
2024-02-18,london kings cross-liverpool lime street,1
2024-02-18,london kings cross-york,28
2024-02-18,london paddington-liverpool lime street,1
2024-02-18,london paddington-london waterloo,2
2024-02-18,london paddington-oxford,8
2024-02-18,london paddington-reading,45
2024-02-18,london st pancras-birmingham new street,25
2024-02-18,london st pancras-leicester,2
2024-02-18,manchester piccadilly-leeds,1
2024-02-18,manchester piccadilly-liverpool lime street,46
2024-02-18,manchester piccadilly-london euston,3
2024-02-18,manchester piccadilly-london paddington,2
2024-02-18,oxford-bristol temple meads,1
2024-02-18,reading-london paddington,2
2024-02-18,reading-oxford,1
2024-02-18,reading-swindon,2
2024-02-18,york-doncaster,3
2024-02-18,york-durham,4
2024-02-18,york-peterborough,2
2024-02-19,birmingham new street-coventry,1
2024-02-19,birmingham new street-liverpool lime street,4
2024-02-19,birmingham new street-london euston,1
2024-02-19,birmingham new street-london st pancras,7
2024-02-19,birmingham new street-manchester piccadilly,3
2024-02-19,birmingham new street-nuneaton,3
2024-02-19,birmingham new street-stafford,2
2024-02-19,birmingham new street-tamworth,3
2024-02-19,edinburgh waverley-london kings cross,1
2024-02-19,liverpool lime street-birmingham new street,1
2024-02-19,liverpool lime street-crewe,1
2024-02-19,liverpool lime street-london euston,6
2024-02-19,liverpool lime street-manchester piccadilly,22
2024-02-19,london euston-birmingham new street,40
2024-02-19,london euston-manchester piccadilly,5
2024-02-19,london kings cross-liverpool lime street,1
2024-02-19,london kings cross-york,31
2024-02-19,london paddington-liverpool lime street,1
2024-02-19,london paddington-oxford,5
2024-02-19,london paddington-reading,28
2024-02-19,london st pancras-birmingham new street,25
2024-02-19,london st pancras-leicester,3
2024-02-19,london st pancras-wolverhampton,1
2024-02-19,manchester piccadilly-liverpool lime street,38
2024-02-19,manchester piccadilly-london euston,1
2024-02-19,manchester piccadilly-london kings cross,1
2024-02-19,manchester piccadilly-nottingham,3
2024-02-19,manchester piccadilly-sheffield,3
2024-02-19,reading-didcot,1
2024-02-19,reading-oxford,2
2024-02-19,reading-swindon,1
2024-02-19,york-doncaster,1
2024-02-19,york-durham,2
2024-02-19,york-edinburgh,3
2024-02-19,york-peterborough,2
2024-02-20,birmingham new street-edinburgh,1
2024-02-20,birmingham new street-london euston,2
2024-02-20,birmingham new street-london paddington,2
2024-02-20,birmingham new street-london st pancras,7
2024-02-20,birmingham new street-manchester piccadilly,4
2024-02-20,birmingham new street-nuneaton,3
2024-02-20,birmingham new street-tamworth,1
2024-02-20,birmingham new street-york,1
2024-02-20,liverpool lime street-leeds,1
2024-02-20,liverpool lime street-london euston,6
2024-02-20,liverpool lime street-london paddington,1
2024-02-20,liverpool lime street-manchester piccadilly,22
2024-02-20,liverpool lime street-sheffield,3
2024-02-20,london euston-birmingham new street,37
2024-02-20,london euston-manchester piccadilly,7
2024-02-20,london kings cross-edinburgh waverley,1
2024-02-20,london kings cross-liverpool lime street,2
2024-02-20,london kings cross-york,33
2024-02-20,london paddington-oxford,8
2024-02-20,london paddington-reading,29
2024-02-20,london st pancras-birmingham new street,39
2024-02-20,london st pancras-leicester,2
2024-02-20,manchester piccadilly-liverpool lime street,41
2024-02-20,manchester piccadilly-london euston,4
2024-02-20,manchester piccadilly-london paddington,1
2024-02-20,manchester piccadilly-nottingham,1
2024-02-20,manchester piccadilly-sheffield,5
2024-02-20,oxford-bristol temple meads,1
2024-02-20,reading-birmingham new street,1
2024-02-20,reading-london paddington,1
2024-02-20,reading-oxford,1
2024-02-20,reading-swindon,1
2024-02-20,york-durham,1
2024-02-20,york-edinburgh,1
2024-02-20,york-edinburgh waverley,2
2024-02-20,york-peterborough,1
2024-02-21,birmingham new street-coventry,3
2024-02-21,birmingham new street-liverpool lime street,3
2024-02-21,birmingham new street-london euston,1
2024-02-21,birmingham new street-london st pancras,5
2024-02-21,birmingham new street-manchester piccadilly,1
2024-02-21,birmingham new street-nuneaton,3
2024-02-21,birmingham new street-stafford,2
2024-02-21,birmingham new street-tamworth,4
2024-02-21,edinburgh waverley-london kings cross,1
2024-02-21,liverpool lime street-crewe,2
2024-02-21,liverpool lime street-london euston,11
2024-02-21,liverpool lime street-manchester piccadilly,28
2024-02-21,london euston-birmingham new street,42
2024-02-21,london euston-manchester piccadilly,7
2024-02-21,london kings cross-edinburgh waverley,2
2024-02-21,london kings cross-york,41
2024-02-21,london paddington-liverpool lime street,1
2024-02-21,london paddington-manchester piccadilly,1
2024-02-21,london paddington-oxford,7
2024-02-21,london paddington-reading,35
2024-02-21,london st pancras-birmingham new street,27
2024-02-21,london st pancras-leicester,5
2024-02-21,manchester piccadilly-liverpool lime street,46
2024-02-21,manchester piccadilly-london euston,2
2024-02-21,manchester piccadilly-london st pancras,1
2024-02-21,manchester piccadilly-sheffield,1
2024-02-21,oxford-bristol temple meads,1
2024-02-21,reading-liverpool lime street,1
2024-02-21,reading-oxford,1
2024-02-21,reading-swindon,1
2024-02-21,york-birmingham new street,1
2024-02-21,york-doncaster,5
2024-02-21,york-durham,3
2024-02-21,york-edinburgh,1
2024-02-21,york-peterborough,1
2024-02-22,birmingham new street-liverpool lime street,2
2024-02-22,birmingham new street-london euston,1
2024-02-22,birmingham new street-london st pancras,5
2024-02-22,birmingham new street-manchester piccadilly,3
2024-02-22,birmingham new street-stafford,3
2024-02-22,birmingham new street-tamworth,4
2024-02-22,birmingham new street-wolverhampton,1
2024-02-22,birmingham new street-york,2
2024-02-22,edinburgh waverley-london kings cross,1
2024-02-22,liverpool lime street-london euston,15
2024-02-22,liverpool lime street-manchester piccadilly,27
2024-02-22,liverpool lime street-sheffield,1
2024-02-22,london euston-birmingham new street,30
2024-02-22,london euston-manchester piccadilly,1
2024-02-22,london kings cross-edinburgh waverley,3
2024-02-22,london kings cross-liverpool lime street,1
2024-02-22,london kings cross-york,30
2024-02-22,london paddington-oxford,3
2024-02-22,london paddington-reading,26
2024-02-22,london st pancras-birmingham new street,33
2024-02-22,london st pancras-leicester,4
2024-02-22,london st pancras-wolverhampton,1
2024-02-22,manchester piccadilly-liverpool lime street,36
2024-02-22,manchester piccadilly-london euston,4
2024-02-22,manchester piccadilly-london paddington,2
2024-02-22,manchester piccadilly-nottingham,2
2024-02-22,manchester piccadilly-sheffield,2
2024-02-22,oxford-bristol temple meads,2
2024-02-22,reading-london paddington,1
2024-02-22,reading-oxford,1
2024-02-22,reading-swindon,3
2024-02-22,york-durham,1
2024-02-22,york-leeds,1
2024-02-22,york-peterborough,2
2024-02-23,birmingham new street-edinburgh,1
2024-02-23,birmingham new street-london st pancras,5
2024-02-23,birmingham new street-manchester piccadilly,1
2024-02-23,birmingham new street-nuneaton,3
2024-02-23,birmingham new street-stafford,1
2024-02-23,birmingham new street-tamworth,1
2024-02-23,edinburgh waverley-london kings cross,1
2024-02-23,liverpool lime street-leeds,1
2024-02-23,liverpool lime street-london euston,6
2024-02-23,liverpool lime street-london paddington,1
2024-02-23,liverpool lime street-london st pancras,1
2024-02-23,liverpool lime street-manchester piccadilly,28
2024-02-23,liverpool lime street-sheffield,2
2024-02-23,london euston-birmingham new street,43
2024-02-23,london euston-manchester piccadilly,2
2024-02-23,london euston-york,1
2024-02-23,london kings cross-edinburgh waverley,1
2024-02-23,london kings cross-liverpool lime street,2
2024-02-23,london kings cross-york,31
2024-02-23,london paddington-oxford,2
2024-02-23,london paddington-reading,29
2024-02-23,london st pancras-birmingham new street,28
2024-02-23,london st pancras-leicester,4
2024-02-23,london st pancras-wolverhampton,1
2024-02-23,manchester piccadilly-liverpool lime street,45
2024-02-23,manchester piccadilly-london euston,3
2024-02-23,manchester piccadilly-nottingham,1
2024-02-23,manchester piccadilly-sheffield,2
2024-02-23,oxford-bristol temple meads,1
2024-02-23,reading-oxford,4
2024-02-23,york-doncaster,4
2024-02-23,york-edinburgh,3
2024-02-23,york-leeds,1
2024-02-23,york-peterborough,2
2024-02-24,birmingham new street-liverpool lime street,2
2024-02-24,birmingham new street-london paddington,1
2024-02-24,birmingham new street-london st pancras,9
2024-02-24,birmingham new street-nuneaton,2
2024-02-24,birmingham new street-tamworth,1
2024-02-24,birmingham new street-wolverhampton,1
2024-02-24,liverpool lime street-crewe,2
2024-02-24,liverpool lime street-london euston,5
2024-02-24,liverpool lime street-manchester piccadilly,31
2024-02-24,liverpool lime street-sheffield,1
2024-02-24,london euston-birmingham new street,32
2024-02-24,london euston-manchester piccadilly,4
2024-02-24,london kings cross-liverpool lime street,1
2024-02-24,london kings cross-york,24
2024-02-24,london paddington-liverpool lime street,2
2024-02-24,london paddington-oxford,5
2024-02-24,london paddington-reading,32
2024-02-24,london st pancras-birmingham new street,38
2024-02-24,manchester piccadilly-liverpool lime street,34
2024-02-24,manchester piccadilly-london euston,3
2024-02-24,manchester piccadilly-nottingham,1
2024-02-24,manchester piccadilly-sheffield,3
2024-02-24,manchester piccadilly-warrington,1
2024-02-24,oxford-bristol temple meads,1
2024-02-24,reading-london paddington,1
2024-02-24,reading-oxford,1
2024-02-24,reading-swindon,2
2024-02-24,york-doncaster,1
2024-02-24,york-durham,1
2024-02-24,york-edinburgh,1
2024-02-24,york-peterborough,2
2024-02-25,birmingham new street-coventry,1
2024-02-25,birmingham new street-london euston,1
2024-02-25,birmingham new street-london st pancras,12
2024-02-25,birmingham new street-manchester piccadilly,1
2024-02-25,birmingham new street-stafford,1
2024-02-25,birmingham new street-tamworth,3
2024-02-25,bristol temple meads-cardiff central,1
2024-02-25,liverpool lime street-crewe,2
2024-02-25,liverpool lime street-london euston,6
2024-02-25,liverpool lime street-manchester piccadilly,16
2024-02-25,london euston-birmingham new street,40
2024-02-25,london euston-manchester piccadilly,6
2024-02-25,london kings cross-edinburgh waverley,1
2024-02-25,london kings cross-york,43
2024-02-25,london paddington-oxford,4
2024-02-25,london paddington-reading,39
2024-02-25,london st pancras-birmingham new street,31
2024-02-25,london st pancras-leicester,6
2024-02-25,london st pancras-wolverhampton,3
2024-02-25,manchester piccadilly-leeds,3
2024-02-25,manchester piccadilly-liverpool lime street,45
2024-02-25,manchester piccadilly-london euston,1
2024-02-25,manchester piccadilly-london paddington,2
2024-02-25,manchester piccadilly-london st pancras,1
2024-02-25,manchester piccadilly-nottingham,2
2024-02-25,manchester piccadilly-sheffield,2
2024-02-25,reading-birmingham new street,1
2024-02-25,reading-didcot,1
2024-02-25,reading-london paddington,1
2024-02-25,reading-oxford,1
2024-02-25,reading-swindon,2
2024-02-25,york-doncaster,5
2024-02-25,york-durham,2
2024-02-25,york-peterborough,1
2024-02-26,birmingham new street-coventry,1
2024-02-26,birmingham new street-liverpool lime street,2
2024-02-26,birmingham new street-london euston,2
2024-02-26,birmingham new street-london paddington,1
2024-02-26,birmingham new street-london st pancras,5
2024-02-26,birmingham new street-manchester piccadilly,1
2024-02-26,birmingham new street-nuneaton,4
2024-02-26,birmingham new street-stafford,4
2024-02-26,birmingham new street-tamworth,3
2024-02-26,birmingham new street-wolverhampton,1
2024-02-26,edinburgh waverley-london kings cross,1
2024-02-26,liverpool lime street-crewe,1
2024-02-26,liverpool lime street-leeds,1
2024-02-26,liverpool lime street-london euston,8
2024-02-26,liverpool lime street-manchester piccadilly,21
2024-02-26,london euston-birmingham new street,27
2024-02-26,london euston-manchester piccadilly,7
2024-02-26,london euston-oxford,1
2024-02-26,london kings cross-edinburgh waverley,2
2024-02-26,london kings cross-york,34
2024-02-26,london paddington-london waterloo,1
2024-02-26,london paddington-oxford,2
2024-02-26,london paddington-reading,29
2024-02-26,london st pancras-birmingham new street,26
2024-02-26,london st pancras-wolverhampton,2
2024-02-26,manchester piccadilly-leeds,4
2024-02-26,manchester piccadilly-liverpool lime street,45
2024-02-26,manchester piccadilly-london euston,5
2024-02-26,manchester piccadilly-nottingham,2
2024-02-26,manchester piccadilly-sheffield,2
2024-02-26,manchester piccadilly-warrington,1
2024-02-26,oxford-bristol temple meads,1
2024-02-26,reading-liverpool lime street,2
2024-02-26,reading-swindon,1
2024-02-26,york-birmingham new street,1
2024-02-26,york-doncaster,1
2024-02-26,york-durham,1
2024-02-26,york-edinburgh,1
2024-02-26,york-peterborough,2
2024-02-27,birmingham new street-edinburgh,1
2024-02-27,birmingham new street-liverpool lime street,1
2024-02-27,birmingham new street-london euston,1
2024-02-27,birmingham new street-london st pancras,6
2024-02-27,birmingham new street-manchester piccadilly,2
2024-02-27,birmingham new street-nuneaton,4
2024-02-27,birmingham new street-reading,1
2024-02-27,birmingham new street-stafford,2
2024-02-27,birmingham new street-tamworth,3
2024-02-27,birmingham new street-york,1
2024-02-27,bristol temple meads-cardiff central,1
2024-02-27,liverpool lime street-crewe,2
2024-02-27,liverpool lime street-leeds,1
2024-02-27,liverpool lime street-london euston,10
2024-02-27,liverpool lime street-london paddington,1
2024-02-27,liverpool lime street-london st pancras,1
2024-02-27,liverpool lime street-manchester piccadilly,18
2024-02-27,london euston-birmingham new street,37
2024-02-27,london euston-manchester piccadilly,7
2024-02-27,london kings cross-edinburgh waverley,4
2024-02-27,london kings cross-liverpool lime street,1
2024-02-27,london kings cross-york,31
2024-02-27,london paddington-manchester piccadilly,1
2024-02-27,london paddington-oxford,7
2024-02-27,london paddington-reading,31
2024-02-27,london st pancras-birmingham new street,33
2024-02-27,london st pancras-leicester,2
2024-02-27,london st pancras-wolverhampton,1
2024-02-27,manchester piccadilly-leeds,3
2024-02-27,manchester piccadilly-liverpool lime street,33
2024-02-27,manchester piccadilly-london euston,2
2024-02-27,manchester piccadilly-nottingham,1
2024-02-27,oxford-bristol temple meads,1
2024-02-27,reading-didcot,1
2024-02-27,reading-london paddington,1
2024-02-27,reading-oxford,6
2024-02-27,reading-swindon,1
2024-02-27,york-doncaster,2
2024-02-27,york-durham,1
2024-02-28,birmingham new street-liverpool lime street,1
2024-02-28,birmingham new street-london euston,2
2024-02-28,birmingham new street-london kings cross,1
2024-02-28,birmingham new street-london st pancras,12
2024-02-28,birmingham new street-manchester piccadilly,2
2024-02-28,birmingham new street-nuneaton,1
2024-02-28,birmingham new street-tamworth,1
2024-02-28,birmingham new street-wolverhampton,1
2024-02-28,edinburgh waverley-london kings cross,1
2024-02-28,liverpool lime street-crewe,1
2024-02-28,liverpool lime street-leeds,1
2024-02-28,liverpool lime street-london euston,8
2024-02-28,liverpool lime street-manchester piccadilly,29
2024-02-28,liverpool lime street-sheffield,3
2024-02-28,london euston-birmingham new street,34
2024-02-28,london euston-manchester piccadilly,6
2024-02-28,london euston-oxford,1
2024-02-28,london kings cross-edinburgh waverley,2
2024-02-28,london kings cross-liverpool lime street,1
2024-02-28,london kings cross-york,32
2024-02-28,london paddington-oxford,3
2024-02-28,london paddington-reading,38
2024-02-28,london st pancras-birmingham new street,28
2024-02-28,london st pancras-leicester,4
2024-02-28,london st pancras-wolverhampton,1
2024-02-28,manchester piccadilly-leeds,1
2024-02-28,manchester piccadilly-liverpool lime street,39
2024-02-28,manchester piccadilly-london euston,4
2024-02-28,manchester piccadilly-london paddington,1
2024-02-28,manchester piccadilly-nottingham,1
2024-02-28,manchester piccadilly-sheffield,2
2024-02-28,oxford-bristol temple meads,3
2024-02-28,reading-birmingham new street,1
2024-02-28,reading-london paddington,1
2024-02-28,reading-swindon,2
2024-02-28,york-doncaster,4
2024-02-28,york-durham,6
2024-02-28,york-edinburgh,3
2024-02-28,york-peterborough,3
2024-02-28,york-wakefield,1
2024-02-29,birmingham new street-coventry,1
2024-02-29,birmingham new street-london euston,1
2024-02-29,birmingham new street-london st pancras,9
2024-02-29,birmingham new street-manchester piccadilly,1
2024-02-29,birmingham new street-nuneaton,4
2024-02-29,birmingham new street-reading,1
2024-02-29,birmingham new street-stafford,1
2024-02-29,edinburgh waverley-london kings cross,2
2024-02-29,liverpool lime street-crewe,1
2024-02-29,liverpool lime street-london euston,6
2024-02-29,liverpool lime street-london st pancras,1
2024-02-29,liverpool lime street-manchester piccadilly,26
2024-02-29,london euston-birmingham new street,41
2024-02-29,london euston-manchester piccadilly,9
2024-02-29,london kings cross-edinburgh waverley,2
2024-02-29,london kings cross-liverpool lime street,1
2024-02-29,london kings cross-york,27
2024-02-29,london paddington-london waterloo,1
2024-02-29,london paddington-oxford,4
2024-02-29,london paddington-reading,32
2024-02-29,london st pancras-birmingham new street,24
2024-02-29,london st pancras-leicester,3
2024-02-29,london st pancras-wolverhampton,1
2024-02-29,manchester piccadilly-leeds,1
2024-02-29,manchester piccadilly-liverpool lime street,31
2024-02-29,manchester piccadilly-london euston,2
2024-02-29,manchester piccadilly-london paddington,1
2024-02-29,manchester piccadilly-sheffield,2
2024-02-29,oxford-bristol temple meads,2
2024-02-29,reading-birmingham new street,1
2024-02-29,reading-london paddington,1
2024-02-29,reading-swindon,1
2024-02-29,york-doncaster,2
2024-02-29,york-edinburgh,2
2024-02-29,york-leeds,2
2024-02-29,york-peterborough,1
2024-03-01,birmingham new street-liverpool lime street,1
2024-03-01,birmingham new street-nuneaton,1
2024-03-01,birmingham new street-stafford,2
2024-03-01,birmingham new street-tamworth,1
2024-03-01,liverpool lime street-crewe,1
2024-03-01,liverpool lime street-london euston,2
2024-03-01,liverpool lime street-manchester piccadilly,7
2024-03-01,liverpool lime street-sheffield,1
2024-03-01,london euston-birmingham new street,14
2024-03-01,london euston-manchester piccadilly,2
2024-03-01,london kings cross-edinburgh waverley,1
2024-03-01,london kings cross-liverpool lime street,1
2024-03-01,london kings cross-york,10
2024-03-01,london paddington-liverpool lime street,1
2024-03-01,london paddington-oxford,4
2024-03-01,london paddington-reading,2
2024-03-01,london st pancras-birmingham new street,6
2024-03-01,manchester piccadilly-liverpool lime street,12
2024-03-01,manchester piccadilly-london euston,1
2024-03-01,reading-liverpool lime street,1
2024-03-01,york-durham,2
2024-03-02,birmingham new street-liverpool lime street,1
2024-03-02,birmingham new street-london st pancras,3
2024-03-02,birmingham new street-nuneaton,2
2024-03-02,birmingham new street-stafford,2
2024-03-02,birmingham new street-tamworth,1
2024-03-02,liverpool lime street-leeds,1
2024-03-02,liverpool lime street-london euston,11
2024-03-02,liverpool lime street-manchester piccadilly,18
2024-03-02,london euston-birmingham new street,17
2024-03-02,london euston-manchester piccadilly,7
2024-03-02,london kings cross-edinburgh waverley,3
2024-03-02,london kings cross-liverpool lime street,1
2024-03-02,london kings cross-york,21
2024-03-02,london paddington-reading,15
2024-03-02,london st pancras-birmingham new street,11
2024-03-02,london st pancras-leicester,3
2024-03-02,london st pancras-wolverhampton,1
2024-03-02,manchester piccadilly-liverpool lime street,29
2024-03-02,manchester piccadilly-london euston,1
2024-03-02,manchester piccadilly-sheffield,1
2024-03-02,oxford-bristol temple meads,1
2024-03-02,reading-london paddington,1
2024-03-02,reading-swindon,1
2024-03-02,york-birmingham new street,1
2024-03-02,york-doncaster,1
2024-03-02,york-edinburgh,1
2024-03-02,york-peterborough,2
2024-03-03,birmingham new street-liverpool lime street,1
2024-03-03,birmingham new street-london euston,1
2024-03-03,birmingham new street-london paddington,1
2024-03-03,birmingham new street-london st pancras,7
2024-03-03,birmingham new street-manchester piccadilly,1
2024-03-03,birmingham new street-nuneaton,1
2024-03-03,birmingham new street-stafford,1
2024-03-03,birmingham new street-tamworth,2
2024-03-03,birmingham new street-wolverhampton,1
2024-03-03,liverpool lime street-crewe,3
2024-03-03,liverpool lime street-leeds,1
2024-03-03,liverpool lime street-london euston,8
2024-03-03,liverpool lime street-manchester piccadilly,34
2024-03-03,liverpool lime street-sheffield,1
2024-03-03,london euston-birmingham new street,33
2024-03-03,london euston-manchester piccadilly,7
2024-03-03,london kings cross-edinburgh waverley,1
2024-03-03,london kings cross-york,41
2024-03-03,london paddington-oxford,5
2024-03-03,london paddington-reading,37
2024-03-03,london st pancras-birmingham new street,32
2024-03-03,london st pancras-leicester,5
2024-03-03,london st pancras-wolverhampton,1
2024-03-03,manchester piccadilly-leeds,3
2024-03-03,manchester piccadilly-liverpool lime street,39
2024-03-03,manchester piccadilly-london euston,2
2024-03-03,manchester piccadilly-london paddington,1
2024-03-03,manchester piccadilly-nottingham,2
2024-03-03,manchester piccadilly-sheffield,1
2024-03-03,oxford-bristol temple meads,1
2024-03-03,reading-didcot,1
2024-03-03,reading-london paddington,2
2024-03-03,reading-oxford,3
2024-03-03,reading-swindon,3
2024-03-03,york-doncaster,3
2024-03-03,york-durham,1
2024-03-03,york-edinburgh,1
2024-03-03,york-leeds,1
2024-03-03,york-peterborough,1
2024-03-04,birmingham new street-liverpool lime street,1
2024-03-04,birmingham new street-london euston,3
2024-03-04,birmingham new street-london st pancras,9
2024-03-04,birmingham new street-manchester piccadilly,4
2024-03-04,birmingham new street-nuneaton,1
2024-03-04,birmingham new street-stafford,2
2024-03-04,birmingham new street-york,1
2024-03-04,liverpool lime street-leeds,2
2024-03-04,liverpool lime street-london euston,12
2024-03-04,liverpool lime street-london st pancras,1
2024-03-04,liverpool lime street-manchester piccadilly,23
2024-03-04,london euston-birmingham new street,29
2024-03-04,london euston-manchester piccadilly,4
2024-03-04,london kings cross-edinburgh waverley,2
2024-03-04,london kings cross-liverpool lime street,1
2024-03-04,london kings cross-york,29
2024-03-04,london paddington-liverpool lime street,1
2024-03-04,london paddington-london waterloo,1
2024-03-04,london paddington-oxford,6
2024-03-04,london paddington-reading,28
2024-03-04,london st pancras-birmingham new street,25
2024-03-04,london st pancras-leicester,3
2024-03-04,manchester piccadilly-liverpool lime street,38
2024-03-04,manchester piccadilly-london euston,1
2024-03-04,manchester piccadilly-london paddington,1
2024-03-04,manchester piccadilly-nottingham,2
2024-03-04,manchester piccadilly-sheffield,1
2024-03-04,manchester piccadilly-warrington,1
2024-03-04,oxford-bristol temple meads,2
2024-03-04,reading-london paddington,4
2024-03-04,york-durham,3
2024-03-04,york-peterborough,2
2024-03-04,york-wakefield,1
2024-03-05,birmingham new street-edinburgh,1
2024-03-05,birmingham new street-liverpool lime street,1
2024-03-05,birmingham new street-london paddington,1
2024-03-05,birmingham new street-london st pancras,2
2024-03-05,birmingham new street-manchester piccadilly,1
2024-03-05,birmingham new street-nuneaton,2
2024-03-05,birmingham new street-tamworth,6
2024-03-05,edinburgh waverley-london kings cross,1
2024-03-05,liverpool lime street-birmingham new street,1
2024-03-05,liverpool lime street-london euston,6
2024-03-05,liverpool lime street-london st pancras,1
2024-03-05,liverpool lime street-manchester piccadilly,30
2024-03-05,liverpool lime street-sheffield,1
2024-03-05,london euston-birmingham new street,37
2024-03-05,london euston-manchester piccadilly,2
2024-03-05,london kings cross-edinburgh waverley,1
2024-03-05,london kings cross-liverpool lime street,2
2024-03-05,london kings cross-york,34
2024-03-05,london paddington-liverpool lime street,3
2024-03-05,london paddington-london waterloo,1
2024-03-05,london paddington-manchester piccadilly,1
2024-03-05,london paddington-oxford,7
2024-03-05,london paddington-reading,44
2024-03-05,london st pancras-birmingham new street,35
2024-03-05,london st pancras-leicester,4
2024-03-05,manchester piccadilly-liverpool lime street,44
2024-03-05,manchester piccadilly-london euston,4
2024-03-05,manchester piccadilly-london paddington,1
2024-03-05,manchester piccadilly-nottingham,3
2024-03-05,oxford-bristol temple meads,1
2024-03-05,reading-birmingham new street,2
2024-03-05,reading-didcot,1
2024-03-05,reading-london paddington,1
2024-03-05,reading-oxford,1
2024-03-05,reading-swindon,1
2024-03-05,york-doncaster,4
2024-03-05,york-durham,3
2024-03-05,york-edinburgh waverley,1
2024-03-05,york-peterborough,4
2024-03-06,birmingham new street-liverpool lime street,2
2024-03-06,birmingham new street-london euston,1
2024-03-06,birmingham new street-london st pancras,8
2024-03-06,birmingham new street-manchester piccadilly,2
2024-03-06,birmingham new street-nuneaton,2
2024-03-06,birmingham new street-reading,1
2024-03-06,birmingham new street-stafford,5
2024-03-06,birmingham new street-tamworth,2
2024-03-06,edinburgh waverley-london kings cross,1
2024-03-06,liverpool lime street-crewe,2
2024-03-06,liverpool lime street-london euston,10
2024-03-06,liverpool lime street-manchester piccadilly,29
2024-03-06,liverpool lime street-sheffield,1
2024-03-06,london euston-birmingham new street,37
2024-03-06,london euston-manchester piccadilly,10
2024-03-06,london euston-oxford,1
2024-03-06,london kings cross-york,32
2024-03-06,london paddington-oxford,2
2024-03-06,london paddington-reading,37
2024-03-06,london st pancras-birmingham new street,39
2024-03-06,london st pancras-leicester,4
2024-03-06,manchester piccadilly-leeds,1
2024-03-06,manchester piccadilly-liverpool lime street,30
2024-03-06,manchester piccadilly-london euston,3
2024-03-06,manchester piccadilly-london paddington,2
2024-03-06,manchester piccadilly-nottingham,1
2024-03-06,manchester piccadilly-sheffield,2
2024-03-06,reading-didcot,1
2024-03-06,reading-oxford,1
2024-03-06,reading-swindon,3
2024-03-06,york-doncaster,4
2024-03-06,york-durham,3
2024-03-06,york-edinburgh,1
2024-03-06,york-peterborough,2
2024-03-07,birmingham new street-coventry,2
2024-03-07,birmingham new street-liverpool lime street,4
2024-03-07,birmingham new street-london euston,1
2024-03-07,birmingham new street-london st pancras,9
2024-03-07,birmingham new street-stafford,1
2024-03-07,birmingham new street-tamworth,1
2024-03-07,birmingham new street-wolverhampton,1
2024-03-07,birmingham new street-york,2
2024-03-07,liverpool lime street-crewe,1
2024-03-07,liverpool lime street-leeds,1
2024-03-07,liverpool lime street-london euston,8
2024-03-07,liverpool lime street-london st pancras,1
2024-03-07,liverpool lime street-manchester piccadilly,16
2024-03-07,liverpool lime street-sheffield,1
2024-03-07,london euston-birmingham new street,29
2024-03-07,london euston-manchester piccadilly,9
2024-03-07,london kings cross-edinburgh waverley,1
2024-03-07,london kings cross-liverpool lime street,1
2024-03-07,london kings cross-york,35
2024-03-07,london paddington-oxford,6
2024-03-07,london paddington-reading,36
2024-03-07,london st pancras-birmingham new street,24
2024-03-07,london st pancras-leicester,4
2024-03-07,manchester piccadilly-leeds,3
2024-03-07,manchester piccadilly-liverpool lime street,42
2024-03-07,manchester piccadilly-london euston,3
2024-03-07,manchester piccadilly-sheffield,2
2024-03-07,reading-birmingham new street,1
2024-03-07,reading-london paddington,1
2024-03-07,reading-oxford,1
2024-03-07,reading-swindon,4
2024-03-07,york-doncaster,1
2024-03-07,york-durham,2
2024-03-07,york-peterborough,3
2024-03-08,birmingham new street-london st pancras,5
2024-03-08,birmingham new street-manchester piccadilly,1
2024-03-08,birmingham new street-nuneaton,1
2024-03-08,birmingham new street-reading,4
2024-03-08,birmingham new street-tamworth,3
2024-03-08,liverpool lime street-crewe,2
2024-03-08,liverpool lime street-london euston,13
2024-03-08,liverpool lime street-manchester piccadilly,15
2024-03-08,liverpool lime street-sheffield,1
2024-03-08,london euston-birmingham new street,40
2024-03-08,london euston-manchester piccadilly,5
2024-03-08,london kings cross-edinburgh waverley,4
2024-03-08,london kings cross-liverpool lime street,2
2024-03-08,london kings cross-york,41
2024-03-08,london paddington-oxford,3
2024-03-08,london paddington-reading,36
2024-03-08,london st pancras-birmingham new street,24
2024-03-08,london st pancras-leicester,1
2024-03-08,london st pancras-wolverhampton,1
2024-03-08,manchester piccadilly-liverpool lime street,33
2024-03-08,manchester piccadilly-london euston,2
2024-03-08,manchester piccadilly-london paddington,3
2024-03-08,manchester piccadilly-nottingham,2
2024-03-08,oxford-bristol temple meads,1
2024-03-08,reading-didcot,1
2024-03-08,reading-london paddington,2
2024-03-08,reading-oxford,1
2024-03-08,york-doncaster,2
2024-03-08,york-durham,1
2024-03-08,york-peterborough,1
2024-03-09,birmingham new street-liverpool lime street,2
2024-03-09,birmingham new street-london euston,1
2024-03-09,birmingham new street-london st pancras,10
2024-03-09,birmingham new street-manchester piccadilly,1
2024-03-09,birmingham new street-nuneaton,2
2024-03-09,birmingham new street-reading,1
2024-03-09,birmingham new street-stafford,1
2024-03-09,birmingham new street-tamworth,5
2024-03-09,birmingham new street-wolverhampton,1
2024-03-09,liverpool lime street-crewe,3
2024-03-09,liverpool lime street-london euston,12
2024-03-09,liverpool lime street-london paddington,1
2024-03-09,liverpool lime street-manchester piccadilly,38
2024-03-09,liverpool lime street-sheffield,2
2024-03-09,london euston-birmingham new street,42
2024-03-09,london euston-manchester piccadilly,6
2024-03-09,london kings cross-edinburgh waverley,1
2024-03-09,london kings cross-liverpool lime street,1
2024-03-09,london kings cross-york,37
2024-03-09,london paddington-oxford,7
2024-03-09,london paddington-reading,38
2024-03-09,london st pancras-birmingham new street,38
2024-03-09,london st pancras-leicester,3
2024-03-09,london st pancras-wolverhampton,1
2024-03-09,manchester piccadilly-leeds,1
2024-03-09,manchester piccadilly-liverpool lime street,34
2024-03-09,manchester piccadilly-london euston,2
2024-03-09,manchester piccadilly-london paddington,1
2024-03-09,manchester piccadilly-nottingham,3
2024-03-09,oxford-bristol temple meads,1
2024-03-09,reading-birmingham new street,1
2024-03-09,reading-london paddington,1
2024-03-09,reading-oxford,1
2024-03-09,york-doncaster,3
2024-03-09,york-durham,1
2024-03-09,york-edinburgh,3
2024-03-09,york-peterborough,7
2024-03-10,birmingham new street-liverpool lime street,1
2024-03-10,birmingham new street-london st pancras,7
2024-03-10,birmingham new street-manchester piccadilly,4
2024-03-10,birmingham new street-nuneaton,1
2024-03-10,birmingham new street-reading,1
2024-03-10,birmingham new street-stafford,2
2024-03-10,birmingham new street-tamworth,1
2024-03-10,liverpool lime street-crewe,4
2024-03-10,liverpool lime street-leeds,1
2024-03-10,liverpool lime street-london euston,8
2024-03-10,liverpool lime street-manchester piccadilly,28
2024-03-10,london euston-birmingham new street,51
2024-03-10,london euston-manchester piccadilly,6
2024-03-10,london kings cross-edinburgh waverley,2
2024-03-10,london kings cross-liverpool lime street,2
2024-03-10,london kings cross-york,34
2024-03-10,london paddington-manchester piccadilly,1
2024-03-10,london paddington-oxford,4
2024-03-10,london paddington-reading,30
2024-03-10,london st pancras-birmingham new street,39
2024-03-10,london st pancras-leicester,3
2024-03-10,manchester piccadilly-leeds,2
2024-03-10,manchester piccadilly-liverpool lime street,44
2024-03-10,manchester piccadilly-london euston,3
2024-03-10,manchester piccadilly-london kings cross,1
2024-03-10,manchester piccadilly-london paddington,1
2024-03-10,manchester piccadilly-nottingham,1
2024-03-10,oxford-bristol temple meads,2
2024-03-10,reading-london paddington,1
2024-03-10,reading-oxford,1
2024-03-10,york-doncaster,2
2024-03-10,york-durham,5
2024-03-10,york-peterborough,1
2024-03-11,birmingham new street-london euston,1
2024-03-11,birmingham new street-london paddington,2
2024-03-11,birmingham new street-london st pancras,9
2024-03-11,birmingham new street-manchester piccadilly,2
2024-03-11,birmingham new street-nuneaton,3
2024-03-11,birmingham new street-stafford,1
2024-03-11,liverpool lime street-birmingham new street,1
2024-03-11,liverpool lime street-crewe,1
2024-03-11,liverpool lime street-leeds,2
2024-03-11,liverpool lime street-london euston,11
2024-03-11,liverpool lime street-manchester piccadilly,22
2024-03-11,liverpool lime street-sheffield,3
2024-03-11,london euston-birmingham new street,40
2024-03-11,london euston-manchester piccadilly,5
2024-03-11,london kings cross-york,30
2024-03-11,london paddington-liverpool lime street,1
2024-03-11,london paddington-manchester piccadilly,1
2024-03-11,london paddington-oxford,2
2024-03-11,london paddington-reading,35
2024-03-11,london st pancras-birmingham new street,46
2024-03-11,london st pancras-leicester,4
2024-03-11,manchester piccadilly-leeds,1
2024-03-11,manchester piccadilly-liverpool lime street,43
2024-03-11,manchester piccadilly-london euston,2
2024-03-11,manchester piccadilly-london paddington,1
2024-03-11,manchester piccadilly-nottingham,3
2024-03-11,manchester piccadilly-sheffield,1
2024-03-11,reading-birmingham new street,2
2024-03-11,reading-didcot,2
2024-03-11,reading-london paddington,3
2024-03-11,reading-swindon,2
2024-03-11,york-birmingham new street,1
2024-03-11,york-doncaster,1
2024-03-11,york-durham,2
2024-03-11,york-edinburgh,1
2024-03-11,york-liverpool lime street,1
2024-03-11,york-peterborough,3
2024-03-11,york-wakefield,1
2024-03-12,birmingham new street-london euston,1
2024-03-12,birmingham new street-london kings cross,2
2024-03-12,birmingham new street-london st pancras,8
2024-03-12,birmingham new street-manchester piccadilly,3
2024-03-12,birmingham new street-nuneaton,3
2024-03-12,birmingham new street-stafford,1
2024-03-12,birmingham new street-tamworth,2
2024-03-12,liverpool lime street-leeds,1
2024-03-12,liverpool lime street-london euston,9
2024-03-12,liverpool lime street-manchester piccadilly,14
2024-03-12,london euston-birmingham new street,31
2024-03-12,london euston-manchester piccadilly,8
2024-03-12,london kings cross-york,36
2024-03-12,london paddington-liverpool lime street,1
2024-03-12,london paddington-london waterloo,1
2024-03-12,london paddington-oxford,8
2024-03-12,london paddington-reading,25
2024-03-12,london st pancras-birmingham new street,29
2024-03-12,london st pancras-leicester,2
2024-03-12,london st pancras-wolverhampton,1
2024-03-12,manchester piccadilly-liverpool lime street,40
2024-03-12,manchester piccadilly-london euston,4
2024-03-12,manchester piccadilly-london paddington,1
2024-03-12,manchester piccadilly-warrington,1
2024-03-12,oxford-bristol temple meads,2
2024-03-12,reading-birmingham new street,1
2024-03-12,reading-swindon,1
2024-03-12,york-birmingham new street,2
2024-03-12,york-doncaster,2
2024-03-12,york-edinburgh,2
2024-03-12,york-leeds,1
2024-03-12,york-wakefield,1
2024-03-13,birmingham new street-liverpool lime street,1
2024-03-13,birmingham new street-london st pancras,7
2024-03-13,birmingham new street-manchester piccadilly,3
2024-03-13,birmingham new street-nuneaton,1
2024-03-13,birmingham new street-reading,1
2024-03-13,birmingham new street-stafford,2
2024-03-13,birmingham new street-tamworth,3
2024-03-13,birmingham new street-york,1
2024-03-13,edinburgh waverley-london kings cross,1
2024-03-13,liverpool lime street-crewe,1
2024-03-13,liverpool lime street-leeds,2
2024-03-13,liverpool lime street-london euston,13
2024-03-13,liverpool lime street-manchester piccadilly,25
2024-03-13,liverpool lime street-sheffield,1
2024-03-13,london euston-birmingham new street,35
2024-03-13,london euston-manchester piccadilly,5
2024-03-13,london kings cross-edinburgh waverley,3
2024-03-13,london kings cross-liverpool lime street,1
2024-03-13,london kings cross-york,36
2024-03-13,london paddington-liverpool lime street,2
2024-03-13,london paddington-manchester piccadilly,1
2024-03-13,london paddington-oxford,2
2024-03-13,london paddington-reading,37
2024-03-13,london st pancras-birmingham new street,27
2024-03-13,london st pancras-leicester,1
2024-03-13,london st pancras-wolverhampton,2
2024-03-13,manchester piccadilly-leeds,1
2024-03-13,manchester piccadilly-liverpool lime street,34
2024-03-13,manchester piccadilly-london paddington,1
2024-03-13,manchester piccadilly-nottingham,2
2024-03-13,manchester piccadilly-warrington,1
2024-03-13,oxford-bristol temple meads,1
2024-03-13,reading-birmingham new street,2
2024-03-13,reading-liverpool lime street,1
2024-03-13,reading-london paddington,1
2024-03-13,reading-oxford,1
2024-03-13,reading-swindon,3
2024-03-13,york-doncaster,2
2024-03-13,york-durham,2
2024-03-13,york-peterborough,2
2024-03-13,york-wakefield,1
2024-03-14,birmingham new street-coventry,1
2024-03-14,birmingham new street-edinburgh,1
2024-03-14,birmingham new street-liverpool lime street,1
2024-03-14,birmingham new street-london euston,2
2024-03-14,birmingham new street-london st pancras,4
2024-03-14,birmingham new street-manchester piccadilly,7
2024-03-14,birmingham new street-stafford,1
2024-03-14,birmingham new street-tamworth,2
2024-03-14,birmingham new street-york,2
2024-03-14,edinburgh waverley-london kings cross,2
2024-03-14,liverpool lime street-crewe,3
2024-03-14,liverpool lime street-leeds,1
2024-03-14,liverpool lime street-london euston,11
2024-03-14,liverpool lime street-london st pancras,1
2024-03-14,liverpool lime street-manchester piccadilly,36
2024-03-14,london euston-birmingham new street,35
2024-03-14,london euston-manchester piccadilly,5
2024-03-14,london kings cross-edinburgh waverley,1
2024-03-14,london kings cross-liverpool lime street,1
2024-03-14,london kings cross-york,37
2024-03-14,london paddington-oxford,3
2024-03-14,london paddington-reading,30
2024-03-14,london st pancras-birmingham new street,27
2024-03-14,london st pancras-leicester,2
2024-03-14,manchester piccadilly-leeds,4
2024-03-14,manchester piccadilly-liverpool lime street,42
2024-03-14,manchester piccadilly-london euston,4
2024-03-14,manchester piccadilly-london kings cross,1
2024-03-14,manchester piccadilly-london paddington,1
2024-03-14,manchester piccadilly-nottingham,1
2024-03-14,manchester piccadilly-sheffield,1
2024-03-14,oxford-bristol temple meads,1
2024-03-14,reading-london paddington,2
2024-03-14,reading-oxford,1
2024-03-14,reading-swindon,3
2024-03-14,york-durham,3
2024-03-14,york-peterborough,3
2024-03-14,york-wakefield,1
2024-03-15,birmingham new street-edinburgh,1
2024-03-15,birmingham new street-liverpool lime street,2
2024-03-15,birmingham new street-london euston,1
2024-03-15,birmingham new street-london st pancras,3
2024-03-15,birmingham new street-manchester piccadilly,1
2024-03-15,birmingham new street-nuneaton,2
2024-03-15,birmingham new street-stafford,3
2024-03-15,birmingham new street-tamworth,1
2024-03-15,birmingham new street-wolverhampton,1
2024-03-15,birmingham new street-york,1
2024-03-15,liverpool lime street-crewe,3
2024-03-15,liverpool lime street-london euston,11
2024-03-15,liverpool lime street-london st pancras,1
2024-03-15,liverpool lime street-manchester piccadilly,30
2024-03-15,liverpool lime street-sheffield,2
2024-03-15,london euston-birmingham new street,27
2024-03-15,london euston-manchester piccadilly,4
2024-03-15,london kings cross-edinburgh waverley,2
2024-03-15,london kings cross-york,36
2024-03-15,london paddington-liverpool lime street,2
2024-03-15,london paddington-oxford,5
2024-03-15,london paddington-reading,34
2024-03-15,london st pancras-birmingham new street,24
2024-03-15,london st pancras-leicester,2
2024-03-15,manchester piccadilly-leeds,1
2024-03-15,manchester piccadilly-liverpool lime street,40
2024-03-15,manchester piccadilly-london paddington,2
2024-03-15,manchester piccadilly-nottingham,1
2024-03-15,oxford-bristol temple meads,2
2024-03-15,reading-london paddington,3
2024-03-15,reading-oxford,2
2024-03-15,york-doncaster,2
2024-03-15,york-durham,3
2024-03-15,york-edinburgh,3
2024-03-15,york-liverpool lime street,1
2024-03-15,york-peterborough,5
2024-03-16,birmingham new street-london st pancras,1
2024-03-16,birmingham new street-manchester piccadilly,2
2024-03-16,birmingham new street-stafford,2
2024-03-16,bristol temple meads-cardiff central,1
2024-03-16,liverpool lime street-crewe,3
2024-03-16,liverpool lime street-london euston,12
2024-03-16,liverpool lime street-manchester piccadilly,20
2024-03-16,london euston-birmingham new street,30
2024-03-16,london euston-manchester piccadilly,4
2024-03-16,london kings cross-edinburgh waverley,1
2024-03-16,london kings cross-liverpool lime street,1
2024-03-16,london kings cross-york,27
2024-03-16,london paddington-london waterloo,1
2024-03-16,london paddington-manchester piccadilly,1
2024-03-16,london paddington-oxford,5
2024-03-16,london paddington-reading,34
2024-03-16,london st pancras-birmingham new street,27
2024-03-16,london st pancras-leicester,2
2024-03-16,manchester piccadilly-liverpool lime street,36
2024-03-16,manchester piccadilly-london euston,4
2024-03-16,manchester piccadilly-london paddington,1
2024-03-16,manchester piccadilly-nottingham,1
2024-03-16,manchester piccadilly-sheffield,2
2024-03-16,oxford-bristol temple meads,3
2024-03-16,reading-london paddington,4
2024-03-16,reading-swindon,2
2024-03-16,york-doncaster,2
2024-03-16,york-durham,3
2024-03-16,york-peterborough,1
2024-03-17,birmingham new street-coventry,1
2024-03-17,birmingham new street-london euston,1
2024-03-17,birmingham new street-london st pancras,9
2024-03-17,birmingham new street-manchester piccadilly,5
2024-03-17,birmingham new street-nuneaton,1
2024-03-17,birmingham new street-stafford,1
2024-03-17,birmingham new street-tamworth,1
2024-03-17,birmingham new street-york,2
2024-03-17,edinburgh waverley-london kings cross,1
2024-03-17,liverpool lime street-crewe,1
2024-03-17,liverpool lime street-leeds,1
2024-03-17,liverpool lime street-london euston,9
2024-03-17,liverpool lime street-manchester piccadilly,24
2024-03-17,liverpool lime street-sheffield,3
2024-03-17,london euston-birmingham new street,34
2024-03-17,london euston-manchester piccadilly,11
2024-03-17,london kings cross-york,33
2024-03-17,london paddington-london waterloo,1
2024-03-17,london paddington-manchester piccadilly,2
2024-03-17,london paddington-oxford,3
2024-03-17,london paddington-reading,30
2024-03-17,london st pancras-birmingham new street,19
2024-03-17,london st pancras-leicester,3
2024-03-17,manchester piccadilly-leeds,1
2024-03-17,manchester piccadilly-liverpool lime street,38
2024-03-17,manchester piccadilly-london euston,1
2024-03-17,manchester piccadilly-london paddington,1
2024-03-17,manchester piccadilly-london st pancras,1
2024-03-17,manchester piccadilly-sheffield,2
2024-03-17,oxford-bristol temple meads,1
2024-03-17,reading-birmingham new street,1
2024-03-17,reading-oxford,1
2024-03-17,reading-swindon,2
2024-03-17,york-birmingham new street,1
2024-03-17,york-doncaster,1
2024-03-17,york-edinburgh,2
2024-03-17,york-peterborough,4
2024-03-18,birmingham new street-liverpool lime street,2
2024-03-18,birmingham new street-london st pancras,9
2024-03-18,birmingham new street-manchester piccadilly,1
2024-03-18,birmingham new street-reading,1
2024-03-18,birmingham new street-tamworth,2
2024-03-18,edinburgh waverley-london kings cross,3
2024-03-18,liverpool lime street-crewe,2
2024-03-18,liverpool lime street-leeds,2
2024-03-18,liverpool lime street-london euston,12
2024-03-18,liverpool lime street-london paddington,2
2024-03-18,liverpool lime street-manchester piccadilly,23
2024-03-18,london euston-birmingham new street,35
2024-03-18,london euston-manchester piccadilly,3
2024-03-18,london euston-oxford,1
2024-03-18,london kings cross-edinburgh waverley,1
2024-03-18,london kings cross-liverpool lime street,1
2024-03-18,london kings cross-york,40
2024-03-18,london paddington-london waterloo,3
2024-03-18,london paddington-oxford,7
2024-03-18,london paddington-reading,36
2024-03-18,london st pancras-birmingham new street,27
2024-03-18,london st pancras-leicester,2
2024-03-18,london st pancras-wolverhampton,1
2024-03-18,manchester piccadilly-leeds,1
2024-03-18,manchester piccadilly-liverpool lime street,57
2024-03-18,manchester piccadilly-london paddington,1
2024-03-18,manchester piccadilly-london st pancras,1
2024-03-18,manchester piccadilly-nottingham,3
2024-03-18,oxford-bristol temple meads,2
2024-03-18,reading-didcot,1
2024-03-18,reading-london paddington,1
2024-03-18,reading-oxford,2
2024-03-18,reading-swindon,1
2024-03-18,york-edinburgh,1
2024-03-18,york-liverpool lime street,1
2024-03-18,york-peterborough,3
2024-03-19,birmingham new street-liverpool lime street,1
2024-03-19,birmingham new street-london kings cross,1
2024-03-19,birmingham new street-london st pancras,5
2024-03-19,birmingham new street-manchester piccadilly,1
2024-03-19,birmingham new street-nuneaton,4
2024-03-19,birmingham new street-stafford,1
2024-03-19,birmingham new street-tamworth,1
2024-03-19,liverpool lime street-birmingham new street,1
2024-03-19,liverpool lime street-crewe,1
2024-03-19,liverpool lime street-leeds,1
2024-03-19,liverpool lime street-london euston,8
2024-03-19,liverpool lime street-london st pancras,1
2024-03-19,liverpool lime street-manchester piccadilly,26
2024-03-19,liverpool lime street-sheffield,1
2024-03-19,london euston-birmingham new street,33
2024-03-19,london euston-manchester piccadilly,6
2024-03-19,london kings cross-york,30
2024-03-19,london paddington-london waterloo,1
2024-03-19,london paddington-oxford,3
2024-03-19,london paddington-reading,30
2024-03-19,london st pancras-birmingham new street,28
2024-03-19,london st pancras-leicester,4
2024-03-19,london st pancras-wolverhampton,1
2024-03-19,manchester piccadilly-leeds,4
2024-03-19,manchester piccadilly-liverpool lime street,43
2024-03-19,manchester piccadilly-london euston,3
2024-03-19,manchester piccadilly-london paddington,2
2024-03-19,manchester piccadilly-nottingham,2
2024-03-19,manchester piccadilly-sheffield,1
2024-03-19,oxford-bristol temple meads,1
2024-03-19,york-doncaster,2
2024-03-19,york-durham,2
2024-03-19,york-edinburgh,1
2024-03-19,york-leeds,1
2024-03-19,york-peterborough,1
2024-03-20,birmingham new street-coventry,1
2024-03-20,birmingham new street-london euston,1
2024-03-20,birmingham new street-london paddington,1
2024-03-20,birmingham new street-london st pancras,6
2024-03-20,birmingham new street-manchester piccadilly,5
2024-03-20,birmingham new street-nuneaton,1
2024-03-20,birmingham new street-stafford,4
2024-03-20,birmingham new street-tamworth,3
2024-03-20,birmingham new street-wolverhampton,1
2024-03-20,birmingham new street-york,1
2024-03-20,edinburgh waverley-london kings cross,1
2024-03-20,liverpool lime street-london euston,3
2024-03-20,liverpool lime street-london paddington,1
2024-03-20,liverpool lime street-manchester piccadilly,15
2024-03-20,liverpool lime street-sheffield,3
2024-03-20,london euston-birmingham new street,37
2024-03-20,london euston-manchester piccadilly,4
2024-03-20,london kings cross-edinburgh waverley,2
2024-03-20,london kings cross-liverpool lime street,2
2024-03-20,london kings cross-york,47
2024-03-20,london paddington-oxford,6
2024-03-20,london paddington-reading,34
2024-03-20,london st pancras-birmingham new street,31
2024-03-20,london st pancras-leicester,2
2024-03-20,london st pancras-wolverhampton,2
2024-03-20,manchester piccadilly-leeds,1
2024-03-20,manchester piccadilly-liverpool lime street,36
2024-03-20,manchester piccadilly-london euston,7
2024-03-20,manchester piccadilly-sheffield,1
2024-03-20,oxford-bristol temple meads,1
2024-03-20,reading-london paddington,1
2024-03-20,reading-oxford,2
2024-03-20,reading-swindon,2
2024-03-20,york-durham,2
2024-03-20,york-edinburgh,2
2024-03-20,york-liverpool lime street,1
2024-03-20,york-peterborough,5
2024-03-21,birmingham new street-liverpool lime street,2
2024-03-21,birmingham new street-london euston,1
2024-03-21,birmingham new street-london kings cross,1
2024-03-21,birmingham new street-london st pancras,11
2024-03-21,birmingham new street-manchester piccadilly,1
2024-03-21,birmingham new street-nuneaton,5
2024-03-21,birmingham new street-stafford,2
2024-03-21,birmingham new street-tamworth,2
2024-03-21,birmingham new street-york,1
2024-03-21,liverpool lime street-crewe,1
2024-03-21,liverpool lime street-leeds,1
2024-03-21,liverpool lime street-london euston,9
2024-03-21,liverpool lime street-london paddington,2
2024-03-21,liverpool lime street-manchester piccadilly,32
2024-03-21,liverpool lime street-sheffield,1
2024-03-21,london euston-birmingham new street,36
2024-03-21,london euston-manchester piccadilly,3
2024-03-21,london kings cross-edinburgh waverley,1
2024-03-21,london kings cross-liverpool lime street,3
2024-03-21,london kings cross-york,31
2024-03-21,london paddington-liverpool lime street,1
2024-03-21,london paddington-london waterloo,1
2024-03-21,london paddington-oxford,6
2024-03-21,london paddington-reading,35
2024-03-21,london st pancras-birmingham new street,33
2024-03-21,london st pancras-leicester,1
2024-03-21,london st pancras-wolverhampton,1
2024-03-21,manchester piccadilly-liverpool lime street,43
2024-03-21,manchester piccadilly-london euston,7
2024-03-21,manchester piccadilly-london paddington,1
2024-03-21,manchester piccadilly-london st pancras,1
2024-03-21,manchester piccadilly-nottingham,2
2024-03-21,oxford-bristol temple meads,2
2024-03-21,reading-birmingham new street,1
2024-03-21,reading-didcot,1
2024-03-21,reading-london paddington,1
2024-03-21,reading-oxford,4
2024-03-21,reading-swindon,1
2024-03-21,york-doncaster,2
2024-03-21,york-durham,2
2024-03-21,york-peterborough,1
2024-03-22,birmingham new street-liverpool lime street,2
2024-03-22,birmingham new street-london euston,3
2024-03-22,birmingham new street-london st pancras,7
2024-03-22,birmingham new street-manchester piccadilly,3
2024-03-22,birmingham new street-nuneaton,1
2024-03-22,birmingham new street-tamworth,2
2024-03-22,birmingham new street-wolverhampton,1
2024-03-22,edinburgh waverley-london kings cross,1
2024-03-22,liverpool lime street-london euston,8
2024-03-22,liverpool lime street-manchester piccadilly,17
2024-03-22,london euston-birmingham new street,41
2024-03-22,london euston-manchester piccadilly,4
2024-03-22,london euston-york,1
2024-03-22,london kings cross-edinburgh waverley,2
2024-03-22,london kings cross-liverpool lime street,1
2024-03-22,london kings cross-york,39
2024-03-22,london paddington-oxford,3
2024-03-22,london paddington-reading,45
2024-03-22,london st pancras-birmingham new street,30
2024-03-22,london st pancras-leicester,4
2024-03-22,london st pancras-wolverhampton,1
2024-03-22,manchester piccadilly-leeds,3
2024-03-22,manchester piccadilly-liverpool lime street,30
2024-03-22,manchester piccadilly-london euston,1
2024-03-22,manchester piccadilly-london paddington,2
2024-03-22,manchester piccadilly-nottingham,1
2024-03-22,manchester piccadilly-sheffield,1
2024-03-22,manchester piccadilly-warrington,2
2024-03-22,oxford-bristol temple meads,2
2024-03-22,reading-london paddington,2
2024-03-22,reading-swindon,1
2024-03-22,york-doncaster,1
2024-03-22,york-durham,3
2024-03-22,york-edinburgh,1
2024-03-22,york-peterborough,1
2024-03-23,birmingham new street-liverpool lime street,1
2024-03-23,birmingham new street-london euston,1
2024-03-23,birmingham new street-london st pancras,4
2024-03-23,birmingham new street-manchester piccadilly,3
2024-03-23,birmingham new street-nuneaton,2
2024-03-23,birmingham new street-stafford,3
2024-03-23,liverpool lime street-crewe,2
2024-03-23,liverpool lime street-leeds,1
2024-03-23,liverpool lime street-london euston,11
2024-03-23,liverpool lime street-manchester piccadilly,25
2024-03-23,liverpool lime street-sheffield,1
2024-03-23,london euston-birmingham new street,48
2024-03-23,london euston-manchester piccadilly,5
2024-03-23,london kings cross-york,32
2024-03-23,london paddington-manchester piccadilly,1
2024-03-23,london paddington-oxford,6
2024-03-23,london paddington-reading,37
2024-03-23,london st pancras-birmingham new street,21
2024-03-23,london st pancras-leicester,4
2024-03-23,manchester piccadilly-liverpool lime street,33
2024-03-23,manchester piccadilly-london euston,3
2024-03-23,manchester piccadilly-london paddington,2
2024-03-23,manchester piccadilly-nottingham,2
2024-03-23,manchester piccadilly-sheffield,1
2024-03-23,oxford-bristol temple meads,2
2024-03-23,reading-london paddington,1
2024-03-23,reading-swindon,1
2024-03-23,york-birmingham new street,1
2024-03-23,york-doncaster,4
2024-03-23,york-durham,2
2024-03-23,york-edinburgh,1
2024-03-23,york-peterborough,1
2024-03-24,birmingham new street-coventry,1
2024-03-24,birmingham new street-london st pancras,9
2024-03-24,birmingham new street-manchester piccadilly,2
2024-03-24,birmingham new street-nuneaton,2
2024-03-24,birmingham new street-reading,1
2024-03-24,birmingham new street-stafford,1
2024-03-24,birmingham new street-tamworth,3
2024-03-24,edinburgh waverley-london kings cross,2
2024-03-24,liverpool lime street-birmingham new street,1
2024-03-24,liverpool lime street-crewe,2
2024-03-24,liverpool lime street-london euston,10
2024-03-24,liverpool lime street-london paddington,1
2024-03-24,liverpool lime street-manchester piccadilly,26
2024-03-24,london euston-birmingham new street,39
2024-03-24,london euston-manchester piccadilly,4
2024-03-24,london euston-york,1
2024-03-24,london kings cross-edinburgh waverley,1
2024-03-24,london kings cross-liverpool lime street,2
2024-03-24,london kings cross-york,34
2024-03-24,london paddington-liverpool lime street,1
2024-03-24,london paddington-london waterloo,2
2024-03-24,london paddington-oxford,2
2024-03-24,london paddington-reading,31
2024-03-24,london st pancras-birmingham new street,11
2024-03-24,london st pancras-leicester,3
2024-03-24,london st pancras-wolverhampton,1
2024-03-24,manchester piccadilly-leeds,4
2024-03-24,manchester piccadilly-liverpool lime street,37
2024-03-24,manchester piccadilly-london euston,2
2024-03-24,manchester piccadilly-sheffield,2
2024-03-24,reading-birmingham new street,1
2024-03-24,reading-didcot,1
2024-03-24,reading-london paddington,1
2024-03-24,reading-oxford,1
2024-03-24,reading-swindon,2
2024-03-24,york-durham,1
2024-03-24,york-edinburgh,2
2024-03-24,york-peterborough,1
2024-03-25,birmingham new street-liverpool lime street,3
2024-03-25,birmingham new street-london euston,1
2024-03-25,birmingham new street-london paddington,1
2024-03-25,birmingham new street-london st pancras,7
2024-03-25,birmingham new street-manchester piccadilly,3
2024-03-25,birmingham new street-nuneaton,1
2024-03-25,birmingham new street-stafford,1
2024-03-25,birmingham new street-tamworth,3
2024-03-25,liverpool lime street-crewe,5
2024-03-25,liverpool lime street-london euston,13
2024-03-25,liverpool lime street-manchester piccadilly,31
2024-03-25,london euston-birmingham new street,44
2024-03-25,london euston-manchester piccadilly,10
2024-03-25,london euston-york,2
2024-03-25,london kings cross-edinburgh waverley,2
2024-03-25,london kings cross-liverpool lime street,3
2024-03-25,london kings cross-york,23
2024-03-25,london paddington-oxford,3
2024-03-25,london paddington-reading,45
2024-03-25,london st pancras-birmingham new street,35
2024-03-25,london st pancras-leicester,2
2024-03-25,manchester piccadilly-leeds,2
2024-03-25,manchester piccadilly-liverpool lime street,44
2024-03-25,manchester piccadilly-london euston,2
2024-03-25,manchester piccadilly-nottingham,1
2024-03-25,manchester piccadilly-sheffield,1
2024-03-25,oxford-bristol temple meads,1
2024-03-25,reading-liverpool lime street,1
2024-03-25,reading-london paddington,3
2024-03-25,reading-oxford,1
2024-03-25,reading-swindon,4
2024-03-25,york-doncaster,2
2024-03-25,york-durham,3
2024-03-25,york-peterborough,1
2024-03-26,birmingham new street-coventry,2
2024-03-26,birmingham new street-edinburgh,1
2024-03-26,birmingham new street-liverpool lime street,7
2024-03-26,birmingham new street-london euston,1
2024-03-26,birmingham new street-london st pancras,6
2024-03-26,birmingham new street-manchester piccadilly,1
2024-03-26,birmingham new street-nuneaton,2
2024-03-26,birmingham new street-stafford,1
2024-03-26,birmingham new street-tamworth,2
2024-03-26,liverpool lime street-crewe,3
2024-03-26,liverpool lime street-london euston,6
2024-03-26,liverpool lime street-london paddington,2
2024-03-26,liverpool lime street-manchester piccadilly,19
2024-03-26,london euston-birmingham new street,38
2024-03-26,london euston-manchester piccadilly,8
2024-03-26,london euston-york,1
2024-03-26,london kings cross-york,29
2024-03-26,london paddington-london waterloo,3
2024-03-26,london paddington-oxford,3
2024-03-26,london paddington-reading,36
2024-03-26,london st pancras-birmingham new street,37
2024-03-26,london st pancras-leicester,2
2024-03-26,manchester piccadilly-leeds,3
2024-03-26,manchester piccadilly-liverpool lime street,44
2024-03-26,manchester piccadilly-london euston,6
2024-03-26,manchester piccadilly-london paddington,2
2024-03-26,manchester piccadilly-nottingham,1
2024-03-26,manchester piccadilly-sheffield,2
2024-03-26,oxford-bristol temple meads,1
2024-03-26,reading-birmingham new street,2
2024-03-26,reading-london paddington,1
2024-03-26,reading-swindon,3
2024-03-26,york-birmingham new street,1
2024-03-26,york-doncaster,2
2024-03-26,york-durham,5
2024-03-26,york-edinburgh,1
2024-03-26,york-leeds,1
2024-03-26,york-peterborough,2
2024-03-26,york-wakefield,1
2024-03-27,birmingham new street-london euston,3
2024-03-27,birmingham new street-london paddington,2
2024-03-27,birmingham new street-london st pancras,8
2024-03-27,birmingham new street-manchester piccadilly,1
2024-03-27,birmingham new street-nuneaton,3
2024-03-27,birmingham new street-tamworth,3
2024-03-27,birmingham new street-york,1
2024-03-27,liverpool lime street-crewe,2
2024-03-27,liverpool lime street-leeds,3
2024-03-27,liverpool lime street-london euston,4
2024-03-27,liverpool lime street-manchester piccadilly,22
2024-03-27,london euston-birmingham new street,44
2024-03-27,london euston-manchester piccadilly,4
2024-03-27,london kings cross-edinburgh waverley,2
2024-03-27,london kings cross-liverpool lime street,1
2024-03-27,london kings cross-york,27
2024-03-27,london paddington-london waterloo,2
2024-03-27,london paddington-oxford,3
2024-03-27,london paddington-reading,38
2024-03-27,london st pancras-birmingham new street,27
2024-03-27,london st pancras-leicester,2
2024-03-27,london st pancras-wolverhampton,2
2024-03-27,manchester piccadilly-leeds,2
2024-03-27,manchester piccadilly-liverpool lime street,40
2024-03-27,manchester piccadilly-london euston,3
2024-03-27,manchester piccadilly-london paddington,2
2024-03-27,manchester piccadilly-sheffield,2
2024-03-27,manchester piccadilly-york,2
2024-03-27,oxford-bristol temple meads,2
2024-03-27,reading-didcot,2
2024-03-27,reading-london paddington,2
2024-03-27,reading-oxford,1
2024-03-27,reading-swindon,3
2024-03-27,york-birmingham new street,1
2024-03-27,york-doncaster,2
2024-03-27,york-durham,1
2024-03-27,york-edinburgh,3
2024-03-27,york-edinburgh waverley,1
2024-03-27,york-peterborough,2
2024-03-28,birmingham new street-coventry,2
2024-03-28,birmingham new street-london euston,2
2024-03-28,birmingham new street-london st pancras,2
2024-03-28,birmingham new street-manchester piccadilly,1
2024-03-28,birmingham new street-nuneaton,1
2024-03-28,birmingham new street-reading,1
2024-03-28,birmingham new street-stafford,3
2024-03-28,birmingham new street-york,1
2024-03-28,liverpool lime street-birmingham new street,1
2024-03-28,liverpool lime street-leeds,1
2024-03-28,liverpool lime street-london euston,3
2024-03-28,liverpool lime street-manchester piccadilly,28
2024-03-28,liverpool lime street-sheffield,3
2024-03-28,london euston-birmingham new street,27
2024-03-28,london euston-manchester piccadilly,4
2024-03-28,london euston-oxford,1
2024-03-28,london kings cross-edinburgh waverley,3
2024-03-28,london kings cross-york,31
2024-03-28,london paddington-liverpool lime street,1
2024-03-28,london paddington-london waterloo,1
2024-03-28,london paddington-manchester piccadilly,1
2024-03-28,london paddington-oxford,4
2024-03-28,london paddington-reading,28
2024-03-28,london st pancras-birmingham new street,29
2024-03-28,london st pancras-leicester,2
2024-03-28,manchester piccadilly-leeds,1
2024-03-28,manchester piccadilly-liverpool lime street,50
2024-03-28,manchester piccadilly-london euston,6
2024-03-28,manchester piccadilly-nottingham,1
2024-03-28,manchester piccadilly-sheffield,2
2024-03-28,manchester piccadilly-warrington,2
2024-03-28,oxford-bristol temple meads,1
2024-03-28,reading-london paddington,1
2024-03-28,reading-swindon,2
2024-03-28,york-doncaster,1
2024-03-28,york-durham,4
2024-03-28,york-edinburgh,3
2024-03-28,york-liverpool lime street,1
2024-03-29,birmingham new street-coventry,1
2024-03-29,birmingham new street-liverpool lime street,2
2024-03-29,birmingham new street-london euston,1
2024-03-29,birmingham new street-london st pancras,7
2024-03-29,birmingham new street-york,1
2024-03-29,bristol temple meads-cardiff central,1
2024-03-29,edinburgh waverley-london kings cross,1
2024-03-29,liverpool lime street-crewe,1
2024-03-29,liverpool lime street-london euston,12
2024-03-29,liverpool lime street-manchester piccadilly,27
2024-03-29,liverpool lime street-sheffield,2
2024-03-29,london euston-birmingham new street,36
2024-03-29,london euston-manchester piccadilly,7
2024-03-29,london kings cross-edinburgh waverley,1
2024-03-29,london kings cross-liverpool lime street,2
2024-03-29,london kings cross-york,29
2024-03-29,london paddington-oxford,2
2024-03-29,london paddington-reading,29
2024-03-29,london st pancras-birmingham new street,37
2024-03-29,london st pancras-leicester,1
2024-03-29,london st pancras-wolverhampton,2
2024-03-29,manchester piccadilly-leeds,2
2024-03-29,manchester piccadilly-liverpool lime street,30
2024-03-29,manchester piccadilly-london euston,3
2024-03-29,manchester piccadilly-london kings cross,1
2024-03-29,manchester piccadilly-london paddington,2
2024-03-29,manchester piccadilly-nottingham,1
2024-03-29,manchester piccadilly-sheffield,2
2024-03-29,oxford-bristol temple meads,2
2024-03-29,reading-birmingham new street,1
2024-03-29,reading-london paddington,1
2024-03-29,reading-oxford,2
2024-03-29,reading-swindon,3
2024-03-29,york-doncaster,3
2024-03-29,york-durham,2
2024-03-29,york-peterborough,2
2024-03-30,birmingham new street-coventry,1
2024-03-30,birmingham new street-edinburgh,1
2024-03-30,birmingham new street-liverpool lime street,1
2024-03-30,birmingham new street-london euston,2
2024-03-30,birmingham new street-london st pancras,11
2024-03-30,birmingham new street-manchester piccadilly,4
2024-03-30,birmingham new street-nuneaton,1
2024-03-30,birmingham new street-tamworth,2
2024-03-30,edinburgh waverley-london kings cross,1
2024-03-30,liverpool lime street-crewe,3
2024-03-30,liverpool lime street-leeds,1
2024-03-30,liverpool lime street-london euston,6
2024-03-30,liverpool lime street-london paddington,1
2024-03-30,liverpool lime street-manchester piccadilly,26
2024-03-30,liverpool lime street-sheffield,1
2024-03-30,london euston-birmingham new street,34
2024-03-30,london euston-manchester piccadilly,5
2024-03-30,london euston-york,1
2024-03-30,london kings cross-liverpool lime street,1
2024-03-30,london kings cross-york,41
2024-03-30,london paddington-liverpool lime street,1
2024-03-30,london paddington-london waterloo,1
2024-03-30,london paddington-oxford,1
2024-03-30,london paddington-reading,31
2024-03-30,london st pancras-birmingham new street,29
2024-03-30,london st pancras-leicester,3
2024-03-30,manchester piccadilly-leeds,1
2024-03-30,manchester piccadilly-liverpool lime street,50
2024-03-30,manchester piccadilly-london euston,2
2024-03-30,manchester piccadilly-london kings cross,1
2024-03-30,manchester piccadilly-london paddington,1
2024-03-30,manchester piccadilly-nottingham,1
2024-03-30,manchester piccadilly-sheffield,1
2024-03-30,oxford-bristol temple meads,1
2024-03-30,reading-didcot,2
2024-03-30,reading-london paddington,5
2024-03-30,reading-oxford,1
2024-03-30,reading-swindon,2
2024-03-30,york-birmingham new street,1
2024-03-30,york-doncaster,4
2024-03-30,york-peterborough,2
2024-03-31,birmingham new street-liverpool lime street,4
2024-03-31,birmingham new street-london st pancras,4
2024-03-31,birmingham new street-manchester piccadilly,1
2024-03-31,birmingham new street-nuneaton,2
2024-03-31,birmingham new street-stafford,3
2024-03-31,birmingham new street-tamworth,2
2024-03-31,birmingham new street-york,1
2024-03-31,liverpool lime street-crewe,1
2024-03-31,liverpool lime street-london euston,7
2024-03-31,liverpool lime street-manchester piccadilly,29
2024-03-31,london euston-birmingham new street,29
2024-03-31,london euston-manchester piccadilly,7
2024-03-31,london euston-york,1
2024-03-31,london kings cross-edinburgh waverley,2
2024-03-31,london kings cross-liverpool lime street,1
2024-03-31,london kings cross-york,22
2024-03-31,london paddington-london waterloo,1
2024-03-31,london paddington-manchester piccadilly,1
2024-03-31,london paddington-oxford,3
2024-03-31,london paddington-reading,29
2024-03-31,london st pancras-birmingham new street,32
2024-03-31,london st pancras-leicester,5
2024-03-31,manchester piccadilly-leeds,1
2024-03-31,manchester piccadilly-liverpool lime street,56
2024-03-31,manchester piccadilly-london euston,5
2024-03-31,manchester piccadilly-london paddington,3
2024-03-31,manchester piccadilly-nottingham,2
2024-03-31,manchester piccadilly-sheffield,3
2024-03-31,oxford-bristol temple meads,1
2024-03-31,reading-birmingham new street,1
2024-03-31,york-durham,2
2024-03-31,york-edinburgh,1
2024-03-31,york-leeds,1
2024-03-31,york-peterborough,3
2024-04-01,birmingham new street-london euston,1
2024-04-01,birmingham new street-stafford,1
2024-04-01,liverpool lime street-crewe,1
2024-04-01,liverpool lime street-leeds,2
2024-04-01,liverpool lime street-manchester piccadilly,3
2024-04-01,liverpool lime street-sheffield,1
2024-04-01,london euston-birmingham new street,8
2024-04-01,london euston-manchester piccadilly,5
2024-04-01,london kings cross-york,10
2024-04-01,london paddington-oxford,1
2024-04-01,london paddington-reading,10
2024-04-01,london st pancras-birmingham new street,4
2024-04-01,london st pancras-leicester,1
2024-04-01,manchester piccadilly-liverpool lime street,6
2024-04-01,oxford-bristol temple meads,1
2024-04-01,reading-london paddington,2
2024-04-01,reading-swindon,1
2024-04-01,york-doncaster,2
2024-04-01,york-durham,3
2024-04-02,birmingham new street-london euston,1
2024-04-02,birmingham new street-london st pancras,2
2024-04-02,birmingham new street-manchester piccadilly,4
2024-04-02,birmingham new street-nuneaton,1
2024-04-02,birmingham new street-stafford,1
2024-04-02,birmingham new street-tamworth,1
2024-04-02,birmingham new street-york,2
2024-04-02,edinburgh waverley-london kings cross,1
2024-04-02,liverpool lime street-crewe,1
2024-04-02,liverpool lime street-leeds,1
2024-04-02,liverpool lime street-london euston,6
2024-04-02,liverpool lime street-manchester piccadilly,13
2024-04-02,london euston-birmingham new street,21
2024-04-02,london kings cross-edinburgh waverley,1
2024-04-02,london kings cross-york,27
2024-04-02,london paddington-liverpool lime street,1
2024-04-02,london paddington-oxford,2
2024-04-02,london paddington-reading,22
2024-04-02,london st pancras-birmingham new street,15
2024-04-02,london st pancras-leicester,2
2024-04-02,manchester piccadilly-leeds,1
2024-04-02,manchester piccadilly-liverpool lime street,20
2024-04-02,manchester piccadilly-warrington,1
2024-04-02,oxford-bristol temple meads,1
2024-04-02,reading-london paddington,2
2024-04-02,reading-oxford,1
2024-04-02,reading-swindon,1
2024-04-02,york-doncaster,1
2024-04-03,birmingham new street-coventry,3
2024-04-03,birmingham new street-liverpool lime street,1
2024-04-03,birmingham new street-london euston,1
2024-04-03,birmingham new street-london st pancras,4
2024-04-03,birmingham new street-nuneaton,2
2024-04-03,birmingham new street-stafford,1
2024-04-03,birmingham new street-tamworth,1
2024-04-03,birmingham new street-wolverhampton,1
2024-04-03,birmingham new street-york,1
2024-04-03,liverpool lime street-leeds,1
2024-04-03,liverpool lime street-london euston,11
2024-04-03,liverpool lime street-manchester piccadilly,29
2024-04-03,liverpool lime street-sheffield,1
2024-04-03,london euston-birmingham new street,29
2024-04-03,london euston-manchester piccadilly,10
2024-04-03,london kings cross-edinburgh waverley,1
2024-04-03,london kings cross-york,41
2024-04-03,london paddington-oxford,6
2024-04-03,london paddington-reading,28
2024-04-03,london st pancras-birmingham new street,33
2024-04-03,london st pancras-leicester,3
2024-04-03,manchester piccadilly-leeds,1
2024-04-03,manchester piccadilly-liverpool lime street,38
2024-04-03,manchester piccadilly-london euston,2
2024-04-03,manchester piccadilly-london paddington,3
2024-04-03,manchester piccadilly-nottingham,2
2024-04-03,manchester piccadilly-sheffield,3
2024-04-03,oxford-bristol temple meads,1
2024-04-03,reading-oxford,2
2024-04-03,reading-swindon,2
2024-04-03,york-doncaster,1
2024-04-03,york-durham,2
2024-04-03,york-edinburgh waverley,1
2024-04-03,york-wakefield,1
2024-04-04,birmingham new street-coventry,1
2024-04-04,birmingham new street-london st pancras,8
2024-04-04,birmingham new street-manchester piccadilly,1
2024-04-04,birmingham new street-nuneaton,4
2024-04-04,birmingham new street-reading,2
2024-04-04,birmingham new street-stafford,1
2024-04-04,birmingham new street-tamworth,1
2024-04-04,birmingham new street-wolverhampton,1
2024-04-04,edinburgh waverley-london kings cross,1
2024-04-04,liverpool lime street-crewe,1
2024-04-04,liverpool lime street-leeds,2
2024-04-04,liverpool lime street-london euston,9
2024-04-04,liverpool lime street-london st pancras,1
2024-04-04,liverpool lime street-manchester piccadilly,24
2024-04-04,liverpool lime street-sheffield,1
2024-04-04,london euston-birmingham new street,34
2024-04-04,london euston-manchester piccadilly,9
2024-04-04,london kings cross-edinburgh waverley,3
2024-04-04,london kings cross-york,23
2024-04-04,london paddington-liverpool lime street,1
2024-04-04,london paddington-manchester piccadilly,1
2024-04-04,london paddington-oxford,8
2024-04-04,london paddington-reading,27
2024-04-04,london st pancras-birmingham new street,28
2024-04-04,london st pancras-leicester,3
2024-04-04,london st pancras-wolverhampton,2
2024-04-04,manchester piccadilly-liverpool lime street,41
2024-04-04,manchester piccadilly-london euston,1
2024-04-04,manchester piccadilly-nottingham,1
2024-04-04,oxford-bristol temple meads,1
2024-04-04,reading-didcot,1
2024-04-04,reading-london paddington,1
2024-04-04,reading-oxford,2
2024-04-04,reading-swindon,1
2024-04-04,york-doncaster,2
2024-04-04,york-durham,2
2024-04-04,york-edinburgh,2
2024-04-05,birmingham new street-coventry,2
2024-04-05,birmingham new street-liverpool lime street,1
2024-04-05,birmingham new street-london st pancras,6
2024-04-05,birmingham new street-manchester piccadilly,1
2024-04-05,birmingham new street-nuneaton,3
2024-04-05,birmingham new street-tamworth,1
2024-04-05,birmingham new street-york,1
2024-04-05,liverpool lime street-crewe,3
2024-04-05,liverpool lime street-london euston,14
2024-04-05,liverpool lime street-manchester piccadilly,23
2024-04-05,liverpool lime street-sheffield,1
2024-04-05,london euston-birmingham new street,31
2024-04-05,london euston-manchester piccadilly,6
2024-04-05,london kings cross-york,27
2024-04-05,london paddington-oxford,6
2024-04-05,london paddington-reading,35
2024-04-05,london st pancras-birmingham new street,20
2024-04-05,london st pancras-leicester,2
2024-04-05,manchester piccadilly-leeds,1
2024-04-05,manchester piccadilly-liverpool lime street,33
2024-04-05,manchester piccadilly-london euston,2
2024-04-05,manchester piccadilly-london paddington,1
2024-04-05,manchester piccadilly-nottingham,2
2024-04-05,manchester piccadilly-sheffield,3
2024-04-05,oxford-bristol temple meads,2
2024-04-05,reading-didcot,1
2024-04-05,reading-london paddington,1
2024-04-05,york-doncaster,2
2024-04-05,york-durham,4
2024-04-05,york-edinburgh waverley,1
2024-04-05,york-liverpool lime street,2
2024-04-05,york-peterborough,2
2024-04-06,birmingham new street-liverpool lime street,3
2024-04-06,birmingham new street-london euston,1
2024-04-06,birmingham new street-london paddington,1
2024-04-06,birmingham new street-london st pancras,4
2024-04-06,birmingham new street-manchester piccadilly,1
2024-04-06,birmingham new street-nuneaton,6
2024-04-06,birmingham new street-reading,1
2024-04-06,birmingham new street-stafford,4
2024-04-06,birmingham new street-tamworth,2
2024-04-06,bristol temple meads-cardiff central,1
2024-04-06,edinburgh waverley-london kings cross,1
2024-04-06,liverpool lime street-crewe,1
2024-04-06,liverpool lime street-london euston,6
2024-04-06,liverpool lime street-manchester piccadilly,27
2024-04-06,liverpool lime street-sheffield,1
2024-04-06,london euston-birmingham new street,42
2024-04-06,london euston-manchester piccadilly,5
2024-04-06,london kings cross-liverpool lime street,2
2024-04-06,london kings cross-york,33
2024-04-06,london paddington-oxford,5
2024-04-06,london paddington-reading,39
2024-04-06,london st pancras-birmingham new street,36
2024-04-06,london st pancras-leicester,2
2024-04-06,london st pancras-wolverhampton,1
2024-04-06,manchester piccadilly-leeds,1
2024-04-06,manchester piccadilly-liverpool lime street,37
2024-04-06,manchester piccadilly-london euston,3
2024-04-06,manchester piccadilly-london paddington,2
2024-04-06,reading-didcot,1
2024-04-06,reading-oxford,1
2024-04-06,reading-swindon,2
2024-04-06,york-doncaster,1
2024-04-06,york-durham,4
2024-04-06,york-edinburgh,3
2024-04-06,york-peterborough,2
2024-04-07,birmingham new street-liverpool lime street,2
2024-04-07,birmingham new street-london st pancras,7
2024-04-07,birmingham new street-manchester piccadilly,1
2024-04-07,birmingham new street-nuneaton,2
2024-04-07,birmingham new street-stafford,2
2024-04-07,birmingham new street-tamworth,2
2024-04-07,birmingham new street-york,1
2024-04-07,bristol temple meads-cardiff central,1
2024-04-07,liverpool lime street-crewe,3
2024-04-07,liverpool lime street-leeds,1
2024-04-07,liverpool lime street-london euston,11
2024-04-07,liverpool lime street-london paddington,1
2024-04-07,liverpool lime street-manchester piccadilly,16
2024-04-07,london euston-birmingham new street,33
2024-04-07,london euston-manchester piccadilly,9
2024-04-07,london euston-york,1
2024-04-07,london kings cross-edinburgh waverley,1
2024-04-07,london kings cross-liverpool lime street,1
2024-04-07,london kings cross-york,36
2024-04-07,london paddington-oxford,6
2024-04-07,london paddington-reading,28
2024-04-07,london st pancras-birmingham new street,34
2024-04-07,london st pancras-leicester,2
2024-04-07,manchester piccadilly-liverpool lime street,30
2024-04-07,manchester piccadilly-london euston,3
2024-04-07,manchester piccadilly-london paddington,1
2024-04-07,manchester piccadilly-nottingham,2
2024-04-07,manchester piccadilly-sheffield,1
2024-04-07,reading-didcot,1
2024-04-07,reading-oxford,1
2024-04-07,reading-swindon,5
2024-04-08,birmingham new street-coventry,1
2024-04-08,birmingham new street-liverpool lime street,2
2024-04-08,birmingham new street-london paddington,2
2024-04-08,birmingham new street-london st pancras,4
2024-04-08,birmingham new street-manchester piccadilly,1
2024-04-08,birmingham new street-tamworth,1
2024-04-08,birmingham new street-york,2
2024-04-08,edinburgh waverley-london kings cross,2
2024-04-08,liverpool lime street-birmingham new street,1
2024-04-08,liverpool lime street-crewe,1
2024-04-08,liverpool lime street-london euston,12
2024-04-08,liverpool lime street-manchester piccadilly,31
2024-04-08,london euston-birmingham new street,34
2024-04-08,london euston-manchester piccadilly,6
2024-04-08,london euston-york,1
2024-04-08,london kings cross-edinburgh waverley,2
2024-04-08,london kings cross-liverpool lime street,1
2024-04-08,london kings cross-york,41
2024-04-08,london paddington-liverpool lime street,1
2024-04-08,london paddington-london waterloo,1
2024-04-08,london paddington-oxford,3
2024-04-08,london paddington-reading,34
2024-04-08,london st pancras-birmingham new street,34
2024-04-08,london st pancras-leicester,1
2024-04-08,london st pancras-wolverhampton,1
2024-04-08,manchester piccadilly-leeds,2
2024-04-08,manchester piccadilly-liverpool lime street,38
2024-04-08,manchester piccadilly-london euston,1
2024-04-08,manchester piccadilly-london paddington,2
2024-04-08,manchester piccadilly-sheffield,1
2024-04-08,oxford-bristol temple meads,3
2024-04-08,reading-didcot,1
2024-04-08,reading-london paddington,1
2024-04-08,reading-swindon,4
2024-04-08,york-durham,3
2024-04-08,york-edinburgh,1
2024-04-08,york-peterborough,2
2024-04-08,york-wakefield,1
2024-04-09,birmingham new street-liverpool lime street,3
2024-04-09,birmingham new street-london euston,1
2024-04-09,birmingham new street-london st pancras,9
2024-04-09,birmingham new street-manchester piccadilly,2
2024-04-09,birmingham new street-nuneaton,2
2024-04-09,birmingham new street-tamworth,1
2024-04-09,birmingham new street-wolverhampton,1
2024-04-09,birmingham new street-york,1
2024-04-09,edinburgh waverley-london kings cross,2
2024-04-09,liverpool lime street-crewe,2
2024-04-09,liverpool lime street-london euston,13
2024-04-09,liverpool lime street-manchester piccadilly,27
2024-04-09,london euston-birmingham new street,43
2024-04-09,london euston-manchester piccadilly,6
2024-04-09,london kings cross-edinburgh waverley,3
2024-04-09,london kings cross-liverpool lime street,2
2024-04-09,london kings cross-york,32
2024-04-09,london paddington-london waterloo,1
2024-04-09,london paddington-oxford,8
2024-04-09,london paddington-reading,41
2024-04-09,london st pancras-birmingham new street,42
2024-04-09,london st pancras-leicester,3
2024-04-09,manchester piccadilly-leeds,2
2024-04-09,manchester piccadilly-liverpool lime street,29
2024-04-09,manchester piccadilly-london euston,1
2024-04-09,manchester piccadilly-london kings cross,1
2024-04-09,manchester piccadilly-london paddington,5
2024-04-09,manchester piccadilly-london st pancras,1
2024-04-09,manchester piccadilly-nottingham,3
2024-04-09,manchester piccadilly-sheffield,1
2024-04-09,oxford-bristol temple meads,1
2024-04-09,reading-didcot,1
2024-04-09,reading-oxford,3
2024-04-09,reading-swindon,1
2024-04-09,york-doncaster,2
2024-04-09,york-durham,4
2024-04-09,york-edinburgh,2
2024-04-10,birmingham new street-london euston,2
2024-04-10,birmingham new street-london st pancras,10
2024-04-10,birmingham new street-manchester piccadilly,1
2024-04-10,birmingham new street-nuneaton,2
2024-04-10,birmingham new street-stafford,2
2024-04-10,birmingham new street-tamworth,4
2024-04-10,birmingham new street-york,1
2024-04-10,liverpool lime street-crewe,1
2024-04-10,liverpool lime street-london euston,5
2024-04-10,liverpool lime street-london st pancras,1
2024-04-10,liverpool lime street-manchester piccadilly,19
2024-04-10,liverpool lime street-sheffield,1
2024-04-10,london euston-birmingham new street,32
2024-04-10,london euston-manchester piccadilly,5
2024-04-10,london kings cross-liverpool lime street,1
2024-04-10,london kings cross-york,23
2024-04-10,london paddington-london waterloo,1
2024-04-10,london paddington-oxford,4
2024-04-10,london paddington-reading,24
2024-04-10,london st pancras-birmingham new street,31
2024-04-10,london st pancras-leicester,5
2024-04-10,london st pancras-wolverhampton,2
2024-04-10,manchester piccadilly-leeds,1
2024-04-10,manchester piccadilly-liverpool lime street,44
2024-04-10,manchester piccadilly-london euston,2
2024-04-10,manchester piccadilly-london paddington,1
2024-04-10,manchester piccadilly-london st pancras,1
2024-04-10,manchester piccadilly-nottingham,3
2024-04-10,manchester piccadilly-sheffield,2
2024-04-10,oxford-bristol temple meads,3
2024-04-10,reading-london paddington,3
2024-04-10,reading-oxford,1
2024-04-10,reading-swindon,3
2024-04-10,york-doncaster,2
2024-04-10,york-durham,2
2024-04-10,york-edinburgh,1
2024-04-10,york-peterborough,4
2024-04-11,birmingham new street-liverpool lime street,1
2024-04-11,birmingham new street-london euston,1
2024-04-11,birmingham new street-london paddington,1
2024-04-11,birmingham new street-london st pancras,4
2024-04-11,birmingham new street-manchester piccadilly,4
2024-04-11,birmingham new street-nuneaton,1
2024-04-11,birmingham new street-stafford,5
2024-04-11,birmingham new street-york,1
2024-04-11,liverpool lime street-crewe,1
2024-04-11,liverpool lime street-leeds,2
2024-04-11,liverpool lime street-london euston,12
2024-04-11,liverpool lime street-manchester piccadilly,27
2024-04-11,london euston-birmingham new street,29
2024-04-11,london euston-manchester piccadilly,2
2024-04-11,london kings cross-edinburgh waverley,2
2024-04-11,london kings cross-liverpool lime street,3
2024-04-11,london kings cross-york,26
2024-04-11,london paddington-london waterloo,2
2024-04-11,london paddington-manchester piccadilly,1
2024-04-11,london paddington-oxford,4
2024-04-11,london paddington-reading,36
2024-04-11,london st pancras-birmingham new street,31
2024-04-11,london st pancras-leicester,5
2024-04-11,manchester piccadilly-leeds,1
2024-04-11,manchester piccadilly-liverpool lime street,31
2024-04-11,manchester piccadilly-london euston,1
2024-04-11,manchester piccadilly-london paddington,1
2024-04-11,manchester piccadilly-london st pancras,2
2024-04-11,manchester piccadilly-nottingham,2
2024-04-11,manchester piccadilly-sheffield,3
2024-04-11,oxford-bristol temple meads,1
2024-04-11,reading-swindon,2
2024-04-11,york-durham,2
2024-04-11,york-edinburgh,2
2024-04-11,york-peterborough,4
2024-04-12,birmingham new street-coventry,1
2024-04-12,birmingham new street-liverpool lime street,2
2024-04-12,birmingham new street-london euston,1
2024-04-12,birmingham new street-london st pancras,4
2024-04-12,birmingham new street-nuneaton,1
2024-04-12,birmingham new street-reading,1
2024-04-12,liverpool lime street-crewe,3
2024-04-12,liverpool lime street-leeds,3
2024-04-12,liverpool lime street-london euston,11
2024-04-12,liverpool lime street-manchester piccadilly,32
2024-04-12,london euston-birmingham new street,41
2024-04-12,london euston-manchester piccadilly,7
2024-04-12,london kings cross-edinburgh waverley,2
2024-04-12,london kings cross-liverpool lime street,2
2024-04-12,london kings cross-york,38
2024-04-12,london paddington-liverpool lime street,1
2024-04-12,london paddington-oxford,8
2024-04-12,london paddington-reading,40
2024-04-12,london st pancras-birmingham new street,22
2024-04-12,london st pancras-leicester,1
2024-04-12,manchester piccadilly-leeds,1
2024-04-12,manchester piccadilly-liverpool lime street,43
2024-04-12,manchester piccadilly-london euston,5
2024-04-12,manchester piccadilly-london kings cross,1
2024-04-12,manchester piccadilly-london paddington,3
2024-04-12,manchester piccadilly-nottingham,2
2024-04-12,manchester piccadilly-sheffield,1
2024-04-12,oxford-bristol temple meads,2
2024-04-12,reading-didcot,1
2024-04-12,reading-swindon,2
2024-04-12,york-birmingham new street,1
2024-04-12,york-doncaster,5
2024-04-12,york-durham,2
2024-04-12,york-edinburgh,1
2024-04-13,birmingham new street-liverpool lime street,1
2024-04-13,birmingham new street-london euston,2
2024-04-13,birmingham new street-london st pancras,5
2024-04-13,birmingham new street-manchester piccadilly,3
2024-04-13,birmingham new street-stafford,2
2024-04-13,birmingham new street-tamworth,2
2024-04-13,birmingham new street-wolverhampton,2
2024-04-13,liverpool lime street-crewe,1
2024-04-13,liverpool lime street-london euston,8
2024-04-13,liverpool lime street-london paddington,1
2024-04-13,liverpool lime street-manchester piccadilly,32
2024-04-13,liverpool lime street-sheffield,1
2024-04-13,london euston-birmingham new street,35
2024-04-13,london euston-manchester piccadilly,6
2024-04-13,london kings cross-edinburgh waverley,4
2024-04-13,london kings cross-liverpool lime street,2
2024-04-13,london kings cross-york,35
2024-04-13,london paddington-oxford,3
2024-04-13,london paddington-reading,39
2024-04-13,london st pancras-birmingham new street,20
2024-04-13,london st pancras-leicester,3
2024-04-13,london st pancras-wolverhampton,1
2024-04-13,manchester piccadilly-leeds,1
2024-04-13,manchester piccadilly-liverpool lime street,32
2024-04-13,manchester piccadilly-london euston,5
2024-04-13,manchester piccadilly-london paddington,1
2024-04-13,manchester piccadilly-sheffield,5
2024-04-13,reading-london paddington,3
2024-04-13,reading-oxford,1
2024-04-13,reading-swindon,1
2024-04-13,york-doncaster,3
2024-04-13,york-durham,2
2024-04-13,york-edinburgh,2
2024-04-13,york-peterborough,1
2024-04-14,birmingham new street-liverpool lime street,1
2024-04-14,birmingham new street-london st pancras,10
2024-04-14,birmingham new street-manchester piccadilly,1
2024-04-14,birmingham new street-nuneaton,1
2024-04-14,birmingham new street-stafford,2
2024-04-14,birmingham new street-tamworth,4
2024-04-14,birmingham new street-wolverhampton,1
2024-04-14,liverpool lime street-crewe,3
2024-04-14,liverpool lime street-leeds,1
2024-04-14,liverpool lime street-london euston,8
2024-04-14,liverpool lime street-london paddington,1
2024-04-14,liverpool lime street-manchester piccadilly,24
2024-04-14,london euston-birmingham new street,48
2024-04-14,london euston-manchester piccadilly,7
2024-04-14,london kings cross-liverpool lime street,1
2024-04-14,london kings cross-york,42
2024-04-14,london paddington-oxford,1
2024-04-14,london paddington-reading,36
2024-04-14,london st pancras-birmingham new street,35
2024-04-14,london st pancras-leicester,4
2024-04-14,london st pancras-wolverhampton,1
2024-04-14,manchester piccadilly-leeds,3
2024-04-14,manchester piccadilly-liverpool lime street,34
2024-04-14,manchester piccadilly-london euston,1
2024-04-14,manchester piccadilly-london paddington,1
2024-04-14,manchester piccadilly-nottingham,1
2024-04-14,manchester piccadilly-sheffield,1
2024-04-14,reading-birmingham new street,1
2024-04-14,reading-london paddington,2
2024-04-14,reading-swindon,1
2024-04-14,york-doncaster,2
2024-04-14,york-durham,2
2024-04-14,york-edinburgh waverley,1
2024-04-14,york-peterborough,2
2024-04-15,birmingham new street-liverpool lime street,1
2024-04-15,birmingham new street-london euston,3
2024-04-15,birmingham new street-london kings cross,1
2024-04-15,birmingham new street-london st pancras,8
2024-04-15,birmingham new street-manchester piccadilly,2
2024-04-15,birmingham new street-nuneaton,2
2024-04-15,birmingham new street-stafford,2
2024-04-15,birmingham new street-tamworth,1
2024-04-15,birmingham new street-york,1
2024-04-15,liverpool lime street-birmingham new street,1
2024-04-15,liverpool lime street-crewe,1
2024-04-15,liverpool lime street-london euston,8
2024-04-15,liverpool lime street-manchester piccadilly,26
2024-04-15,london euston-birmingham new street,45
2024-04-15,london euston-manchester piccadilly,8
2024-04-15,london kings cross-edinburgh waverley,4
2024-04-15,london kings cross-liverpool lime street,2
2024-04-15,london kings cross-york,27
2024-04-15,london paddington-oxford,1
2024-04-15,london paddington-reading,43
2024-04-15,london st pancras-birmingham new street,34
2024-04-15,london st pancras-leicester,1
2024-04-15,manchester piccadilly-leeds,4
2024-04-15,manchester piccadilly-liverpool lime street,43
2024-04-15,manchester piccadilly-london euston,6
2024-04-15,manchester piccadilly-london paddington,4
2024-04-15,manchester piccadilly-nottingham,2
2024-04-15,manchester piccadilly-sheffield,1
2024-04-15,oxford-bristol temple meads,3
2024-04-15,reading-liverpool lime street,1
2024-04-15,reading-london paddington,2
2024-04-15,reading-oxford,2
2024-04-15,reading-swindon,6
2024-04-15,york-durham,1
2024-04-15,york-leeds,1
2024-04-16,birmingham new street-liverpool lime street,1
2024-04-16,birmingham new street-london euston,2
2024-04-16,birmingham new street-london st pancras,7
2024-04-16,birmingham new street-manchester piccadilly,1
2024-04-16,birmingham new street-nuneaton,1
2024-04-16,birmingham new street-reading,1
2024-04-16,birmingham new street-tamworth,1
2024-04-16,bristol temple meads-cardiff central,2
2024-04-16,edinburgh waverley-london kings cross,1
2024-04-16,liverpool lime street-leeds,1
2024-04-16,liverpool lime street-london euston,11
2024-04-16,liverpool lime street-london st pancras,1
2024-04-16,liverpool lime street-manchester piccadilly,23
2024-04-16,london euston-birmingham new street,29
2024-04-16,london euston-manchester piccadilly,2
2024-04-16,london kings cross-edinburgh waverley,2
2024-04-16,london kings cross-liverpool lime street,1
2024-04-16,london kings cross-york,35
2024-04-16,london paddington-london waterloo,1
2024-04-16,london paddington-oxford,5
2024-04-16,london paddington-reading,29
2024-04-16,london st pancras-birmingham new street,33
2024-04-16,london st pancras-leicester,5
2024-04-16,london st pancras-wolverhampton,2
2024-04-16,manchester piccadilly-liverpool lime street,32
2024-04-16,manchester piccadilly-london euston,5
2024-04-16,manchester piccadilly-london paddington,3
2024-04-16,manchester piccadilly-nottingham,2
2024-04-16,manchester piccadilly-sheffield,1
2024-04-16,reading-london paddington,2
2024-04-16,reading-oxford,2
2024-04-16,york-durham,6
2024-04-16,york-peterborough,1
2024-04-17,birmingham new street-london euston,1
2024-04-17,birmingham new street-london st pancras,7
2024-04-17,birmingham new street-nuneaton,1
2024-04-17,birmingham new street-stafford,1
2024-04-17,birmingham new street-tamworth,3
2024-04-17,birmingham new street-york,1
2024-04-17,liverpool lime street-london euston,15
2024-04-17,liverpool lime street-manchester piccadilly,23
2024-04-17,liverpool lime street-sheffield,1
2024-04-17,london euston-birmingham new street,38
2024-04-17,london euston-manchester piccadilly,1
2024-04-17,london kings cross-edinburgh waverley,1
2024-04-17,london kings cross-liverpool lime street,1
2024-04-17,london kings cross-york,40
2024-04-17,london paddington-oxford,5
2024-04-17,london paddington-reading,46
2024-04-17,london st pancras-birmingham new street,29
2024-04-17,london st pancras-leicester,3
2024-04-17,manchester piccadilly-leeds,1
2024-04-17,manchester piccadilly-liverpool lime street,47
2024-04-17,manchester piccadilly-london euston,2
2024-04-17,manchester piccadilly-london paddington,1
2024-04-17,manchester piccadilly-nottingham,4
2024-04-17,oxford-bristol temple meads,2
2024-04-17,reading-didcot,1
2024-04-17,reading-swindon,3
2024-04-17,york-doncaster,1
2024-04-17,york-edinburgh,2
2024-04-17,york-leeds,2
2024-04-17,york-peterborough,5
2024-04-18,birmingham new street-liverpool lime street,3
2024-04-18,birmingham new street-london paddington,1
2024-04-18,birmingham new street-london st pancras,9
2024-04-18,birmingham new street-manchester piccadilly,2
2024-04-18,birmingham new street-nuneaton,1
2024-04-18,birmingham new street-reading,2
2024-04-18,birmingham new street-stafford,5
2024-04-18,birmingham new street-tamworth,3
2024-04-18,birmingham new street-wolverhampton,1
2024-04-18,bristol temple meads-cardiff central,1
2024-04-18,edinburgh waverley-london kings cross,1
2024-04-18,liverpool lime street-crewe,3
2024-04-18,liverpool lime street-leeds,1
2024-04-18,liverpool lime street-london euston,9
2024-04-18,liverpool lime street-london paddington,1
2024-04-18,liverpool lime street-london st pancras,1
2024-04-18,liverpool lime street-manchester piccadilly,25
2024-04-18,liverpool lime street-sheffield,1
2024-04-18,london euston-birmingham new street,28
2024-04-18,london euston-manchester piccadilly,6
2024-04-18,london kings cross-edinburgh waverley,2
2024-04-18,london kings cross-york,30
2024-04-18,london paddington-oxford,2
2024-04-18,london paddington-reading,22
2024-04-18,london st pancras-birmingham new street,29
2024-04-18,london st pancras-leicester,4
2024-04-18,manchester piccadilly-leeds,1
2024-04-18,manchester piccadilly-liverpool lime street,43
2024-04-18,manchester piccadilly-london euston,2
2024-04-18,manchester piccadilly-london paddington,1
2024-04-18,manchester piccadilly-nottingham,1
2024-04-18,manchester piccadilly-sheffield,2
2024-04-18,reading-london paddington,1
2024-04-18,reading-oxford,1
2024-04-18,reading-swindon,1
2024-04-18,york-doncaster,1
2024-04-18,york-durham,4
2024-04-18,york-edinburgh,1
2024-04-18,york-edinburgh waverley,1
2024-04-18,york-liverpool lime street,1
2024-04-18,york-peterborough,2
2024-04-19,birmingham new street-edinburgh,1
2024-04-19,birmingham new street-liverpool lime street,1
2024-04-19,birmingham new street-london kings cross,1
2024-04-19,birmingham new street-london st pancras,8
2024-04-19,birmingham new street-manchester piccadilly,2
2024-04-19,birmingham new street-nuneaton,2
2024-04-19,birmingham new street-reading,1
2024-04-19,birmingham new street-stafford,2
2024-04-19,birmingham new street-tamworth,1
2024-04-19,birmingham new street-york,1
2024-04-19,bristol temple meads-cardiff central,1
2024-04-19,edinburgh waverley-london kings cross,1
2024-04-19,liverpool lime street-birmingham new street,1
2024-04-19,liverpool lime street-crewe,2
2024-04-19,liverpool lime street-leeds,3
2024-04-19,liverpool lime street-london euston,11
2024-04-19,liverpool lime street-manchester piccadilly,25
2024-04-19,liverpool lime street-sheffield,1
2024-04-19,london euston-birmingham new street,38
2024-04-19,london euston-manchester piccadilly,4
2024-04-19,london kings cross-edinburgh waverley,1
2024-04-19,london kings cross-liverpool lime street,1
2024-04-19,london kings cross-york,38
2024-04-19,london paddington-liverpool lime street,1
2024-04-19,london paddington-oxford,5
2024-04-19,london paddington-reading,36
2024-04-19,london st pancras-birmingham new street,31
2024-04-19,london st pancras-leicester,5
2024-04-19,london st pancras-wolverhampton,2
2024-04-19,manchester piccadilly-leeds,1
2024-04-19,manchester piccadilly-liverpool lime street,53
2024-04-19,manchester piccadilly-london euston,4
2024-04-19,manchester piccadilly-nottingham,1
2024-04-19,oxford-bristol temple meads,2
2024-04-19,reading-london paddington,1
2024-04-19,reading-oxford,2
2024-04-19,reading-swindon,1
2024-04-19,york-doncaster,1
2024-04-19,york-durham,2
2024-04-19,york-edinburgh,6
2024-04-19,york-peterborough,3
2024-04-20,birmingham new street-coventry,1
2024-04-20,birmingham new street-liverpool lime street,1
2024-04-20,birmingham new street-london euston,3
2024-04-20,birmingham new street-london paddington,1
2024-04-20,birmingham new street-london st pancras,10
2024-04-20,birmingham new street-manchester piccadilly,4
2024-04-20,birmingham new street-nuneaton,1
2024-04-20,birmingham new street-stafford,4
2024-04-20,birmingham new street-tamworth,1
2024-04-20,liverpool lime street-crewe,3
2024-04-20,liverpool lime street-london euston,6
2024-04-20,liverpool lime street-london paddington,1
2024-04-20,liverpool lime street-manchester piccadilly,23
2024-04-20,liverpool lime street-sheffield,1
2024-04-20,london euston-birmingham new street,26
2024-04-20,london euston-manchester piccadilly,10
2024-04-20,london kings cross-edinburgh waverley,2
2024-04-20,london kings cross-york,41
2024-04-20,london paddington-london waterloo,1
2024-04-20,london paddington-oxford,1
2024-04-20,london paddington-reading,28
2024-04-20,london st pancras-birmingham new street,26
2024-04-20,london st pancras-leicester,4
2024-04-20,manchester piccadilly-leeds,1
2024-04-20,manchester piccadilly-liverpool lime street,35
2024-04-20,manchester piccadilly-london euston,3
2024-04-20,manchester piccadilly-london paddington,3
2024-04-20,manchester piccadilly-nottingham,2
2024-04-20,manchester piccadilly-sheffield,3
2024-04-20,reading-didcot,1
2024-04-20,reading-london paddington,1
2024-04-20,reading-oxford,1
2024-04-20,reading-swindon,1
2024-04-20,york-doncaster,1
2024-04-20,york-durham,2
2024-04-20,york-peterborough,2
2024-04-21,birmingham new street-liverpool lime street,5
2024-04-21,birmingham new street-london st pancras,4
2024-04-21,birmingham new street-manchester piccadilly,1
2024-04-21,birmingham new street-nuneaton,2
2024-04-21,birmingham new street-stafford,1
2024-04-21,birmingham new street-tamworth,2
2024-04-21,birmingham new street-york,2
2024-04-21,liverpool lime street-crewe,4
2024-04-21,liverpool lime street-london euston,7
2024-04-21,liverpool lime street-london paddington,1
2024-04-21,liverpool lime street-manchester piccadilly,21
2024-04-21,london euston-birmingham new street,36
2024-04-21,london euston-manchester piccadilly,3
2024-04-21,london kings cross-edinburgh waverley,1
2024-04-21,london kings cross-york,40
2024-04-21,london paddington-london waterloo,1
2024-04-21,london paddington-oxford,4
2024-04-21,london paddington-reading,29
2024-04-21,london st pancras-birmingham new street,41
2024-04-21,london st pancras-leicester,4
2024-04-21,manchester piccadilly-leeds,1
2024-04-21,manchester piccadilly-liverpool lime street,36
2024-04-21,manchester piccadilly-london paddington,1
2024-04-21,manchester piccadilly-nottingham,2
2024-04-21,manchester piccadilly-sheffield,2
2024-04-21,reading-didcot,1
2024-04-21,reading-london paddington,2
2024-04-21,reading-oxford,4
2024-04-21,reading-swindon,1
2024-04-21,york-durham,1
2024-04-21,york-edinburgh,2
2024-04-21,york-edinburgh waverley,1
2024-04-21,york-peterborough,2
2024-04-22,birmingham new street-coventry,1
2024-04-22,birmingham new street-liverpool lime street,3
2024-04-22,birmingham new street-london euston,1
2024-04-22,birmingham new street-london kings cross,1
2024-04-22,birmingham new street-london st pancras,5
2024-04-22,birmingham new street-manchester piccadilly,2
2024-04-22,birmingham new street-stafford,1
2024-04-22,birmingham new street-tamworth,1
2024-04-22,liverpool lime street-crewe,4
2024-04-22,liverpool lime street-london euston,12
2024-04-22,liverpool lime street-london st pancras,1
2024-04-22,liverpool lime street-manchester piccadilly,22
2024-04-22,liverpool lime street-sheffield,2
2024-04-22,london euston-birmingham new street,25
2024-04-22,london euston-manchester piccadilly,5
2024-04-22,london euston-oxford,1
2024-04-22,london kings cross-liverpool lime street,2
2024-04-22,london kings cross-york,35
2024-04-22,london paddington-liverpool lime street,1
2024-04-22,london paddington-oxford,3
2024-04-22,london paddington-reading,34
2024-04-22,london st pancras-birmingham new street,25
2024-04-22,london st pancras-leicester,2
2024-04-22,london st pancras-wolverhampton,1
2024-04-22,manchester piccadilly-leeds,1
2024-04-22,manchester piccadilly-liverpool lime street,42
2024-04-22,manchester piccadilly-london euston,3
2024-04-22,manchester piccadilly-london kings cross,1
2024-04-22,manchester piccadilly-london paddington,3
2024-04-22,manchester piccadilly-nottingham,2
2024-04-22,manchester piccadilly-sheffield,1
2024-04-22,manchester piccadilly-warrington,1
2024-04-22,reading-london paddington,1
2024-04-22,reading-oxford,1
2024-04-22,reading-swindon,3
2024-04-22,york-doncaster,2
2024-04-22,york-durham,1
2024-04-22,york-edinburgh,2
2024-04-23,birmingham new street-coventry,1
2024-04-23,birmingham new street-edinburgh,1
2024-04-23,birmingham new street-liverpool lime street,1
2024-04-23,birmingham new street-london euston,1
2024-04-23,birmingham new street-london kings cross,1
2024-04-23,birmingham new street-london paddington,1
2024-04-23,birmingham new street-london st pancras,5
2024-04-23,birmingham new street-manchester piccadilly,3
2024-04-23,birmingham new street-nuneaton,1
2024-04-23,birmingham new street-reading,1
2024-04-23,birmingham new street-stafford,1
2024-04-23,birmingham new street-tamworth,1
2024-04-23,birmingham new street-wolverhampton,1
2024-04-23,birmingham new street-york,1
2024-04-23,bristol temple meads-cardiff central,1
2024-04-23,liverpool lime street-birmingham new street,1
2024-04-23,liverpool lime street-london euston,8
2024-04-23,liverpool lime street-manchester piccadilly,33
2024-04-23,london euston-birmingham new street,35
2024-04-23,london euston-manchester piccadilly,6
2024-04-23,london kings cross-edinburgh waverley,2
2024-04-23,london kings cross-liverpool lime street,2
2024-04-23,london kings cross-york,32
2024-04-23,london paddington-london waterloo,1
2024-04-23,london paddington-oxford,6
2024-04-23,london paddington-reading,40
2024-04-23,london st pancras-birmingham new street,24
2024-04-23,london st pancras-leicester,2
2024-04-23,london st pancras-wolverhampton,1
2024-04-23,manchester piccadilly-leeds,2
2024-04-23,manchester piccadilly-liverpool lime street,45
2024-04-23,manchester piccadilly-london euston,4
2024-04-23,manchester piccadilly-london paddington,3
2024-04-23,manchester piccadilly-nottingham,1
2024-04-23,manchester piccadilly-sheffield,2
2024-04-23,oxford-bristol temple meads,1
2024-04-23,reading-birmingham new street,1
2024-04-23,reading-london paddington,2
2024-04-23,reading-swindon,2
2024-04-23,york-doncaster,1
2024-04-23,york-durham,1
2024-04-23,york-edinburgh,1
2024-04-23,york-peterborough,5
2024-04-24,birmingham new street-coventry,1
2024-04-24,birmingham new street-liverpool lime street,3
2024-04-24,birmingham new street-london euston,1
2024-04-24,birmingham new street-london st pancras,11
2024-04-24,birmingham new street-manchester piccadilly,2
2024-04-24,birmingham new street-nuneaton,5
2024-04-24,birmingham new street-reading,1
2024-04-24,birmingham new street-stafford,1
2024-04-24,birmingham new street-tamworth,1
2024-04-24,birmingham new street-wolverhampton,1
2024-04-24,liverpool lime street-crewe,5
2024-04-24,liverpool lime street-london euston,13
2024-04-24,liverpool lime street-london paddington,2
2024-04-24,liverpool lime street-manchester piccadilly,33
2024-04-24,liverpool lime street-sheffield,1
2024-04-24,london euston-birmingham new street,30
2024-04-24,london euston-manchester piccadilly,7
2024-04-24,london kings cross-edinburgh waverley,3
2024-04-24,london kings cross-liverpool lime street,2
2024-04-24,london kings cross-york,27
2024-04-24,london paddington-liverpool lime street,2
2024-04-24,london paddington-oxford,9
2024-04-24,london paddington-reading,27
2024-04-24,london st pancras-birmingham new street,30
2024-04-24,london st pancras-leicester,2
2024-04-24,manchester piccadilly-leeds,1
2024-04-24,manchester piccadilly-liverpool lime street,32
2024-04-24,manchester piccadilly-london euston,1
2024-04-24,manchester piccadilly-nottingham,2
2024-04-24,oxford-bristol temple meads,2
2024-04-24,reading-london paddington,1
2024-04-24,reading-oxford,1
2024-04-24,reading-swindon,1
2024-04-24,york-doncaster,3
2024-04-24,york-durham,5
2024-04-24,york-peterborough,2
2024-04-25,birmingham new street-coventry,1
2024-04-25,birmingham new street-liverpool lime street,2
2024-04-25,birmingham new street-london st pancras,5
2024-04-25,birmingham new street-manchester piccadilly,3
2024-04-25,birmingham new street-nuneaton,3
2024-04-25,birmingham new street-reading,1
2024-04-25,birmingham new street-stafford,4
2024-04-25,birmingham new street-tamworth,3
2024-04-25,birmingham new street-wolverhampton,1
2024-04-25,liverpool lime street-crewe,1
2024-04-25,liverpool lime street-london euston,3
2024-04-25,liverpool lime street-manchester piccadilly,26
2024-04-25,liverpool lime street-sheffield,1
2024-04-25,london euston-birmingham new street,39
2024-04-25,london euston-manchester piccadilly,5
2024-04-25,london kings cross-edinburgh waverley,1
2024-04-25,london kings cross-liverpool lime street,1
2024-04-25,london kings cross-york,32
2024-04-25,london paddington-london waterloo,1
2024-04-25,london paddington-oxford,2
2024-04-25,london paddington-reading,26
2024-04-25,london st pancras-birmingham new street,37
2024-04-25,london st pancras-leicester,6
2024-04-25,london st pancras-wolverhampton,1
2024-04-25,manchester piccadilly-leeds,2
2024-04-25,manchester piccadilly-liverpool lime street,49
2024-04-25,manchester piccadilly-london euston,4
2024-04-25,manchester piccadilly-london paddington,1
2024-04-25,manchester piccadilly-nottingham,2
2024-04-25,manchester piccadilly-sheffield,1
2024-04-25,oxford-bristol temple meads,1
2024-04-25,reading-london paddington,1
2024-04-25,reading-swindon,4
2024-04-25,york-doncaster,2
2024-04-25,york-durham,4
2024-04-26,birmingham new street-coventry,1
2024-04-26,birmingham new street-liverpool lime street,1
2024-04-26,birmingham new street-london euston,1
2024-04-26,birmingham new street-london st pancras,5
2024-04-26,birmingham new street-nuneaton,3
2024-04-26,birmingham new street-stafford,2
2024-04-26,birmingham new street-tamworth,3
2024-04-26,birmingham new street-york,1
2024-04-26,edinburgh waverley-london kings cross,1
2024-04-26,liverpool lime street-crewe,3
2024-04-26,liverpool lime street-leeds,3
2024-04-26,liverpool lime street-london euston,7
2024-04-26,liverpool lime street-manchester piccadilly,27
2024-04-26,liverpool lime street-sheffield,2
2024-04-26,london euston-birmingham new street,37
2024-04-26,london euston-manchester piccadilly,3
2024-04-26,london kings cross-edinburgh waverley,5
2024-04-26,london kings cross-liverpool lime street,1
2024-04-26,london kings cross-york,25
2024-04-26,london paddington-liverpool lime street,2
2024-04-26,london paddington-london waterloo,1
2024-04-26,london paddington-manchester piccadilly,1
2024-04-26,london paddington-oxford,4
2024-04-26,london paddington-reading,31
2024-04-26,london st pancras-birmingham new street,25
2024-04-26,london st pancras-leicester,3
2024-04-26,manchester piccadilly-leeds,1
2024-04-26,manchester piccadilly-liverpool lime street,40
2024-04-26,manchester piccadilly-london euston,4
2024-04-26,manchester piccadilly-london paddington,1
2024-04-26,manchester piccadilly-nottingham,4
2024-04-26,manchester piccadilly-warrington,1
2024-04-26,reading-birmingham new street,1
2024-04-26,reading-didcot,2
2024-04-26,reading-london paddington,2
2024-04-26,reading-oxford,2
2024-04-26,reading-swindon,1
2024-04-26,york-doncaster,3
2024-04-26,york-durham,5
2024-04-26,york-edinburgh,2
2024-04-26,york-peterborough,2
2024-04-26,york-wakefield,1
2024-04-27,birmingham new street-coventry,2
2024-04-27,birmingham new street-liverpool lime street,1
2024-04-27,birmingham new street-london euston,1
2024-04-27,birmingham new street-london st pancras,6
2024-04-27,birmingham new street-manchester piccadilly,3
2024-04-27,birmingham new street-nuneaton,4
2024-04-27,birmingham new street-stafford,2
2024-04-27,birmingham new street-tamworth,5
2024-04-27,birmingham new street-york,2
2024-04-27,edinburgh waverley-london kings cross,1
2024-04-27,liverpool lime street-crewe,1
2024-04-27,liverpool lime street-london euston,14
2024-04-27,liverpool lime street-manchester piccadilly,22
2024-04-27,liverpool lime street-sheffield,2
2024-04-27,london euston-birmingham new street,40
2024-04-27,london euston-manchester piccadilly,9
2024-04-27,london kings cross-edinburgh waverley,1
2024-04-27,london kings cross-liverpool lime street,2
2024-04-27,london kings cross-york,27
2024-04-27,london paddington-london waterloo,1
2024-04-27,london paddington-oxford,2
2024-04-27,london paddington-reading,28
2024-04-27,london st pancras-birmingham new street,37
2024-04-27,london st pancras-leicester,4
2024-04-27,london st pancras-wolverhampton,1
2024-04-27,manchester piccadilly-leeds,2
2024-04-27,manchester piccadilly-liverpool lime street,29
2024-04-27,manchester piccadilly-london euston,2
2024-04-27,manchester piccadilly-london kings cross,1
2024-04-27,manchester piccadilly-london paddington,1
2024-04-27,manchester piccadilly-london st pancras,1
2024-04-27,manchester piccadilly-sheffield,2
2024-04-27,oxford-bristol temple meads,1
2024-04-27,reading-london paddington,2
2024-04-27,reading-swindon,2
2024-04-27,york-doncaster,1
2024-04-27,york-edinburgh,1
2024-04-27,york-liverpool lime street,1
2024-04-27,york-peterborough,4
2024-04-27,york-wakefield,1
2024-04-28,birmingham new street-coventry,2
2024-04-28,birmingham new street-liverpool lime street,1
2024-04-28,birmingham new street-london euston,2
2024-04-28,birmingham new street-london st pancras,7
2024-04-28,birmingham new street-manchester piccadilly,2
2024-04-28,birmingham new street-stafford,1
2024-04-28,birmingham new street-tamworth,5
2024-04-28,liverpool lime street-crewe,2
2024-04-28,liverpool lime street-leeds,2
2024-04-28,liverpool lime street-london euston,12
2024-04-28,liverpool lime street-manchester piccadilly,32
2024-04-28,liverpool lime street-sheffield,2
2024-04-28,london euston-birmingham new street,43
2024-04-28,london euston-manchester piccadilly,9
2024-04-28,london euston-oxford,1
2024-04-28,london kings cross-edinburgh waverley,2
2024-04-28,london kings cross-liverpool lime street,2
2024-04-28,london kings cross-york,31
2024-04-28,london paddington-oxford,5
2024-04-28,london paddington-reading,34
2024-04-28,london st pancras-birmingham new street,24
2024-04-28,london st pancras-leicester,2
2024-04-28,manchester piccadilly-leeds,2
2024-04-28,manchester piccadilly-liverpool lime street,38
2024-04-28,manchester piccadilly-london euston,1
2024-04-28,manchester piccadilly-london paddington,3
2024-04-28,manchester piccadilly-nottingham,1
2024-04-28,manchester piccadilly-sheffield,3
2024-04-28,manchester piccadilly-york,2
2024-04-28,oxford-bristol temple meads,1
2024-04-28,reading-didcot,2
2024-04-28,reading-london paddington,3
2024-04-28,reading-oxford,2
2024-04-28,reading-swindon,3
2024-04-28,york-doncaster,3
2024-04-28,york-durham,3
2024-04-28,york-peterborough,2
2024-04-29,birmingham new street-coventry,2
2024-04-29,birmingham new street-liverpool lime street,2
2024-04-29,birmingham new street-london euston,1
2024-04-29,birmingham new street-london kings cross,1
2024-04-29,birmingham new street-london paddington,1
2024-04-29,birmingham new street-london st pancras,1
2024-04-29,birmingham new street-nuneaton,3
2024-04-29,birmingham new street-tamworth,1
2024-04-29,birmingham new street-york,1
2024-04-29,liverpool lime street-crewe,2
2024-04-29,liverpool lime street-london euston,5
2024-04-29,liverpool lime street-london st pancras,1
2024-04-29,liverpool lime street-manchester piccadilly,28
2024-04-29,liverpool lime street-sheffield,1
2024-04-29,london euston-birmingham new street,31
2024-04-29,london euston-manchester piccadilly,3
2024-04-29,london kings cross-edinburgh waverley,1
2024-04-29,london kings cross-liverpool lime street,1
2024-04-29,london kings cross-york,36
2024-04-29,london paddington-liverpool lime street,1
2024-04-29,london paddington-oxford,2
2024-04-29,london paddington-reading,30
2024-04-29,london st pancras-birmingham new street,26
2024-04-29,london st pancras-leicester,2
2024-04-29,manchester piccadilly-leeds,1
2024-04-29,manchester piccadilly-liverpool lime street,42
2024-04-29,manchester piccadilly-london euston,1
2024-04-29,manchester piccadilly-london kings cross,1
2024-04-29,manchester piccadilly-nottingham,2
2024-04-29,manchester piccadilly-sheffield,1
2024-04-29,reading-liverpool lime street,1
2024-04-29,reading-london paddington,1
2024-04-29,reading-swindon,2
2024-04-29,york-birmingham new street,1
2024-04-29,york-doncaster,1
2024-04-29,york-durham,4
2024-04-29,york-edinburgh,4
2024-04-29,york-liverpool lime street,1
2024-04-29,york-peterborough,3
2024-04-30,birmingham new street-edinburgh,1
2024-04-30,birmingham new street-liverpool lime street,4
2024-04-30,birmingham new street-london paddington,1
2024-04-30,birmingham new street-london st pancras,4
2024-04-30,birmingham new street-manchester piccadilly,1
2024-04-30,birmingham new street-tamworth,2
2024-04-30,birmingham new street-wolverhampton,1
2024-04-30,liverpool lime street-crewe,2
2024-04-30,liverpool lime street-leeds,2
2024-04-30,liverpool lime street-london euston,6
2024-04-30,liverpool lime street-manchester piccadilly,27
2024-04-30,liverpool lime street-sheffield,1
2024-04-30,london euston-birmingham new street,42
2024-04-30,london euston-manchester piccadilly,7
2024-04-30,london kings cross-edinburgh waverley,2
2024-04-30,london kings cross-york,33
2024-04-30,london paddington-oxford,3
2024-04-30,london paddington-reading,30
2024-04-30,london st pancras-birmingham new street,27
2024-04-30,london st pancras-leicester,1
2024-04-30,manchester piccadilly-liverpool lime street,51
2024-04-30,manchester piccadilly-london euston,1
2024-04-30,manchester piccadilly-london paddington,1
2024-04-30,manchester piccadilly-nottingham,2
2024-04-30,manchester piccadilly-sheffield,1
2024-04-30,oxford-bristol temple meads,2
2024-04-30,reading-london paddington,3
2024-04-30,reading-swindon,4
2024-04-30,york-doncaster,2
2024-04-30,york-durham,2
2024-04-30,york-edinburgh,2
2024-04-30,york-peterborough,3
