Time of Purchase,Lead Time,Ticket Type
12:41:11,24 days,advance
11:23:01,16 days,advance
19:51:27,14 days,advance
23:00:36,12 days,advance
18:22:56,5 days,advance
07:56:06,2 days,advance
00:02:01,1 days,advance
01:35:18,1 days,advance
01:43:09,1 days,advance
03:05:52,1 days,advance
03:26:37,1 days,advance
03:52:11,1 days,advance
05:55:22,1 days,advance
06:44:35,1 days,advance
08:05:50,1 days,advance
08:16:53,1 days,advance
08:23:15,1 days,advance
09:09:20,1 days,advance
09:12:21,1 days,advance
10:42:22,1 days,advance
11:57:15,1 days,advance
12:11:47,1 days,advance
13:33:39,1 days,advance
14:23:09,1 days,advance
14:53:44,1 days,advance
15:19:53,1 days,advance
15:53:46,1 days,advance
16:44:05,1 days,advance
18:01:58,1 days,advance
18:39:00,1 days,advance
19:33:15,1 days,advance
19:45:53,1 days,advance
20:20:25,1 days,advance
20:21:58,1 days,advance
01:10:20,0 days,off-peak
01:16:20,0 days,off-peak
03:02:34,0 days,off-peak
03:03:49,0 days,off-peak
03:35:48,0 days,off-peak
03:52:29,1 days,advance
04:09:42,0 days,off-peak
04:31:41,0 days,anytime
04:54:54,0 days,anytime
05:05:29,0 days,anytime
05:07:28,0 days,anytime
05:09:30,1 days,advance
05:14:54,0 days,anytime
05:17:46,0 days,anytime
06:08:28,0 days,anytime
06:14:16,0 days,anytime
06:18:48,0 days,anytime
06:34:08,0 days,anytime
06:41:14,0 days,anytime
06:48:45,0 days,anytime
07:20:14,0 days,anytime
07:23:47,0 days,anytime
07:46:41,0 days,off-peak
08:12:21,1 days,advance
08:14:05,1 days,advance
08:26:41,1 days,advance
09:18:59,0 days,off-peak
09:30:09,1 days,advance
10:17:33,0 days,off-peak
11:55:41,0 days,off-peak
12:54:54,0 days,off-peak
14:02:52,0 days,off-peak
14:30:03,0 days,anytime
14:42:17,0 days,anytime
15:39:11,0 days,anytime
15:45:47,0 days,anytime
16:03:03,0 days,anytime
16:41:05,1 days,advance
17:02:28,0 days,anytime
17:11:31,1 days,advance
17:17:53,0 days,anytime
17:43:02,1 days,advance
18:39:18,1 days,advance
19:32:26,1 days,advance
19:33:56,1 days,advance
20:22:05,1 days,advance
20:24:38,1 days,advance
20:54:46,1 days,advance
21:46:29,1 days,advance
21:52:50,1 days,advance
22:44:51,1 days,advance
23:06:07,1 days,advance
00:14:32,0 days,off-peak
00:24:08,0 days,off-peak
00:26:21,0 days,off-peak
00:27:40,0 days,off-peak
00:37:20,0 days,off-peak
00:54:33,0 days,off-peak
01:01:01,1 days,advance
01:11:57,0 days,off-peak
01:17:27,1 days,advance
01:19:18,1 days,advance
01:22:25,0 days,off-peak
01:26:15,1 days,advance
01:40:08,1 days,advance
01:51:12,1 days,advance
01:52:53,0 days,off-peak
02:13:53,0 days,off-peak
03:03:36,1 days,advance
03:05:40,1 days,advance
03:12:53,0 days,off-peak
03:21:34,1 days,advance
03:26:31,1 days,advance
03:27:03,1 days,advance
03:30:17,1 days,advance
03:30:57,1 days,advance
03:32:43,1 days,advance
03:33:32,0 days,off-peak
03:36:25,1 days,advance
03:38:22,1 days,advance
03:48:41,0 days,off-peak
04:24:17,0 days,off-peak
04:26:10,0 days,off-peak
04:31:39,1 days,advance
04:37:26,0 days,anytime
04:47:49,0 days,anytime
04:49:16,1 days,advance
04:49:26,0 days,anytime
04:49:28,0 days,anytime
04:57:54,0 days,anytime
04:58:57,0 days,anytime
04:59:57,0 days,anytime
05:04:08,0 days,anytime
05:04:15,0 days,anytime
05:05:21,0 days,anytime
05:06:12,0 days,anytime
05:07:05,1 days,advance
05:08:58,0 days,anytime
05:10:12,0 days,anytime
05:10:28,0 days,anytime
05:11:07,0 days,anytime
05:22:59,0 days,anytime
05:32:11,1 days,advance
05:39:26,1 days,advance
05:50:39,0 days,anytime
06:00:14,0 days,anytime
06:01:54,0 days,anytime
06:04:35,0 days,anytime
06:05:20,0 days,anytime
06:06:49,1 days,advance
06:08:48,1 days,advance
06:09:57,0 days,anytime
06:21:22,0 days,anytime
06:31:43,0 days,anytime
06:33:00,0 days,anytime
06:33:10,0 days,anytime
06:34:11,1 days,advance
06:34:46,0 days,anytime
06:35:02,0 days,anytime
06:37:09,0 days,anytime
06:38:39,0 days,anytime
06:41:24,0 days,anytime
06:42:03,0 days,anytime
06:42:12,1 days,advance
06:45:49,0 days,anytime
06:58:18,0 days,anytime
07:04:40,0 days,anytime
07:05:39,1 days,advance
07:16:54,0 days,anytime
07:18:16,0 days,anytime
07:20:01,0 days,anytime
07:23:03,1 days,advance
07:23:13,0 days,anytime
07:23:34,0 days,anytime
07:24:34,0 days,anytime
07:28:16,1 days,advance
07:29:21,0 days,anytime
07:32:42,0 days,off-peak
07:33:03,0 days,off-peak
07:33:15,0 days,off-peak
07:33:23,1 days,advance
07:36:35,0 days,off-peak
07:36:37,1 days,advance
07:36:53,0 days,off-peak
07:49:40,1 days,advance
07:50:50,0 days,off-peak
07:54:11,1 days,advance
08:00:20,1 days,advance
08:01:16,1 days,advance
08:02:35,1 days,advance
08:11:33,1 days,advance
08:15:45,1 days,advance
08:19:27,0 days,off-peak
08:20:40,1 days,advance
08:24:11,1 days,advance
08:27:13,1 days,advance
08:27:57,1 days,advance
08:28:15,0 days,off-peak
08:57:10,1 days,advance
09:06:17,1 days,advance
09:06:28,0 days,off-peak
09:06:51,1 days,advance
09:09:28,1 days,advance
09:10:59,1 days,advance
09:11:06,1 days,advance
09:23:03,0 days,off-peak
09:28:47,1 days,advance
09:30:54,1 days,advance
09:31:53,1 days,advance
09:34:01,1 days,advance
09:34:19,1 days,advance
09:35:34,0 days,off-peak
09:42:18,0 days,off-peak
09:50:50,1 days,advance
09:54:35,0 days,off-peak
09:57:10,1 days,advance
10:15:13,1 days,advance
10:19:26,1 days,advance
10:32:20,1 days,advance
10:41:07,1 days,advance
10:42:08,0 days,off-peak
10:43:57,1 days,advance
10:48:48,1 days,advance
10:51:36,0 days,off-peak
10:56:19,1 days,advance
11:01:57,1 days,advance
11:13:30,1 days,advance
11:18:30,0 days,off-peak
11:19:10,0 days,off-peak
11:20:02,0 days,off-peak
12:01:28,0 days,off-peak
12:06:30,1 days,advance
12:08:31,0 days,off-peak
12:33:42,1 days,advance
12:39:58,1 days,advance
12:40:30,1 days,advance
13:00:01,0 days,off-peak
13:03:18,0 days,off-peak
13:06:40,0 days,off-peak
13:21:58,1 days,advance
13:24:23,1 days,advance
13:33:07,1 days,advance
13:41:50,0 days,off-peak
13:41:58,0 days,off-peak
13:57:22,0 days,off-peak
14:10:50,0 days,off-peak
14:16:55,1 days,advance
14:18:09,0 days,off-peak
14:23:21,1 days,advance
14:26:49,1 days,advance
14:26:59,0 days,off-peak
14:30:17,0 days,anytime
14:36:55,0 days,anytime
14:37:24,0 days,anytime
14:39:05,0 days,anytime
14:39:57,0 days,anytime
14:42:12,0 days,anytime
14:42:55,0 days,anytime
14:43:54,0 days,anytime
14:45:29,0 days,anytime
14:46:57,0 days,anytime
14:56:35,1 days,advance
14:57:58,1 days,advance
15:18:18,0 days,anytime
15:19:08,1 days,advance
15:20:24,0 days,anytime
15:23:21,0 days,anytime
15:45:48,0 days,anytime
15:58:45,0 days,anytime
16:00:45,0 days,anytime
16:07:33,0 days,anytime
16:09:30,1 days,advance
16:11:10,0 days,anytime
16:18:23,1 days,advance
16:23:42,1 days,advance
16:26:52,1 days,advance
16:40:03,1 days,advance
16:44:07,1 days,advance
17:02:40,1 days,advance
17:09:56,1 days,advance
17:10:40,1 days,advance
17:14:34,1 days,advance
17:18:59,0 days,anytime
17:20:02,0 days,anytime
17:21:32,0 days,anytime
17:22:48,0 days,anytime
17:24:25,1 days,advance
17:25:08,0 days,anytime
17:26:14,0 days,anytime
17:27:15,0 days,anytime
17:28:04,0 days,anytime
17:29:43,0 days,anytime
17:30:06,1 days,advance
17:31:20,1 days,advance
17:34:17,1 days,advance
17:36:40,1 days,advance
17:37:55,1 days,advance
17:38:47,1 days,advance
17:43:55,0 days,off-peak
17:46:28,1 days,advance
17:49:54,1 days,advance
18:05:48,1 days,advance
18:06:16,0 days,off-peak
18:08:29,1 days,advance
18:13:20,1 days,advance
18:14:25,1 days,advance
18:21:12,0 days,anytime
18:22:18,0 days,off-peak
18:24:22,0 days,anytime
18:31:55,1 days,advance
18:35:18,0 days,off-peak
18:39:02,1 days,advance
18:44:32,1 days,advance
18:50:20,1 days,advance
18:55:27,1 days,advance
18:55:44,0 days,off-peak
18:59:30,0 days,off-peak
19:20:49,1 days,advance
19:30:04,1 days,advance
19:34:21,1 days,advance
19:34:34,1 days,advance
19:42:19,1 days,advance
19:43:46,1 days,advance
20:01:10,1 days,advance
20:01:42,0 days,off-peak
20:02:34,1 days,advance
20:03:09,0 days,off-peak
20:06:32,1 days,advance
20:06:34,0 days,off-peak
20:18:10,1 days,advance
20:19:43,1 days,advance
20:20:03,1 days,advance
20:20:20,1 days,advance
20:20:41,1 days,advance
20:21:26,1 days,advance
20:21:59,1 days,advance
20:23:07,1 days,advance
20:24:22,1 days,advance
20:26:32,1 days,advance
20:27:40,1 days,advance
20:29:19,1 days,advance
20:30:13,1 days,advance
20:30:17,1 days,advance
20:30:57,1 days,advance
20:32:41,1 days,advance
20:32:50,1 days,advance
20:40:59,0 days,off-peak
20:45:50,0 days,off-peak
20:52:36,1 days,advance
21:01:44,1 days,advance
21:36:39,1 days,advance
21:38:33,1 days,advance
21:39:38,1 days,advance
21:44:12,1 days,advance
21:47:08,1 days,advance
21:55:40,1 days,advance
21:58:19,1 days,advance
22:40:21,1 days,advance
22:55:59,1 days,advance
23:01:56,1 days,advance
23:05:17,1 days,advance
23:05:47,1 days,advance
23:05:48,1 days,advance
23:07:29,1 days,advance
23:10:03,1 days,advance
23:44:41,1 days,advance
23:58:39,1 days,advance
00:02:17,0 days,off-peak
00:05:02,0 days,off-peak
00:05:05,0 days,off-peak
00:07:02,0 days,off-peak
00:08:45,0 days,off-peak
00:14:18,0 days,off-peak
00:15:32,0 days,off-peak
00:25:49,0 days,off-peak
00:55:46,0 days,off-peak
01:22:00,0 days,off-peak
01:22:48,1 days,advance
01:24:11,0 days,off-peak
01:24:42,0 days,off-peak
01:27:45,0 days,off-peak
01:30:45,0 days,off-peak
01:46:29,1 days,advance
01:50:18,0 days,off-peak
01:52:14,1 days,advance
02:07:04,0 days,off-peak
02:10:09,0 days,off-peak
02:20:52,0 days,off-peak
02:38:11,0 days,off-peak
02:50:38,0 days,off-peak
02:51:20,0 days,off-peak
03:13:43,1 days,advance
03:16:48,1 days,advance
03:18:57,1 days,advance
03:20:12,1 days,advance
03:24:32,0 days,off-peak
03:26:17,0 days,off-peak
03:33:15,0 days,off-peak
03:34:52,1 days,advance
03:56:53,1 days,advance
04:33:15,1 days,advance
04:42:58,0 days,anytime
04:46:09,0 days,anytime
04:51:10,0 days,anytime
04:56:47,0 days,anytime
04:56:57,0 days,anytime
04:57:17,0 days,anytime
05:01:11,0 days,anytime
05:04:14,0 days,anytime
05:06:50,0 days,anytime
05:09:06,0 days,anytime
05:10:01,0 days,anytime
05:13:36,0 days,anytime
05:17:04,0 days,anytime
05:18:15,0 days,anytime
05:19:08,0 days,anytime
05:27:35,1 days,advance
05:40:27,0 days,anytime
05:43:17,1 days,advance
05:58:17,0 days,anytime
05:58:18,1 days,advance
06:01:01,1 days,advance
06:01:49,0 days,anytime
06:05:46,0 days,anytime
06:06:36,0 days,anytime
06:10:50,1 days,advance
06:11:24,0 days,anytime
06:11:54,0 days,anytime
06:12:43,0 days,anytime
06:14:54,0 days,anytime
06:20:23,0 days,anytime
06:27:42,0 days,anytime
06:31:47,0 days,anytime
06:32:24,0 days,anytime
06:35:56,0 days,anytime
06:38:42,0 days,anytime
06:39:46,0 days,anytime
06:39:48,0 days,anytime
06:41:37,0 days,anytime
06:54:34,0 days,anytime
07:03:45,0 days,anytime
07:05:02,0 days,anytime
07:14:29,0 days,anytime
07:17:49,1 days,advance
07:18:15,0 days,anytime
07:19:19,0 days,anytime
07:19:56,0 days,anytime
07:20:30,0 days,anytime
07:21:23,0 days,anytime
07:21:48,0 days,anytime
07:23:52,1 days,advance
07:25:02,0 days,anytime
07:25:28,0 days,anytime
07:27:49,0 days,anytime
07:28:13,0 days,anytime
07:29:11,0 days,anytime
07:42:40,0 days,off-peak
07:45:16,1 days,advance
07:46:27,1 days,advance
07:46:29,1 days,advance
07:47:47,0 days,anytime
07:50:10,1 days,advance
07:54:57,0 days,anytime
07:58:04,1 days,advance
07:58:17,1 days,advance
08:05:57,1 days,advance
08:07:04,1 days,advance
08:09:00,1 days,advance
08:09:42,1 days,advance
08:11:10,1 days,advance
08:14:47,1 days,advance
08:16:27,1 days,advance
08:21:46,1 days,advance
08:22:52,1 days,advance
08:25:35,1 days,advance
08:29:13,1 days,advance
08:56:14,1 days,advance
09:02:37,0 days,off-peak
09:03:33,1 days,advance
09:04:21,1 days,advance
09:05:18,1 days,advance
09:12:19,0 days,off-peak
09:14:51,1 days,advance
09:23:26,0 days,off-peak
09:32:43,1 days,advance
09:33:54,0 days,off-peak
09:34:33,1 days,advance
09:34:38,1 days,advance
09:36:32,1 days,advance
09:36:40,0 days,off-peak
09:37:22,1 days,advance
09:38:05,1 days,advance
09:39:14,1 days,advance
09:40:32,1 days,advance
09:42:19,0 days,off-peak
09:44:03,1 days,advance
09:44:48,0 days,off-peak
09:44:48,1 days,advance
09:47:12,1 days,advance
10:16:33,0 days,off-peak
10:20:10,1 days,advance
10:26:21,0 days,off-peak
10:30:15,1 days,advance
10:32:02,1 days,advance
10:44:06,0 days,off-peak
10:44:13,0 days,off-peak
10:59:56,1 days,advance
11:00:19,0 days,off-peak
11:05:55,1 days,advance
11:20:16,0 days,off-peak
11:23:29,0 days,off-peak
11:53:42,0 days,off-peak
11:57:28,1 days,advance
11:59:18,0 days,off-peak
11:59:51,1 days,advance
12:15:23,0 days,off-peak
12:29:50,0 days,off-peak
12:30:05,1 days,advance
12:37:54,0 days,off-peak
12:40:39,0 days,off-peak
12:44:49,1 days,advance
12:52:29,0 days,off-peak
13:24:07,0 days,off-peak
13:27:20,0 days,off-peak
13:29:21,1 days,advance
13:32:18,0 days,off-peak
13:38:15,0 days,off-peak
13:38:43,1 days,advance
13:55:43,1 days,advance
14:00:14,1 days,advance
14:03:24,0 days,off-peak
14:12:36,0 days,off-peak
14:21:55,0 days,off-peak
14:26:46,0 days,off-peak
14:31:56,0 days,anytime
14:37:50,0 days,anytime
14:41:35,0 days,anytime
14:45:57,1 days,advance
14:47:43,0 days,anytime
14:51:05,0 days,anytime
14:54:27,0 days,anytime
14:56:23,0 days,anytime
15:06:15,0 days,off-peak
15:07:06,1 days,advance
15:10:35,1 days,advance
15:11:05,0 days,off-peak
15:11:37,0 days,anytime
15:22:13,1 days,advance
15:39:43,1 days,advance
15:44:41,1 days,advance
15:49:18,1 days,advance
16:01:01,0 days,anytime
16:01:46,0 days,anytime
16:04:06,1 days,advance
16:07:06,0 days,anytime
16:14:35,0 days,anytime
16:14:43,0 days,anytime
16:24:11,1 days,advance
16:39:11,1 days,advance
16:50:38,1 days,advance
17:02:08,1 days,advance
17:13:48,1 days,advance
17:19:28,0 days,anytime
17:20:44,0 days,anytime
17:22:17,1 days,advance
17:22:34,1 days,advance
17:27:00,0 days,anytime
17:28:37,0 days,anytime
17:28:41,0 days,anytime
17:29:45,0 days,anytime
17:31:39,1 days,advance
17:34:17,1 days,advance
17:35:30,1 days,advance
17:36:43,1 days,advance
17:39:49,1 days,advance
17:56:35,1 days,advance
17:59:55,1 days,advance
18:05:58,1 days,advance
18:08:14,1 days,advance
18:10:08,1 days,advance
18:12:29,1 days,advance
18:12:36,0 days,anytime
18:12:53,0 days,anytime
18:12:54,0 days,anytime
18:13:47,1 days,advance
18:31:09,0 days,off-peak
18:32:55,0 days,off-peak
18:41:55,0 days,off-peak
18:46:19,1 days,advance
18:46:58,0 days,off-peak
18:49:08,0 days,off-peak
18:50:28,0 days,off-peak
18:54:17,0 days,off-peak
18:55:56,0 days,off-peak
18:56:15,1 days,advance
18:57:35,1 days,advance
19:22:19,1 days,advance
19:22:36,1 days,advance
19:28:18,1 days,advance
19:32:52,1 days,advance
19:33:11,1 days,advance
19:33:26,1 days,advance
19:35:56,0 days,off-peak
19:42:49,1 days,advance
19:44:04,1 days,advance
19:50:42,1 days,advance
19:52:36,1 days,advance
20:01:12,0 days,off-peak
20:01:12,1 days,advance
20:05:44,0 days,off-peak
20:12:11,0 days,off-peak
20:14:06,0 days,off-peak
20:14:34,0 days,off-peak
20:18:56,1 days,advance
20:19:30,1 days,advance
20:19:31,1 days,advance
20:20:58,1 days,advance
20:24:19,1 days,advance
20:24:24,1 days,advance
20:25:35,1 days,advance
20:25:53,1 days,advance
20:28:48,1 days,advance
20:28:53,1 days,advance
20:29:09,1 days,advance
20:44:02,0 days,off-peak
21:35:40,1 days,advance
21:36:04,1 days,advance
21:40:31,1 days,advance
21:46:15,1 days,advance
21:49:18,1 days,advance
21:57:02,1 days,advance
22:25:33,1 days,advance
22:34:12,1 days,advance
22:35:10,1 days,advance
22:37:50,1 days,advance
22:38:03,1 days,advance
22:41:38,1 days,advance
22:43:19,1 days,advance
22:44:03,1 days,advance
23:05:58,1 days,advance
23:44:27,1 days,advance
00:04:33,1 days,advance
00:08:14,0 days,off-peak
00:08:22,0 days,off-peak
00:10:48,0 days,off-peak
00:16:20,0 days,off-peak
00:25:19,0 days,off-peak
00:27:45,0 days,off-peak
00:41:56,0 days,off-peak
00:44:12,0 days,off-peak
00:45:30,1 days,advance
00:46:25,0 days,off-peak
01:02:12,0 days,off-peak
01:08:00,0 days,off-peak
01:15:33,1 days,advance
01:22:04,0 days,off-peak
01:27:41,0 days,off-peak
01:41:46,1 days,advance
01:43:42,1 days,advance
01:52:25,0 days,off-peak
01:55:57,0 days,off-peak
02:01:14,1 days,advance
02:02:54,1 days,advance
02:16:53,0 days,off-peak
02:23:18,0 days,off-peak
02:24:27,0 days,off-peak
02:26:23,0 days,off-peak
02:41:28,0 days,off-peak
02:46:55,0 days,off-peak
02:49:32,0 days,off-peak
03:08:51,0 days,off-peak
03:11:51,0 days,off-peak
03:17:20,1 days,advance
03:20:04,1 days,advance
03:21:28,0 days,off-peak
03:35:42,0 days,off-peak
03:43:03,0 days,off-peak
03:57:03,0 days,off-peak
03:58:35,1 days,advance
04:15:23,1 days,advance
04:20:54,0 days,off-peak
04:23:00,0 days,off-peak
04:28:50,0 days,off-peak
04:30:15,1 days,advance
04:57:31,0 days,anytime
04:59:42,0 days,anytime
05:01:45,0 days,anytime
05:02:18,0 days,anytime
05:03:48,0 days,anytime
05:05:38,0 days,anytime
05:10:34,0 days,anytime
05:16:24,1 days,advance
05:16:43,1 days,advance
05:23:00,0 days,anytime
05:23:51,1 days,advance
05:23:53,0 days,anytime
05:24:43,1 days,advance
05:25:31,0 days,anytime
05:26:34,0 days,anytime
05:29:03,0 days,anytime
05:45:07,1 days,advance
05:48:36,1 days,advance
05:48:42,1 days,advance
05:49:35,1 days,advance
05:51:11,0 days,anytime
05:58:00,0 days,anytime
06:00:47,0 days,anytime
06:01:57,0 days,anytime
06:02:06,0 days,anytime
06:05:43,0 days,anytime
06:07:41,1 days,advance
06:08:13,0 days,anytime
06:10:24,0 days,anytime
06:19:06,0 days,anytime
06:23:25,0 days,anytime
06:33:29,0 days,anytime
06:34:39,0 days,anytime
06:35:01,0 days,anytime
06:44:22,0 days,anytime
06:57:10,0 days,anytime
06:57:29,0 days,anytime
06:57:59,0 days,anytime
07:00:16,1 days,advance
07:04:14,0 days,anytime
07:18:12,0 days,anytime
07:27:38,1 days,advance
07:29:02,0 days,anytime
07:40:10,0 days,off-peak
07:41:20,0 days,off-peak
07:43:15,0 days,off-peak
07:45:58,0 days,off-peak
07:51:43,1 days,advance
07:54:46,0 days,off-peak
07:56:25,1 days,advance
08:02:11,0 days,off-peak
08:02:50,1 days,advance
08:03:21,1 days,advance
08:03:45,1 days,advance
08:04:33,1 days,advance
08:05:33,1 days,advance
08:07:27,1 days,advance
08:09:45,1 days,advance
08:13:11,1 days,advance
08:15:51,1 days,advance
08:15:58,1 days,advance
08:16:41,1 days,advance
08:20:20,1 days,advance
08:22:06,1 days,advance
08:23:04,1 days,advance
08:23:09,1 days,advance
08:23:57,0 days,off-peak
08:24:14,1 days,advance
08:24:28,0 days,off-peak
08:24:49,1 days,advance
08:25:08,1 days,advance
08:29:58,1 days,advance
08:40:34,1 days,advance
09:00:05,1 days,advance
09:02:34,1 days,advance
09:02:59,0 days,off-peak
09:14:43,1 days,advance
09:20:14,0 days,off-peak
09:21:00,0 days,off-peak
09:28:04,0 days,off-peak
09:29:48,0 days,off-peak
09:29:52,0 days,off-peak
09:38:03,0 days,off-peak
09:39:45,1 days,advance
09:41:27,1 days,advance
09:55:58,1 days,advance
09:59:02,0 days,off-peak
10:06:50,1 days,advance
10:11:46,0 days,off-peak
10:15:47,1 days,advance
10:16:43,1 days,advance
10:17:02,1 days,advance
10:19:30,1 days,advance
10:24:09,1 days,advance
10:25:18,1 days,advance
10:30:35,1 days,advance
10:36:16,1 days,advance
10:41:32,1 days,advance
10:44:16,1 days,advance
10:44:37,1 days,advance
10:45:01,0 days,off-peak
10:52:21,1 days,advance
10:58:13,1 days,advance
11:19:03,1 days,advance
11:19:26,0 days,off-peak
11:19:41,0 days,off-peak
11:38:10,0 days,off-peak
11:45:56,0 days,off-peak
11:51:13,1 days,advance
11:55:29,1 days,advance
12:01:12,1 days,advance
12:04:58,0 days,off-peak
12:11:45,1 days,advance
12:11:58,1 days,advance
12:18:58,1 days,advance
12:19:28,1 days,advance
12:23:25,0 days,off-peak
12:52:36,0 days,off-peak
13:11:05,0 days,off-peak
13:34:40,1 days,advance
13:36:48,1 days,advance
14:00:00,0 days,off-peak
14:08:05,0 days,off-peak
14:10:23,0 days,off-peak
14:29:17,0 days,off-peak
14:31:10,0 days,anytime
14:36:31,0 days,anytime
14:38:05,0 days,anytime
14:38:19,0 days,anytime
14:40:29,0 days,anytime
14:47:36,0 days,anytime
14:50:20,0 days,anytime
14:53:09,0 days,anytime
14:56:24,1 days,advance
14:58:24,0 days,anytime
14:59:05,1 days,advance
15:03:12,1 days,advance
15:03:57,0 days,anytime
15:13:54,0 days,off-peak
15:14:14,0 days,anytime
15:21:10,0 days,anytime
15:21:58,1 days,advance
15:25:04,1 days,advance
15:34:03,1 days,advance
15:46:21,1 days,advance
15:52:27,1 days,advance
15:52:34,0 days,anytime
15:54:52,0 days,anytime
16:01:45,0 days,anytime
16:03:19,0 days,anytime
16:03:52,0 days,anytime
16:04:42,0 days,anytime
16:05:16,0 days,anytime
16:06:36,0 days,anytime
16:09:02,0 days,anytime
16:10:56,0 days,anytime
16:20:04,0 days,anytime
16:22:08,0 days,anytime
17:02:21,0 days,anytime
17:05:40,0 days,anytime
17:07:32,0 days,anytime
17:07:56,1 days,advance
17:08:16,0 days,anytime
17:08:37,1 days,advance
17:13:00,0 days,anytime
17:15:41,0 days,anytime
17:15:42,0 days,anytime
17:16:07,0 days,anytime
17:16:53,0 days,anytime
17:17:34,1 days,advance
17:19:00,0 days,anytime
17:26:07,0 days,anytime
17:29:34,0 days,anytime
17:30:18,1 days,advance
17:32:52,1 days,advance
17:38:35,1 days,advance
17:38:52,1 days,advance
17:46:54,1 days,advance
17:49:24,1 days,advance
18:06:43,1 days,advance
18:11:03,1 days,advance
18:17:38,0 days,anytime
18:19:19,1 days,advance
18:23:49,0 days,off-peak
18:38:51,0 days,off-peak
18:41:51,1 days,advance
18:45:17,1 days,advance
18:47:09,1 days,advance
18:49:06,1 days,advance
18:49:14,0 days,off-peak
18:51:49,1 days,advance
19:32:13,0 days,off-peak
19:33:55,0 days,off-peak
19:37:52,0 days,off-peak
19:38:06,1 days,advance
19:43:11,1 days,advance
19:56:32,1 days,advance
20:02:56,1 days,advance
20:04:48,0 days,off-peak
20:08:32,1 days,advance
20:09:34,1 days,advance
20:14:47,0 days,off-peak
20:18:11,1 days,advance
20:19:49,1 days,advance
20:21:02,1 days,advance
20:28:04,1 days,advance
20:28:42,1 days,advance
20:28:46,1 days,advance
20:30:32,1 days,advance
20:34:23,0 days,off-peak
20:38:30,0 days,off-peak
20:41:36,0 days,off-peak
20:43:21,1 days,advance
20:45:59,1 days,advance
20:46:00,0 days,off-peak
21:24:24,1 days,advance
21:34:18,1 days,advance
21:45:37,1 days,advance
21:52:02,1 days,advance
21:53:26,1 days,advance
21:57:53,1 days,advance
22:32:53,1 days,advance
22:36:51,1 days,advance
22:39:20,1 days,advance
22:44:43,1 days,advance
23:01:16,1 days,advance
23:02:35,1 days,advance
23:03:20,1 days,advance
23:33:24,1 days,advance
23:40:03,1 days,advance
00:05:40,0 days,off-peak
00:05:42,0 days,off-peak
00:13:37,0 days,off-peak
00:18:38,0 days,off-peak
00:19:34,0 days,off-peak
00:35:51,0 days,off-peak
00:41:40,0 days,off-peak
00:42:29,0 days,off-peak
00:52:36,0 days,off-peak
01:12:17,0 days,off-peak
01:18:09,1 days,advance
01:20:51,1 days,advance
01:27:28,0 days,off-peak
01:28:31,0 days,off-peak
01:39:17,1 days,advance
02:07:14,1 days,advance
02:28:25,0 days,off-peak
03:00:09,0 days,off-peak
03:01:48,0 days,off-peak
03:04:35,0 days,off-peak
03:07:25,0 days,off-peak
03:13:57,1 days,advance
03:14:30,0 days,off-peak
03:23:37,1 days,advance
03:32:33,1 days,advance
03:33:26,1 days,advance
03:38:42,0 days,off-peak
03:39:08,0 days,off-peak
03:42:16,0 days,off-peak
03:42:41,1 days,advance
04:01:05,0 days,off-peak
04:15:56,1 days,advance
04:16:03,0 days,off-peak
04:29:32,1 days,advance
04:32:08,1 days,advance
04:37:33,0 days,anytime
04:41:20,0 days,anytime
04:43:27,1 days,advance
04:54:26,0 days,anytime
04:56:51,0 days,anytime
04:56:59,0 days,anytime
05:01:20,0 days,anytime
05:11:22,0 days,anytime
05:11:24,0 days,anytime
05:13:34,0 days,anytime
05:14:23,0 days,anytime
05:54:01,1 days,advance
05:58:42,0 days,anytime
06:01:07,0 days,anytime
06:03:47,1 days,advance
06:03:53,0 days,anytime
06:08:00,1 days,advance
06:08:08,0 days,anytime
06:08:29,0 days,anytime
06:08:44,0 days,anytime
06:10:41,1 days,advance
06:14:53,0 days,anytime
06:17:23,1 days,advance
06:28:15,1 days,advance
06:34:38,1 days,advance
06:35:23,1 days,advance
06:36:12,0 days,anytime
06:36:12,0 days,anytime
06:37:59,0 days,anytime
06:39:27,0 days,anytime
06:44:24,0 days,anytime
06:44:25,0 days,anytime
06:46:16,0 days,anytime
06:50:38,1 days,advance
06:52:06,0 days,anytime
06:52:36,0 days,anytime
07:16:25,0 days,anytime
07:18:14,0 days,anytime
07:18:52,0 days,anytime
07:21:34,0 days,anytime
07:23:34,0 days,anytime
07:25:28,0 days,anytime
07:25:48,0 days,anytime
07:30:52,0 days,off-peak
07:37:03,0 days,off-peak
07:45:56,1 days,advance
07:48:28,1 days,advance
07:50:42,1 days,advance
07:52:10,1 days,advance
07:53:18,1 days,advance
07:53:40,0 days,anytime
07:57:39,1 days,advance
08:01:12,1 days,advance
08:02:27,1 days,advance
08:03:38,1 days,advance
08:14:40,1 days,advance
08:15:16,1 days,advance
08:17:49,1 days,advance
08:22:02,1 days,advance
08:23:35,1 days,advance
08:24:11,1 days,advance
08:26:17,1 days,advance
08:33:14,1 days,advance
09:00:50,1 days,advance
09:01:05,1 days,advance
09:01:54,0 days,off-peak
09:01:54,1 days,advance
09:05:42,0 days,off-peak
09:13:21,1 days,advance
09:15:32,0 days,off-peak
09:17:36,0 days,off-peak
09:26:39,0 days,off-peak
09:30:44,1 days,advance
09:32:22,1 days,advance
09:33:36,1 days,advance
09:34:26,1 days,advance
09:35:05,0 days,off-peak
09:35:26,0 days,off-peak
09:36:22,1 days,advance
09:40:08,1 days,advance
09:40:41,1 days,advance
09:40:43,1 days,advance
10:08:36,0 days,off-peak
10:21:18,1 days,advance
10:24:49,1 days,advance
10:28:39,0 days,off-peak
10:40:55,1 days,advance
10:41:20,1 days,advance
10:42:31,0 days,off-peak
10:48:05,1 days,advance
10:56:28,1 days,advance
10:57:24,1 days,advance
11:40:15,0 days,off-peak
11:46:10,0 days,off-peak
11:57:57,1 days,advance
11:58:49,0 days,off-peak
12:00:25,1 days,advance
12:03:23,0 days,off-peak
12:07:36,1 days,advance
12:32:54,0 days,off-peak
12:39:37,1 days,advance
12:40:25,1 days,advance
13:20:35,1 days,advance
13:21:18,1 days,advance
13:22:33,0 days,off-peak
13:28:22,0 days,off-peak
13:35:28,1 days,advance
14:00:59,1 days,advance
14:01:57,0 days,off-peak
14:04:35,0 days,off-peak
14:07:32,1 days,advance
14:12:06,0 days,off-peak
14:14:42,1 days,advance
14:18:28,1 days,advance
14:20:47,0 days,off-peak
14:30:18,0 days,anytime
14:30:21,1 days,advance
14:30:48,0 days,anytime
14:31:35,0 days,anytime
14:33:29,0 days,anytime
14:33:29,0 days,anytime
14:34:55,0 days,anytime
14:36:33,1 days,advance
14:41:12,0 days,anytime
14:43:25,0 days,anytime
14:44:18,0 days,anytime
14:48:30,0 days,anytime
14:52:42,1 days,advance
14:53:43,1 days,advance
15:06:59,1 days,advance
15:10:15,0 days,anytime
15:17:37,0 days,anytime
15:18:02,0 days,anytime
15:19:26,0 days,anytime
15:33:51,0 days,anytime
15:45:56,0 days,anytime
15:47:05,0 days,anytime
15:48:42,0 days,anytime
15:54:49,1 days,advance
15:56:08,0 days,anytime
15:56:46,0 days,anytime
15:58:49,0 days,anytime
16:02:39,0 days,anytime
16:13:59,0 days,anytime
16:15:16,0 days,anytime
16:17:37,1 days,advance
16:24:35,1 days,advance
16:28:59,1 days,advance
17:00:57,1 days,advance
17:09:58,0 days,anytime
17:14:33,1 days,advance
17:19:37,0 days,anytime
17:19:50,0 days,anytime
17:20:06,0 days,anytime
17:20:22,0 days,anytime
17:21:46,0 days,anytime
17:29:06,1 days,advance
17:38:31,1 days,advance
17:38:50,1 days,advance
17:39:04,1 days,advance
17:47:07,1 days,advance
17:49:47,1 days,advance
17:53:43,1 days,advance
18:04:32,1 days,advance
18:11:01,0 days,anytime
18:12:04,1 days,advance
18:12:52,0 days,anytime
18:18:42,0 days,anytime
18:20:38,0 days,anytime
18:20:43,0 days,anytime
18:45:11,1 days,advance
18:46:51,1 days,advance
18:49:57,0 days,off-peak
18:57:30,0 days,off-peak
19:04:31,0 days,off-peak
19:24:45,1 days,advance
19:30:50,1 days,advance
19:32:50,1 days,advance
19:34:52,1 days,advance
19:37:53,0 days,off-peak
19:49:56,1 days,advance
20:00:44,0 days,off-peak
20:02:08,0 days,off-peak
20:16:55,1 days,advance
20:20:43,1 days,advance
20:22:05,1 days,advance
20:24:11,1 days,advance
20:25:01,1 days,advance
20:25:53,1 days,advance
20:32:37,1 days,advance
20:33:09,1 days,advance
20:33:13,1 days,advance
20:33:34,1 days,advance
20:42:31,0 days,off-peak
20:45:58,1 days,advance
20:49:42,1 days,advance
20:58:06,0 days,off-peak
21:49:33,1 days,advance
21:54:01,1 days,advance
21:54:19,1 days,advance
21:58:40,1 days,advance
22:10:05,1 days,advance
22:36:15,1 days,advance
22:40:38,1 days,advance
22:41:05,1 days,advance
23:36:18,1 days,advance
23:51:17,1 days,advance
23:54:47,1 days,advance
00:01:34,0 days,off-peak
00:03:48,1 days,advance
00:08:54,1 days,advance
00:09:52,0 days,off-peak
00:10:19,0 days,off-peak
00:13:22,0 days,off-peak
00:15:04,0 days,off-peak
00:23:49,2 days,advance
00:25:32,2 days,advance
00:40:15,0 days,off-peak
00:49:24,0 days,off-peak
01:02:34,0 days,off-peak
01:04:54,0 days,off-peak
01:06:02,1 days,advance
01:09:17,0 days,off-peak
01:11:27,1 days,advance
01:16:25,0 days,off-peak
01:17:21,1 days,advance
01:19:13,0 days,off-peak
01:30:00,0 days,off-peak
02:06:38,0 days,off-peak
02:12:07,0 days,off-peak
02:46:01,0 days,off-peak
02:46:09,0 days,off-peak
02:47:19,0 days,off-peak
02:47:48,0 days,off-peak
02:55:19,0 days,off-peak
03:02:20,1 days,advance
03:14:50,1 days,advance
03:22:37,1 days,advance
03:23:44,1 days,advance
03:34:11,0 days,off-peak
03:36:05,1 days,advance
03:37:12,1 days,advance
03:39:49,1 days,advance
04:31:12,1 days,advance
04:48:01,0 days,off-peak
04:48:57,0 days,off-peak
04:49:00,0 days,off-peak
04:53:38,0 days,off-peak
04:56:09,0 days,off-peak
04:56:59,0 days,off-peak
04:58:07,0 days,off-peak
05:01:04,0 days,off-peak
05:01:06,0 days,off-peak
05:04:23,0 days,off-peak
05:05:21,0 days,off-peak
05:12:02,0 days,off-peak
05:12:22,0 days,off-peak
05:12:53,0 days,off-peak
05:15:04,0 days,off-peak
05:16:07,0 days,off-peak
05:17:57,1 days,advance
05:19:08,1 days,advance
05:28:59,0 days,off-peak
05:41:18,0 days,off-peak
05:57:01,1 days,advance
06:03:05,1 days,advance
06:03:11,1 days,advance
06:07:14,1 days,advance
06:11:59,0 days,off-peak
06:12:27,0 days,off-peak
06:13:29,0 days,off-peak
06:13:56,0 days,off-peak
06:23:14,0 days,off-peak
06:24:20,1 days,advance
06:25:04,1 days,advance
06:31:11,1 days,advance
06:31:12,0 days,off-peak
06:37:13,0 days,off-peak
06:39:58,1 days,advance
06:41:54,0 days,off-peak
06:42:22,0 days,off-peak
06:59:12,0 days,off-peak
07:16:34,1 days,advance
07:17:27,0 days,off-peak
07:17:40,0 days,off-peak
07:21:56,1 days,advance
07:27:25,0 days,off-peak
07:28:32,0 days,off-peak
07:28:50,0 days,off-peak
07:34:14,0 days,off-peak
07:39:15,0 days,off-peak
07:45:42,1 days,advance
07:53:06,0 days,off-peak
07:56:25,1 days,advance
07:56:55,1 days,advance
07:57:33,1 days,advance
08:01:30,1 days,advance
08:01:43,1 days,advance
08:04:36,1 days,advance
08:05:48,1 days,advance
08:23:00,1 days,advance
08:27:39,1 days,advance
08:37:08,1 days,advance
08:54:10,1 days,advance
09:03:04,1 days,advance
09:03:15,1 days,advance
09:04:08,1 days,advance
09:05:38,1 days,advance
09:08:21,1 days,advance
09:11:36,1 days,advance
09:11:49,1 days,advance
09:20:07,1 days,advance
09:21:58,0 days,off-peak
09:32:55,1 days,advance
09:34:18,1 days,advance
09:36:40,0 days,off-peak
09:38:55,1 days,advance
09:40:36,1 days,advance
09:42:50,0 days,off-peak
09:51:48,1 days,advance
10:00:47,1 days,advance
10:19:32,0 days,off-peak
10:24:58,1 days,advance
10:30:37,0 days,off-peak
10:38:14,0 days,off-peak
10:39:06,0 days,off-peak
10:39:14,1 days,advance
10:40:45,0 days,off-peak
10:44:21,0 days,off-peak
11:02:59,1 days,advance
11:24:44,0 days,off-peak
11:25:02,0 days,off-peak
11:26:54,0 days,off-peak
11:55:22,0 days,off-peak
12:20:27,0 days,off-peak
12:23:07,0 days,off-peak
12:23:34,0 days,off-peak
12:25:10,0 days,off-peak
12:29:33,1 days,advance
12:37:39,1 days,advance
12:38:28,1 days,advance
12:43:59,0 days,off-peak
12:59:53,0 days,off-peak
12:59:57,0 days,off-peak
13:02:38,0 days,off-peak
13:08:05,0 days,off-peak
13:12:48,0 days,off-peak
13:21:55,0 days,off-peak
13:28:09,1 days,advance
13:38:36,1 days,advance
13:41:13,1 days,advance
13:44:48,1 days,advance
14:18:37,1 days,advance
14:26:27,0 days,off-peak
14:31:25,0 days,off-peak
14:31:59,0 days,off-peak
14:36:09,0 days,off-peak
14:40:17,0 days,off-peak
14:40:56,0 days,off-peak
14:42:25,0 days,off-peak
14:46:55,0 days,off-peak
14:48:33,1 days,advance
14:49:15,0 days,off-peak
14:50:28,1 days,advance
14:50:55,0 days,off-peak
14:52:16,1 days,advance
14:55:02,0 days,off-peak
14:58:43,26 days,advance
15:00:25,1 days,advance
15:03:02,1 days,advance
15:05:55,0 days,off-peak
15:20:01,0 days,off-peak
15:33:27,0 days,off-peak
15:33:48,0 days,off-peak
15:45:32,1 days,advance
15:47:29,1 days,advance
15:58:28,0 days,off-peak
16:06:44,0 days,off-peak
16:06:54,0 days,off-peak
16:11:58,0 days,off-peak
16:17:59,1 days,advance
16:25:46,1 days,advance
17:00:20,0 days,off-peak
17:12:34,1 days,advance
17:13:47,0 days,off-peak
17:16:11,0 days,off-peak
17:17:22,1 days,advance
17:18:24,0 days,off-peak
17:19:24,0 days,off-peak
17:22:21,0 days,off-peak
17:22:44,0 days,off-peak
17:24:32,1 days,advance
17:25:46,0 days,off-peak
17:26:40,0 days,off-peak
17:29:23,0 days,off-peak
17:30:46,1 days,advance
17:30:59,0 days,off-peak
17:35:40,1 days,advance
17:41:48,1 days,advance
17:42:51,1 days,advance
17:57:57,1 days,advance
18:12:25,1 days,advance
18:13:15,1 days,advance
18:13:20,1 days,advance
18:14:49,0 days,off-peak
18:16:17,0 days,off-peak
18:17:20,0 days,off-peak
18:17:21,0 days,off-peak
18:21:53,0 days,off-peak
18:22:13,0 days,off-peak
18:30:05,1 days,advance
18:30:57,1 days,advance
18:38:42,0 days,off-peak
18:38:46,0 days,off-peak
18:40:47,0 days,off-peak
18:41:03,1 days,advance
18:41:05,0 days,off-peak
18:51:52,1 days,advance
18:55:03,1 days,advance
18:58:10,1 days,advance
19:07:06,0 days,off-peak
19:20:51,1 days,advance
19:22:42,1 days,advance
19:23:45,1 days,advance
19:30:46,1 days,advance
19:31:48,1 days,advance
19:32:29,1 days,advance
19:32:37,1 days,advance
19:36:10,1 days,advance
19:36:39,1 days,advance
19:38:02,0 days,off-peak
19:38:38,1 days,advance
19:40:41,1 days,advance
19:45:06,1 days,advance
19:54:40,0 days,off-peak
20:03:16,0 days,off-peak
20:07:45,0 days,off-peak
20:09:49,1 days,advance
20:16:19,1 days,advance
20:20:14,1 days,advance
20:21:10,1 days,advance
20:21:29,1 days,advance
20:23:46,1 days,advance
20:24:02,1 days,advance
20:24:06,1 days,advance
20:24:26,1 days,advance
20:30:15,1 days,advance
20:34:20,1 days,advance
20:38:15,1 days,advance
20:46:09,0 days,off-peak
20:52:12,0 days,off-peak
20:54:40,1 days,advance
20:56:43,1 days,advance
20:57:52,0 days,off-peak
20:59:57,0 days,off-peak
21:29:59,1 days,advance
21:44:25,1 days,advance
21:48:26,1 days,advance
21:56:32,1 days,advance
22:30:48,1 days,advance
22:34:06,1 days,advance
22:41:50,1 days,advance
22:41:55,1 days,advance
23:02:09,1 days,advance
23:02:26,1 days,advance
23:04:40,1 days,advance
23:10:24,1 days,advance
00:07:14,1 days,advance
00:08:42,1 days,advance
00:14:17,0 days,off-peak
00:14:43,0 days,off-peak
00:17:58,1 days,advance
00:19:56,0 days,off-peak
00:24:18,0 days,off-peak
00:27:06,0 days,off-peak
00:31:28,2 days,advance
00:31:54,0 days,off-peak
00:32:17,0 days,off-peak
01:12:16,0 days,off-peak
01:13:44,1 days,advance
01:22:56,1 days,advance
01:24:01,1 days,advance
01:33:19,1 days,advance
01:40:36,1 days,advance
01:44:27,0 days,off-peak
01:44:58,1 days,advance
01:59:57,1 days,advance
02:03:37,0 days,off-peak
02:09:16,1 days,advance
02:12:12,0 days,off-peak
02:14:39,0 days,off-peak
03:00:43,0 days,off-peak
03:08:03,1 days,advance
03:10:48,0 days,off-peak
03:11:47,1 days,advance
03:20:10,0 days,off-peak
03:24:14,1 days,advance
03:36:26,1 days,advance
03:38:37,1 days,advance
03:40:56,1 days,advance
03:42:34,1 days,advance
03:55:25,1 days,advance
04:14:59,0 days,off-peak
04:27:35,0 days,off-peak
04:43:32,1 days,advance
04:49:32,0 days,off-peak
04:50:31,0 days,off-peak
04:50:44,0 days,off-peak
04:53:51,0 days,off-peak
04:56:19,0 days,off-peak
04:58:21,0 days,off-peak
04:59:26,0 days,off-peak
05:00:58,0 days,off-peak
05:03:53,0 days,off-peak
05:05:26,0 days,off-peak
05:10:01,0 days,off-peak
05:14:58,0 days,off-peak
05:19:44,0 days,off-peak
05:41:14,0 days,off-peak
05:45:08,0 days,off-peak
05:47:47,0 days,off-peak
05:59:34,0 days,off-peak
06:00:10,0 days,off-peak
06:04:50,1 days,advance
06:06:24,1 days,advance
06:07:49,0 days,off-peak
06:08:11,0 days,off-peak
06:10:29,1 days,advance
06:11:28,0 days,off-peak
06:18:47,0 days,off-peak
06:30:18,0 days,off-peak
06:31:16,0 days,off-peak
06:41:48,0 days,off-peak
06:58:04,0 days,off-peak
07:16:39,0 days,off-peak
07:21:56,0 days,off-peak
07:24:35,0 days,off-peak
07:27:42,0 days,off-peak
07:28:06,1 days,advance
07:28:32,0 days,off-peak
07:33:57,0 days,off-peak
07:36:24,0 days,off-peak
07:41:07,1 days,advance
07:41:13,0 days,off-peak
07:44:38,0 days,off-peak
07:47:29,1 days,advance
07:50:49,1 days,advance
07:54:43,1 days,advance
07:54:43,1 days,advance
07:55:45,1 days,advance
07:58:25,0 days,off-peak
07:59:52,0 days,off-peak
08:00:43,1 days,advance
08:04:32,1 days,advance
08:06:57,0 days,off-peak
08:09:31,1 days,advance
08:11:28,1 days,advance
08:13:11,1 days,advance
08:13:13,1 days,advance
08:14:29,1 days,advance
08:20:55,1 days,advance
08:21:17,1 days,advance
08:25:34,1 days,advance
08:26:35,1 days,advance
08:28:14,1 days,advance
08:29:38,0 days,off-peak
08:38:48,0 days,off-peak
08:40:15,0 days,off-peak
08:52:48,1 days,advance
08:54:58,1 days,advance
09:00:07,1 days,advance
09:00:33,1 days,advance
09:02:46,1 days,advance
09:03:10,1 days,advance
09:03:33,0 days,off-peak
09:04:22,1 days,advance
09:04:36,1 days,advance
09:05:06,1 days,advance
09:06:13,1 days,advance
09:11:38,0 days,off-peak
09:11:58,1 days,advance
09:12:56,1 days,advance
09:14:13,0 days,off-peak
09:14:46,1 days,advance
09:32:06,0 days,off-peak
09:33:16,1 days,advance
09:35:54,1 days,advance
09:38:29,1 days,advance
09:43:35,1 days,advance
09:53:00,0 days,off-peak
09:53:30,0 days,off-peak
09:59:43,1 days,advance
10:20:55,1 days,advance
10:23:31,0 days,off-peak
10:43:21,1 days,advance
10:44:02,0 days,off-peak
10:49:02,0 days,off-peak
10:49:36,1 days,advance
10:54:27,1 days,advance
11:06:55,1 days,advance
11:07:40,1 days,advance
11:10:24,1 days,advance
11:18:35,0 days,off-peak
11:30:36,0 days,off-peak
11:35:56,0 days,off-peak
11:47:38,0 days,off-peak
11:51:45,0 days,off-peak
11:52:46,0 days,off-peak
11:58:47,1 days,advance
12:00:07,1 days,advance
12:04:30,1 days,advance
12:05:52,0 days,off-peak
12:35:29,1 days,advance
12:36:40,1 days,advance
12:42:44,1 days,advance
12:44:54,1 days,advance
12:46:13,0 days,off-peak
12:50:33,0 days,off-peak
12:53:57,0 days,off-peak
13:07:17,0 days,off-peak
13:25:37,1 days,advance
13:40:28,0 days,off-peak
13:47:22,0 days,off-peak
14:06:35,0 days,off-peak
14:12:28,0 days,off-peak
14:15:09,0 days,off-peak
14:19:29,1 days,advance
14:22:55,0 days,off-peak
14:23:08,1 days,advance
14:26:28,0 days,off-peak
14:32:48,1 days,advance
14:39:10,0 days,off-peak
14:40:06,0 days,off-peak
14:43:14,0 days,off-peak
14:46:49,1 days,advance
14:48:51,1 days,advance
14:52:59,0 days,off-peak
14:58:32,0 days,off-peak
15:03:37,0 days,off-peak
15:10:51,0 days,off-peak
15:13:36,0 days,off-peak
15:18:12,1 days,advance
15:33:46,0 days,off-peak
15:35:38,1 days,advance
15:46:02,1 days,advance
15:52:41,0 days,off-peak
15:54:59,0 days,off-peak
15:56:01,1 days,advance
15:57:57,0 days,off-peak
15:59:45,0 days,off-peak
16:05:08,1 days,advance
16:08:24,1 days,advance
16:12:19,0 days,off-peak
16:14:06,0 days,off-peak
16:15:58,0 days,off-peak
16:16:03,0 days,off-peak
16:18:30,1 days,advance
16:21:31,0 days,off-peak
16:21:50,1 days,advance
16:41:47,1 days,advance
16:52:14,1 days,advance
16:52:56,1 days,advance
17:00:13,1 days,advance
17:08:22,1 days,advance
17:12:37,1 days,advance
17:16:31,0 days,off-peak
17:16:33,0 days,off-peak
17:18:03,0 days,off-peak
17:18:18,0 days,off-peak
17:18:23,0 days,off-peak
17:22:29,0 days,off-peak
17:24:01,0 days,off-peak
17:26:26,0 days,off-peak
17:28:57,1 days,advance
17:29:21,0 days,off-peak
17:29:26,0 days,off-peak
17:35:35,1 days,advance
17:36:07,1 days,advance
17:38:35,1 days,advance
17:41:49,1 days,advance
17:43:42,1 days,advance
17:47:08,1 days,advance
17:48:13,1 days,advance
17:50:13,1 days,advance
17:52:11,1 days,advance
17:57:35,1 days,advance
18:05:00,1 days,advance
18:14:35,0 days,off-peak
18:31:43,0 days,off-peak
18:32:14,1 days,advance
18:34:16,0 days,off-peak
18:34:17,1 days,advance
18:35:03,1 days,advance
18:35:19,1 days,advance
18:39:01,1 days,advance
18:52:17,1 days,advance
19:03:08,0 days,off-peak
19:22:51,0 days,off-peak
19:23:22,1 days,advance
19:24:14,1 days,advance
19:32:57,1 days,advance
19:36:50,1 days,advance
19:38:49,1 days,advance
19:42:34,1 days,advance
19:43:48,1 days,advance
19:46:39,1 days,advance
20:01:37,1 days,advance
20:07:26,1 days,advance
20:07:48,0 days,off-peak
20:10:33,0 days,off-peak
20:12:47,1 days,advance
20:15:48,1 days,advance
20:18:10,1 days,advance
20:22:56,1 days,advance
20:23:11,1 days,advance
20:26:19,1 days,advance
20:26:33,1 days,advance
20:27:17,1 days,advance
20:30:53,1 days,advance
20:32:32,1 days,advance
20:34:31,0 days,off-peak
20:50:40,0 days,off-peak
21:28:49,1 days,advance
21:35:34,1 days,advance
21:42:49,1 days,advance
21:45:41,1 days,advance
21:46:41,1 days,advance
21:57:35,1 days,advance
21:58:13,1 days,advance
22:20:09,1 days,advance
22:34:55,1 days,advance
22:35:53,1 days,advance
23:03:15,1 days,advance
23:07:29,1 days,advance
23:10:17,1 days,advance
23:37:46,1 days,advance
23:50:51,1 days,advance
23:52:34,1 days,advance
00:00:29,0 days,off-peak
00:07:59,0 days,off-peak
00:10:15,0 days,off-peak
00:20:50,0 days,off-peak
00:23:11,2 days,advance
00:24:11,2 days,advance
00:25:42,0 days,off-peak
00:26:37,0 days,off-peak
00:40:50,0 days,off-peak
00:41:34,0 days,off-peak
00:46:07,0 days,off-peak
00:47:48,0 days,off-peak
01:02:44,0 days,off-peak
01:04:34,0 days,off-peak
01:06:50,1 days,advance
01:07:14,0 days,off-peak
01:07:38,1 days,advance
01:12:13,0 days,off-peak
01:17:55,0 days,off-peak
01:18:31,0 days,off-peak
01:19:45,0 days,off-peak
01:24:02,0 days,off-peak
01:24:05,1 days,advance
01:26:19,1 days,advance
01:41:14,1 days,advance
01:56:12,1 days,advance
02:02:12,1 days,advance
02:12:09,0 days,off-peak
02:13:10,1 days,advance
02:14:30,1 days,advance
02:15:20,0 days,off-peak
02:34:07,1 days,advance
02:46:49,0 days,off-peak
03:00:04,0 days,off-peak
03:00:41,0 days,off-peak
03:23:36,0 days,off-peak
03:29:59,1 days,advance
03:30:38,1 days,advance
03:32:06,1 days,advance
03:36:32,1 days,advance
03:46:49,0 days,off-peak
03:53:31,0 days,off-peak
03:56:49,1 days,advance
04:01:51,1 days,advance
04:10:32,1 days,advance
04:16:37,0 days,off-peak
04:20:22,1 days,advance
04:25:28,1 days,advance
04:35:56,0 days,anytime
04:39:03,1 days,advance
04:47:32,0 days,anytime
04:48:18,0 days,anytime
04:49:36,0 days,anytime
04:50:19,0 days,anytime
05:05:58,0 days,anytime
05:07:27,0 days,anytime
05:11:29,0 days,anytime
05:16:01,0 days,anytime
05:16:42,0 days,anytime
05:29:39,0 days,anytime
05:46:24,1 days,advance
05:50:16,0 days,anytime
05:54:09,1 days,advance
05:54:17,0 days,anytime
06:00:39,0 days,anytime
06:03:14,1 days,advance
06:05:36,0 days,anytime
06:06:47,1 days,advance
06:09:14,0 days,anytime
06:12:01,0 days,anytime
06:12:08,0 days,anytime
06:13:37,0 days,anytime
06:24:45,1 days,advance
06:31:02,0 days,anytime
06:32:44,0 days,anytime
06:36:41,0 days,anytime
06:37:42,0 days,anytime
06:38:04,1 days,advance
06:38:14,1 days,advance
06:43:27,0 days,anytime
06:44:42,0 days,anytime
06:52:03,0 days,anytime
06:57:07,1 days,advance
06:57:13,0 days,anytime
06:57:45,1 days,advance
07:18:19,0 days,anytime
07:23:26,0 days,anytime
07:27:28,0 days,anytime
07:35:30,0 days,off-peak
07:45:34,0 days,off-peak
07:48:36,1 days,advance
07:49:07,1 days,advance
07:51:39,0 days,off-peak
07:54:11,0 days,anytime
07:57:20,1 days,advance
07:58:23,0 days,off-peak
08:00:54,1 days,advance
08:03:19,1 days,advance
08:03:23,1 days,advance
08:04:17,1 days,advance
08:08:49,1 days,advance
08:09:01,1 days,advance
08:09:08,1 days,advance
08:09:34,1 days,advance
08:10:07,1 days,advance
08:13:46,1 days,advance
08:15:23,1 days,advance
08:16:09,1 days,advance
08:16:46,1 days,advance
08:21:10,1 days,advance
08:22:48,1 days,advance
08:23:01,1 days,advance
08:23:05,1 days,advance
08:26:28,1 days,advance
08:27:58,1 days,advance
08:28:23,1 days,advance
09:00:56,1 days,advance
09:02:07,1 days,advance
09:05:57,1 days,advance
09:06:13,1 days,advance
09:08:08,1 days,advance
09:09:28,1 days,advance
09:09:56,1 days,advance
09:11:00,1 days,advance
09:11:10,1 days,advance
09:11:49,1 days,advance
09:29:26,0 days,off-peak
09:32:20,1 days,advance
09:33:03,0 days,off-peak
09:34:38,0 days,off-peak
09:35:40,1 days,advance
09:38:46,0 days,off-peak
09:41:25,0 days,off-peak
09:41:45,1 days,advance
09:42:34,1 days,advance
09:49:15,1 days,advance
09:53:29,0 days,off-peak
10:19:03,1 days,advance
10:22:42,1 days,advance
10:25:14,0 days,off-peak
10:25:32,0 days,off-peak
10:29:55,0 days,off-peak
10:34:24,1 days,advance
10:35:39,1 days,advance
10:37:21,1 days,advance
10:50:59,1 days,advance
10:51:04,0 days,off-peak
11:03:59,0 days,off-peak
11:09:43,1 days,advance
11:15:23,1 days,advance
11:31:25,0 days,off-peak
11:34:20,1 days,advance
11:34:25,0 days,off-peak
11:42:27,0 days,off-peak
11:46:33,0 days,off-peak
11:51:02,0 days,off-peak
11:56:29,0 days,off-peak
12:07:27,1 days,advance
12:08:59,0 days,off-peak
12:10:50,0 days,off-peak
12:12:52,1 days,advance
12:24:22,0 days,off-peak
12:32:05,1 days,advance
12:32:30,0 days,off-peak
12:42:18,0 days,off-peak
12:57:29,0 days,off-peak
13:10:06,0 days,off-peak
13:30:05,1 days,advance
13:36:44,0 days,off-peak
14:21:48,0 days,off-peak
14:26:51,0 days,off-peak
14:27:15,1 days,advance
14:33:03,1 days,advance
14:33:54,0 days,anytime
14:37:22,1 days,advance
14:38:24,0 days,anytime
14:38:46,1 days,advance
14:42:39,0 days,anytime
14:44:33,1 days,advance
14:45:13,0 days,anytime
14:45:19,1 days,advance
14:50:22,0 days,anytime
14:55:17,0 days,anytime
14:56:21,0 days,anytime
14:58:17,1 days,advance
14:58:41,1 days,advance
14:59:00,0 days,anytime
15:04:38,0 days,anytime
15:04:45,0 days,anytime
15:05:17,1 days,advance
15:11:17,0 days,off-peak
15:15:13,0 days,anytime
15:15:19,0 days,anytime
15:19:13,1 days,advance
15:20:33,1 days,advance
15:20:44,0 days,anytime
15:20:59,0 days,anytime
15:23:13,0 days,anytime
15:30:53,0 days,anytime
15:43:52,1 days,advance
15:52:48,0 days,anytime
15:53:39,1 days,advance
16:01:50,0 days,anytime
16:05:28,0 days,anytime
16:07:49,0 days,anytime
16:10:08,0 days,anytime
16:12:11,0 days,anytime
16:17:05,0 days,anytime
16:18:26,1 days,advance
16:58:04,1 days,advance
17:04:34,0 days,anytime
17:12:03,0 days,anytime
17:15:55,0 days,anytime
17:16:07,0 days,anytime
17:19:54,0 days,anytime
17:21:48,0 days,anytime
17:22:12,0 days,anytime
17:22:36,0 days,anytime
17:25:21,0 days,anytime
17:26:11,0 days,anytime
17:27:07,1 days,advance
17:27:57,0 days,anytime
17:30:49,1 days,advance
17:31:48,0 days,off-peak
17:38:20,1 days,advance
17:42:02,0 days,off-peak
17:55:17,1 days,advance
17:59:25,1 days,advance
18:09:14,1 days,advance
18:10:07,0 days,off-peak
18:13:21,1 days,advance
18:14:27,0 days,anytime
18:15:21,0 days,anytime
18:28:32,0 days,off-peak
18:32:13,0 days,off-peak
18:34:19,1 days,advance
18:34:28,27 days,advance
18:34:47,0 days,off-peak
18:46:36,1 days,advance
18:46:41,0 days,off-peak
18:56:48,1 days,advance
18:58:21,1 days,advance
19:04:27,0 days,off-peak
19:21:24,1 days,advance
19:21:51,0 days,off-peak
19:23:00,1 days,advance
19:23:01,1 days,advance
19:24:34,1 days,advance
19:28:26,1 days,advance
19:29:59,1 days,advance
19:31:10,1 days,advance
19:31:37,1 days,advance
19:35:49,1 days,advance
19:42:34,1 days,advance
20:01:51,1 days,advance
20:16:59,1 days,advance
20:17:32,1 days,advance
20:18:36,1 days,advance
20:19:29,1 days,advance
20:19:57,1 days,advance
20:20:39,1 days,advance
20:20:41,1 days,advance
20:22:10,1 days,advance
20:22:34,1 days,advance
20:23:25,1 days,advance
20:27:14,1 days,advance
20:27:27,1 days,advance
20:27:46,1 days,advance
20:28:45,1 days,advance
20:28:45,1 days,advance
20:28:52,1 days,advance
20:29:05,1 days,advance
20:33:18,1 days,advance
20:35:47,0 days,off-peak
20:37:09,0 days,off-peak
20:38:18,1 days,advance
20:40:33,0 days,off-peak
20:53:11,0 days,off-peak
21:30:49,27 days,advance
21:37:06,1 days,advance
21:40:37,1 days,advance
21:53:56,1 days,advance
21:56:03,1 days,advance
22:05:38,1 days,advance
22:34:00,1 days,advance
22:42:29,1 days,advance
23:01:12,1 days,advance
23:05:57,1 days,advance
23:08:47,1 days,advance
23:10:20,1 days,advance
23:15:49,1 days,advance
23:33:01,1 days,advance
23:35:16,1 days,advance
23:38:06,1 days,advance
23:49:42,1 days,advance
23:55:05,1 days,advance
00:24:57,2 days,advance
00:27:53,0 days,off-peak
00:40:35,0 days,off-peak
00:41:03,0 days,off-peak
00:44:07,0 days,off-peak
00:44:23,0 days,off-peak
00:46:44,0 days,off-peak
00:51:48,1 days,advance
00:53:15,0 days,off-peak
01:13:24,1 days,advance
01:19:25,0 days,off-peak
01:21:11,1 days,advance
01:22:41,0 days,off-peak
01:49:22,1 days,advance
01:54:33,1 days,advance
02:01:43,1 days,advance
02:03:57,0 days,off-peak
02:06:38,1 days,advance
02:14:34,1 days,advance
02:21:45,0 days,off-peak
02:46:34,0 days,off-peak
02:53:19,0 days,off-peak
03:01:15,0 days,off-peak
03:14:42,0 days,off-peak
03:15:31,1 days,advance
03:37:31,0 days,off-peak
03:43:06,0 days,off-peak
04:02:06,0 days,off-peak
04:25:51,0 days,off-peak
04:28:00,1 days,advance
04:29:21,1 days,advance
04:34:06,1 days,advance
04:41:05,1 days,advance
04:46:16,0 days,anytime
04:49:11,0 days,anytime
04:50:50,0 days,anytime
04:52:35,1 days,advance
05:02:57,0 days,anytime
05:08:42,0 days,anytime
05:10:16,0 days,anytime
05:10:40,0 days,anytime
05:12:16,0 days,anytime
05:15:43,0 days,anytime
05:18:56,0 days,anytime
05:37:02,1 days,advance
05:38:26,0 days,anytime
05:38:34,0 days,anytime
05:50:09,1 days,advance
05:50:33,1 days,advance
05:50:49,1 days,advance
05:51:30,0 days,anytime
05:52:17,0 days,anytime
05:52:31,0 days,anytime
05:56:49,0 days,anytime
05:57:06,1 days,advance
06:00:17,1 days,advance
06:05:50,0 days,anytime
06:06:13,1 days,advance
06:07:47,0 days,anytime
06:09:56,0 days,anytime
06:11:41,0 days,anytime
06:12:12,0 days,anytime
06:13:34,0 days,anytime
06:15:12,0 days,anytime
06:32:24,0 days,anytime
06:33:37,0 days,anytime
06:36:39,0 days,anytime
06:39:45,0 days,anytime
06:43:07,0 days,anytime
06:43:28,0 days,anytime
06:43:34,1 days,advance
06:46:04,1 days,advance
06:56:56,1 days,advance
06:57:05,0 days,anytime
06:57:58,0 days,anytime
06:59:46,1 days,advance
07:02:30,0 days,anytime
07:03:33,1 days,advance
07:17:49,0 days,anytime
07:18:05,0 days,anytime
07:18:33,0 days,anytime
07:24:17,0 days,anytime
07:25:00,0 days,anytime
07:28:44,0 days,anytime
07:34:04,0 days,off-peak
07:35:32,0 days,off-peak
07:40:50,0 days,off-peak
07:43:41,0 days,off-peak
07:52:38,1 days,advance
07:53:21,1 days,advance
07:54:37,1 days,advance
07:59:00,1 days,advance
08:12:40,1 days,advance
08:12:51,1 days,advance
08:14:43,1 days,advance
08:15:35,1 days,advance
08:16:54,1 days,advance
08:16:59,1 days,advance
08:20:51,1 days,advance
08:21:17,1 days,advance
08:25:13,1 days,advance
08:28:50,1 days,advance
08:46:54,0 days,off-peak
09:03:35,1 days,advance
09:07:07,1 days,advance
09:07:58,1 days,advance
09:08:23,1 days,advance
09:08:48,1 days,advance
09:09:09,1 days,advance
09:28:42,1 days,advance
09:30:57,1 days,advance
09:31:25,1 days,advance
09:32:16,1 days,advance
09:36:16,1 days,advance
09:38:23,1 days,advance
09:38:35,1 days,advance
09:39:03,1 days,advance
09:43:30,0 days,off-peak
09:44:39,1 days,advance
09:49:28,0 days,off-peak
10:03:35,1 days,advance
10:10:31,0 days,off-peak
10:22:02,1 days,advance
10:24:34,0 days,off-peak
10:25:44,0 days,off-peak
10:38:18,1 days,advance
10:43:28,0 days,off-peak
10:48:30,0 days,off-peak
10:52:23,1 days,advance
10:54:02,1 days,advance
10:55:06,1 days,advance
11:04:42,1 days,advance
11:05:34,0 days,off-peak
11:31:32,0 days,off-peak
11:35:09,0 days,off-peak
11:38:53,0 days,off-peak
11:46:18,0 days,off-peak
11:46:49,0 days,off-peak
11:56:54,0 days,off-peak
12:03:19,1 days,advance
12:05:22,1 days,advance
12:26:06,1 days,advance
12:43:32,0 days,off-peak
13:30:09,1 days,advance
14:24:04,0 days,off-peak
14:28:34,1 days,advance
14:32:59,1 days,advance
14:44:32,0 days,anytime
14:51:14,1 days,advance
14:55:17,0 days,anytime
14:55:30,1 days,advance
14:55:58,0 days,anytime
14:57:35,0 days,anytime
15:03:09,0 days,off-peak
15:19:00,0 days,anytime
15:21:43,0 days,anytime
15:21:53,0 days,anytime
15:24:29,0 days,anytime
15:31:36,1 days,advance
15:45:32,0 days,anytime
15:48:28,0 days,anytime
15:54:02,0 days,anytime
15:56:55,0 days,anytime
16:16:56,1 days,advance
16:18:01,1 days,advance
16:23:27,0 days,anytime
16:23:38,1 days,advance
16:26:05,1 days,advance
16:45:05,0 days,anytime
16:56:31,1 days,advance
17:09:23,1 days,advance
17:10:14,0 days,anytime
17:13:16,1 days,advance
17:17:40,1 days,advance
17:22:01,1 days,advance
17:23:54,0 days,anytime
17:24:13,1 days,advance
17:24:46,0 days,anytime
17:25:01,1 days,advance
17:25:20,0 days,anytime
17:27:55,1 days,advance
17:31:34,1 days,advance
17:32:11,1 days,advance
17:35:34,1 days,advance
17:39:21,1 days,advance
17:39:40,1 days,advance
17:39:50,1 days,advance
17:45:00,0 days,off-peak
17:46:52,1 days,advance
17:49:11,1 days,advance
17:49:53,1 days,advance
17:50:15,1 days,advance
17:50:58,1 days,advance
17:55:25,0 days,off-peak
18:04:22,0 days,off-peak
18:10:27,1 days,advance
18:10:45,1 days,advance
18:18:35,0 days,anytime
18:23:47,0 days,anytime
18:24:10,0 days,anytime
18:32:04,1 days,advance
18:33:21,1 days,advance
18:37:17,1 days,advance
18:38:31,1 days,advance
18:39:15,1 days,advance
18:43:35,0 days,off-peak
18:45:21,0 days,off-peak
18:46:27,1 days,advance
18:49:08,0 days,off-peak
18:51:30,0 days,off-peak
18:54:15,1 days,advance
19:19:04,1 days,advance
19:26:09,1 days,advance
19:26:53,1 days,advance
19:27:09,1 days,advance
19:32:53,1 days,advance
19:37:47,1 days,advance
19:40:55,1 days,advance
19:51:49,0 days,off-peak
20:03:04,1 days,advance
20:03:20,1 days,advance
20:07:30,0 days,off-peak
20:13:05,1 days,advance
20:17:27,1 days,advance
20:17:56,1 days,advance
20:20:03,1 days,advance
20:20:20,1 days,advance
20:20:51,1 days,advance
20:21:06,1 days,advance
20:21:43,1 days,advance
20:22:15,1 days,advance
20:27:03,1 days,advance
20:28:12,1 days,advance
20:28:46,1 days,advance
20:29:33,1 days,advance
20:29:49,1 days,advance
20:29:52,1 days,advance
20:30:21,1 days,advance
20:38:36,1 days,advance
20:40:22,0 days,off-peak
20:45:34,0 days,off-peak
20:55:35,1 days,advance
20:57:10,0 days,off-peak
21:44:05,1 days,advance
21:48:35,1 days,advance
21:49:40,1 days,advance
22:23:58,1 days,advance
22:35:57,1 days,advance
23:01:18,1 days,advance
23:09:23,1 days,advance
23:12:14,1 days,advance
23:28:12,1 days,advance
23:32:37,1 days,advance
23:46:36,1 days,advance
00:13:06,0 days,off-peak
00:50:25,0 days,off-peak
00:55:59,0 days,off-peak
01:09:06,0 days,off-peak
01:10:12,1 days,advance
01:11:11,1 days,advance
01:18:38,0 days,off-peak
01:25:37,1 days,advance
01:25:56,1 days,advance
01:30:03,1 days,advance
01:36:23,1 days,advance
01:39:26,1 days,advance
01:43:43,1 days,advance
02:00:27,1 days,advance
02:06:31,1 days,advance
02:08:56,1 days,advance
02:09:34,1 days,advance
02:58:59,0 days,off-peak
03:07:51,1 days,advance
03:14:05,0 days,off-peak
03:20:09,0 days,off-peak
03:22:25,1 days,advance
03:32:34,0 days,off-peak
03:32:46,1 days,advance
03:36:53,1 days,advance
03:43:24,1 days,advance
03:44:22,1 days,advance
04:07:33,0 days,off-peak
04:24:25,0 days,off-peak
04:27:19,1 days,advance
04:31:22,0 days,anytime
04:47:11,0 days,anytime
04:47:16,0 days,anytime
04:48:46,0 days,anytime
04:49:07,0 days,anytime
04:49:54,0 days,anytime
04:54:05,0 days,anytime
04:54:43,0 days,anytime
05:01:11,0 days,anytime
05:06:31,1 days,advance
05:07:13,0 days,anytime
05:09:50,0 days,anytime
05:10:28,0 days,anytime
05:13:31,0 days,anytime
05:24:47,0 days,anytime
05:26:45,0 days,anytime
05:27:32,0 days,anytime
05:31:42,1 days,advance
05:34:07,0 days,anytime
05:42:56,0 days,anytime
05:52:30,0 days,off-peak
05:52:47,1 days,advance
05:55:03,1 days,advance
05:55:30,1 days,advance
06:02:58,1 days,advance
06:03:18,0 days,anytime
06:12:31,1 days,advance
06:14:54,0 days,anytime
06:16:00,1 days,advance
06:32:24,0 days,anytime
06:33:09,0 days,anytime
06:35:18,1 days,advance
06:37:21,0 days,anytime
06:39:08,1 days,advance
06:40:48,0 days,anytime
06:41:12,0 days,anytime
06:43:14,0 days,anytime
06:54:19,0 days,anytime
06:55:38,0 days,anytime
07:02:36,0 days,anytime
07:04:34,1 days,advance
07:16:26,0 days,anytime
07:19:15,1 days,advance
07:19:31,0 days,anytime
07:21:53,0 days,anytime
07:22:41,0 days,anytime
07:22:48,0 days,anytime
07:42:43,0 days,anytime
07:44:08,0 days,off-peak
07:44:16,0 days,off-peak
07:50:38,1 days,advance
07:52:20,1 days,advance
07:53:02,1 days,advance
07:54:50,0 days,off-peak
07:55:56,1 days,advance
07:59:24,1 days,advance
08:01:40,1 days,advance
08:03:04,1 days,advance
08:05:12,1 days,advance
08:06:22,1 days,advance
08:07:45,1 days,advance
08:10:02,1 days,advance
08:13:05,1 days,advance
08:15:00,1 days,advance
08:17:30,1 days,advance
08:19:14,1 days,advance
08:20:33,1 days,advance
08:20:46,1 days,advance
08:21:23,1 days,advance
08:22:34,1 days,advance
08:23:01,1 days,advance
08:24:13,1 days,advance
08:28:00,1 days,advance
08:28:00,1 days,advance
08:29:11,1 days,advance
08:38:22,1 days,advance
08:52:27,1 days,advance
09:06:05,1 days,advance
09:10:47,1 days,advance
09:12:50,1 days,advance
09:26:51,0 days,off-peak
09:29:28,0 days,off-peak
09:30:34,1 days,advance
09:32:08,1 days,advance
09:35:49,1 days,advance
09:36:33,1 days,advance
09:36:46,1 days,advance
09:36:51,1 days,advance
09:41:10,1 days,advance
09:43:24,1 days,advance
09:44:08,1 days,advance
09:50:14,1 days,advance
09:51:21,0 days,off-peak
09:59:33,1 days,advance
09:59:34,0 days,off-peak
10:00:12,1 days,advance
10:16:00,0 days,off-peak
10:20:51,1 days,advance
10:30:39,1 days,advance
10:30:51,0 days,off-peak
10:32:10,1 days,advance
10:37:07,0 days,off-peak
10:37:55,0 days,off-peak
10:42:37,1 days,advance
10:43:09,0 days,off-peak
10:47:38,0 days,off-peak
10:53:33,0 days,off-peak
10:57:46,0 days,off-peak
11:24:37,0 days,off-peak
11:35:06,1 days,advance
11:48:06,0 days,off-peak
11:49:04,1 days,advance
11:50:00,0 days,off-peak
12:04:03,0 days,off-peak
12:05:02,0 days,off-peak
12:08:39,0 days,off-peak
12:09:15,0 days,off-peak
12:17:26,0 days,off-peak
12:35:08,1 days,advance
12:35:48,1 days,advance
12:44:20,26 days,advance
12:55:35,0 days,off-peak
13:20:30,1 days,advance
13:30:59,0 days,off-peak
13:32:58,0 days,off-peak
13:33:45,1 days,advance
13:51:55,0 days,off-peak
14:09:07,0 days,off-peak
14:17:26,0 days,off-peak
14:17:46,0 days,off-peak
14:20:21,0 days,off-peak
14:27:03,1 days,advance
14:29:45,1 days,advance
14:36:15,0 days,anytime
14:40:11,0 days,anytime
14:42:27,0 days,anytime
14:43:38,0 days,anytime
14:48:39,0 days,anytime
14:48:48,0 days,anytime
14:59:40,0 days,anytime
15:03:14,1 days,advance
15:06:40,1 days,advance
15:08:59,1 days,advance
15:10:27,0 days,anytime
15:10:28,0 days,anytime
15:12:16,0 days,off-peak
15:13:15,0 days,anytime
15:14:12,1 days,advance
15:16:48,0 days,anytime
15:24:15,0 days,anytime
15:24:18,0 days,anytime
15:43:18,1 days,advance
15:47:30,1 days,advance
15:51:15,0 days,anytime
15:52:31,0 days,anytime
15:52:53,0 days,anytime
15:54:49,0 days,anytime
16:01:51,0 days,anytime
16:04:26,0 days,anytime
16:08:49,0 days,anytime
16:10:03,0 days,anytime
16:13:01,0 days,anytime
16:32:34,0 days,anytime
16:34:22,1 days,advance
16:38:24,1 days,advance
16:46:20,1 days,advance
16:49:00,0 days,anytime
17:02:51,1 days,advance
17:03:38,0 days,anytime
17:07:53,1 days,advance
17:17:19,0 days,anytime
17:18:23,0 days,anytime
17:22:42,0 days,anytime
17:22:51,1 days,advance
17:23:51,0 days,anytime
17:24:25,1 days,advance
17:25:25,0 days,anytime
17:27:29,1 days,advance
17:39:33,1 days,advance
17:41:30,1 days,advance
17:44:21,1 days,advance
17:51:53,1 days,advance
17:57:28,1 days,advance
17:59:31,1 days,advance
18:04:34,1 days,advance
18:11:50,0 days,anytime
18:12:19,1 days,advance
18:14:40,0 days,anytime
18:17:58,0 days,anytime
18:19:49,0 days,anytime
18:46:31,0 days,off-peak
18:48:53,1 days,advance
18:49:14,0 days,off-peak
18:51:49,0 days,off-peak
19:01:11,0 days,off-peak
19:12:37,0 days,off-peak
19:14:14,0 days,off-peak
19:15:20,0 days,off-peak
19:24:26,1 days,advance
19:25:44,1 days,advance
19:28:52,1 days,advance
19:30:56,0 days,off-peak
19:32:00,1 days,advance
19:33:37,1 days,advance
19:34:40,1 days,advance
19:35:08,1 days,advance
19:38:43,1 days,advance
19:38:46,1 days,advance
19:43:29,1 days,advance
19:53:52,1 days,advance
19:59:38,1 days,advance
20:01:04,1 days,advance
20:03:06,0 days,off-peak
20:14:01,0 days,off-peak
20:15:58,1 days,advance
20:17:36,1 days,advance
20:19:24,1 days,advance
20:20:02,1 days,advance
20:20:26,1 days,advance
20:20:32,1 days,advance
20:22:34,1 days,advance
20:23:05,1 days,advance
20:23:10,1 days,advance
20:27:59,1 days,advance
20:28:38,1 days,advance
20:28:40,1 days,advance
20:29:06,1 days,advance
20:29:46,1 days,advance
20:43:18,0 days,off-peak
20:59:13,0 days,off-peak
21:15:56,1 days,advance
21:16:10,1 days,advance
21:43:20,1 days,advance
21:45:15,1 days,advance
21:47:04,1 days,advance
21:48:08,1 days,advance
21:53:40,1 days,advance
22:34:04,1 days,advance
22:44:31,1 days,advance
22:47:51,1 days,advance
22:55:25,1 days,advance
23:00:48,1 days,advance
23:01:29,1 days,advance
23:06:32,1 days,advance
23:09:14,1 days,advance
23:15:58,1 days,advance
23:32:14,1 days,advance
23:56:01,1 days,advance
23:57:00,1 days,advance
00:05:13,0 days,off-peak
00:10:20,0 days,off-peak
00:11:31,0 days,off-peak
00:21:17,0 days,off-peak
00:23:26,1 days,advance
00:25:58,1 days,advance
00:29:26,0 days,off-peak
00:36:04,0 days,off-peak
00:38:49,0 days,off-peak
00:43:13,0 days,off-peak
01:03:56,0 days,off-peak
01:08:20,0 days,off-peak
01:14:37,0 days,off-peak
01:18:57,1 days,advance
01:23:41,1 days,advance
01:24:42,1 days,advance
01:29:07,1 days,advance
01:29:25,1 days,advance
02:01:21,0 days,off-peak
02:03:20,0 days,off-peak
02:15:57,0 days,off-peak
02:20:26,0 days,off-peak
02:21:52,0 days,off-peak
02:48:07,0 days,off-peak
02:59:27,1 days,advance
03:03:12,0 days,off-peak
03:04:11,0 days,off-peak
03:05:16,0 days,off-peak
03:13:20,0 days,off-peak
03:24:27,1 days,advance
03:57:13,0 days,off-peak
03:58:51,0 days,off-peak
04:02:10,1 days,advance
04:12:17,1 days,advance
04:23:35,0 days,off-peak
04:25:18,0 days,off-peak
04:32:21,0 days,anytime
04:33:48,0 days,anytime
04:45:16,0 days,anytime
04:46:41,0 days,anytime
04:48:19,0 days,anytime
04:51:52,0 days,anytime
05:01:42,0 days,anytime
05:04:34,0 days,anytime
05:07:08,0 days,anytime
05:13:48,0 days,anytime
05:16:34,0 days,anytime
05:18:00,0 days,anytime
05:25:37,0 days,anytime
05:31:56,1 days,advance
05:43:54,0 days,off-peak
05:43:58,1 days,advance
05:55:36,1 days,advance
06:01:03,0 days,anytime
06:01:33,0 days,anytime
06:03:46,0 days,anytime
06:07:02,0 days,anytime
06:11:57,0 days,anytime
06:12:50,1 days,advance
06:13:41,1 days,advance
06:30:25,1 days,advance
06:30:40,0 days,anytime
06:31:23,0 days,anytime
06:34:39,0 days,anytime
06:37:08,0 days,anytime
06:37:42,1 days,advance
06:37:58,1 days,advance
06:39:03,1 days,advance
06:39:51,0 days,anytime
06:40:03,0 days,anytime
06:41:15,0 days,anytime
06:41:55,0 days,anytime
06:42:45,0 days,anytime
06:50:54,1 days,advance
06:58:09,0 days,anytime
07:03:24,0 days,anytime
07:16:54,0 days,anytime
07:17:11,0 days,anytime
07:20:09,0 days,anytime
07:24:03,0 days,anytime
07:26:23,0 days,anytime
07:29:31,0 days,anytime
07:31:51,0 days,off-peak
07:32:26,0 days,off-peak
07:33:22,1 days,advance
07:42:19,0 days,off-peak
07:43:48,0 days,anytime
07:46:09,1 days,advance
07:48:20,1 days,advance
07:50:51,1 days,advance
07:54:12,1 days,advance
07:56:40,1 days,advance
08:05:22,1 days,advance
08:08:21,1 days,advance
08:10:46,1 days,advance
08:11:42,1 days,advance
08:12:50,1 days,advance
08:17:51,1 days,advance
08:18:46,1 days,advance
08:19:00,1 days,advance
08:21:08,1 days,advance
08:22:03,1 days,advance
08:22:53,1 days,advance
08:23:00,1 days,advance
08:23:20,1 days,advance
08:23:55,1 days,advance
08:23:57,1 days,advance
08:25:51,1 days,advance
08:29:31,25 days,advance
08:35:39,1 days,advance
08:41:34,1 days,advance
08:42:10,1 days,advance
08:53:00,0 days,off-peak
08:58:46,1 days,advance
09:00:13,1 days,advance
09:01:51,1 days,advance
09:04:27,1 days,advance
09:05:11,1 days,advance
09:06:32,0 days,off-peak
09:09:07,1 days,advance
09:09:59,1 days,advance
09:10:22,1 days,advance
09:11:15,0 days,off-peak
09:12:43,1 days,advance
09:14:04,1 days,advance
09:16:37,0 days,off-peak
09:22:43,0 days,off-peak
09:22:48,0 days,off-peak
09:23:06,0 days,off-peak
09:34:20,1 days,advance
09:35:05,0 days,off-peak
09:37:23,1 days,advance
09:38:05,1 days,advance
09:39:06,0 days,off-peak
09:39:16,0 days,off-peak
09:40:05,1 days,advance
09:41:33,1 days,advance
09:43:23,1 days,advance
09:46:08,1 days,advance
09:51:47,0 days,off-peak
09:55:16,1 days,advance
09:58:25,1 days,advance
10:02:48,0 days,off-peak
10:21:21,0 days,off-peak
10:27:59,1 days,advance
10:32:21,0 days,off-peak
10:34:43,1 days,advance
10:41:08,0 days,off-peak
10:42:19,0 days,off-peak
10:43:28,1 days,advance
11:22:32,0 days,off-peak
11:23:56,0 days,off-peak
11:33:30,0 days,off-peak
11:34:57,0 days,off-peak
11:43:06,0 days,off-peak
12:02:52,0 days,off-peak
12:04:14,1 days,advance
12:07:26,0 days,off-peak
12:10:13,1 days,advance
12:30:25,1 days,advance
12:32:54,1 days,advance
12:37:16,1 days,advance
12:49:56,0 days,off-peak
12:56:38,1 days,advance
13:06:45,0 days,off-peak
13:15:18,1 days,advance
13:16:19,1 days,advance
13:26:38,1 days,advance
13:32:05,1 days,advance
13:34:39,1 days,advance
13:36:44,1 days,advance
14:09:09,1 days,advance
14:09:45,0 days,off-peak
14:10:20,0 days,off-peak
14:19:45,0 days,off-peak
14:26:58,1 days,advance
14:27:09,0 days,off-peak
14:31:05,0 days,anytime
14:34:44,0 days,anytime
14:36:20,0 days,anytime
14:39:14,0 days,anytime
14:40:48,0 days,anytime
14:42:42,0 days,anytime
14:43:01,1 days,advance
14:43:52,0 days,anytime
14:48:46,1 days,advance
14:50:00,0 days,anytime
14:52:25,0 days,anytime
14:55:39,1 days,advance
14:56:11,0 days,anytime
14:58:23,0 days,anytime
15:03:54,0 days,off-peak
15:10:15,0 days,anytime
15:16:06,0 days,anytime
15:18:12,1 days,advance
15:18:36,0 days,anytime
15:20:21,1 days,advance
15:24:16,0 days,anytime
15:25:12,1 days,advance
15:31:34,1 days,advance
15:33:04,0 days,anytime
15:34:50,1 days,advance
15:37:24,0 days,anytime
15:43:42,0 days,anytime
16:03:31,0 days,anytime
16:04:34,1 days,advance
16:07:59,0 days,anytime
16:12:46,0 days,anytime
16:14:48,1 days,advance
16:18:07,1 days,advance
16:37:26,1 days,advance
16:45:07,0 days,anytime
17:07:53,0 days,anytime
17:17:50,0 days,anytime
17:17:54,0 days,anytime
17:17:55,0 days,anytime
17:21:36,0 days,anytime
17:22:10,0 days,anytime
17:22:13,0 days,anytime
17:27:10,0 days,anytime
17:27:33,0 days,anytime
17:28:27,0 days,anytime
17:33:23,1 days,advance
17:35:18,1 days,advance
17:41:10,1 days,advance
17:43:09,1 days,advance
17:43:37,1 days,advance
17:48:48,1 days,advance
17:49:09,1 days,advance
17:50:43,1 days,advance
17:50:51,1 days,advance
17:53:42,1 days,advance
17:59:30,1 days,advance
18:04:32,1 days,advance
18:08:35,1 days,advance
18:41:31,0 days,off-peak
18:46:14,0 days,off-peak
18:58:11,1 days,advance
19:08:34,0 days,off-peak
19:30:11,1 days,advance
19:31:04,1 days,advance
19:32:03,1 days,advance
19:35:55,1 days,advance
19:43:39,1 days,advance
20:04:44,0 days,off-peak
20:05:51,0 days,off-peak
20:07:21,1 days,advance
20:08:05,0 days,off-peak
20:19:39,1 days,advance
20:20:44,1 days,advance
20:23:42,1 days,advance
20:23:44,0 days,off-peak
20:25:50,1 days,advance
20:27:04,1 days,advance
20:28:10,1 days,advance
20:29:46,1 days,advance
20:34:10,1 days,advance
20:34:24,1 days,advance
20:35:41,0 days,off-peak
20:45:06,0 days,off-peak
20:47:14,1 days,advance
21:33:47,1 days,advance
21:33:55,1 days,advance
21:43:44,1 days,advance
21:44:26,1 days,advance
21:47:05,1 days,advance
21:47:23,1 days,advance
21:53:26,1 days,advance
21:54:01,1 days,advance
22:13:10,1 days,advance
22:32:00,1 days,advance
22:32:29,1 days,advance
22:49:32,1 days,advance
22:59:33,1 days,advance
23:01:48,1 days,advance
23:02:45,1 days,advance
23:04:15,1 days,advance
23:08:04,1 days,advance
23:09:38,1 days,advance
23:33:16,1 days,advance
23:37:00,1 days,advance
23:53:19,1 days,advance
00:01:36,0 days,off-peak
00:06:08,1 days,advance
00:07:25,0 days,off-peak
00:11:51,1 days,advance
00:22:30,0 days,off-peak
00:31:02,0 days,off-peak
00:40:36,0 days,off-peak
00:54:07,0 days,off-peak
01:04:18,0 days,off-peak
01:17:46,0 days,off-peak
01:18:17,1 days,advance
01:22:07,0 days,off-peak
01:24:24,0 days,off-peak
01:24:37,0 days,off-peak
01:26:44,1 days,advance
01:28:38,0 days,off-peak
01:29:25,0 days,off-peak
01:32:01,1 days,advance
01:40:31,1 days,advance
01:41:18,1 days,advance
01:43:44,1 days,advance
01:49:24,1 days,advance
02:33:48,1 days,advance
02:34:14,1 days,advance
02:39:42,0 days,off-peak
02:53:59,0 days,off-peak
02:56:16,0 days,off-peak
02:56:48,1 days,advance
02:57:28,0 days,off-peak
03:00:24,0 days,off-peak
03:06:11,0 days,off-peak
03:27:20,1 days,advance
03:38:39,0 days,off-peak
03:42:51,1 days,advance
04:02:28,0 days,off-peak
04:44:26,0 days,anytime
04:46:31,0 days,anytime
04:50:49,0 days,anytime
04:51:03,0 days,anytime
04:57:40,0 days,anytime
05:05:17,0 days,anytime
05:07:42,0 days,anytime
05:10:31,1 days,advance
05:11:05,0 days,anytime
05:12:10,0 days,anytime
05:13:12,0 days,anytime
05:13:24,0 days,anytime
05:13:29,0 days,anytime
05:13:44,0 days,anytime
05:17:57,1 days,advance
05:26:56,1 days,advance
05:27:31,0 days,anytime
05:27:53,0 days,anytime
05:40:35,0 days,anytime
05:45:45,1 days,advance
05:52:47,1 days,advance
05:53:49,1 days,advance
05:59:24,1 days,advance
06:03:56,1 days,advance
06:05:34,1 days,advance
06:08:37,1 days,advance
06:14:42,0 days,anytime
06:21:11,1 days,advance
06:32:37,0 days,anytime
06:34:00,0 days,anytime
06:34:02,0 days,anytime
06:37:19,0 days,anytime
06:39:09,0 days,anytime
06:39:19,0 days,anytime
06:40:11,0 days,anytime
06:47:23,0 days,anytime
06:49:54,0 days,anytime
06:54:35,0 days,anytime
07:00:59,1 days,advance
07:16:56,0 days,anytime
07:24:38,0 days,anytime
07:32:50,0 days,off-peak
07:33:58,0 days,off-peak
07:36:15,1 days,advance
07:37:08,1 days,advance
07:48:59,1 days,advance
07:50:58,1 days,advance
07:52:13,1 days,advance
07:59:48,1 days,advance
08:00:09,1 days,advance
08:00:52,1 days,advance
08:04:03,1 days,advance
08:09:55,1 days,advance
08:12:00,0 days,off-peak
08:13:14,1 days,advance
08:13:30,1 days,advance
08:17:29,1 days,advance
08:22:58,1 days,advance
08:23:29,1 days,advance
08:25:39,1 days,advance
08:26:57,0 days,off-peak
08:29:25,1 days,advance
08:36:46,1 days,advance
08:56:15,0 days,off-peak
09:06:47,1 days,advance
09:12:49,1 days,advance
09:15:18,1 days,advance
09:31:27,0 days,off-peak
09:33:26,1 days,advance
09:36:42,0 days,off-peak
09:37:27,1 days,advance
09:39:40,1 days,advance
09:40:37,1 days,advance
09:41:05,1 days,advance
09:44:07,1 days,advance
09:44:34,0 days,off-peak
09:45:29,1 days,advance
10:17:07,1 days,advance
10:18:19,1 days,advance
10:20:22,0 days,off-peak
10:25:11,0 days,off-peak
10:27:37,1 days,advance
10:39:08,0 days,off-peak
10:44:19,0 days,off-peak
10:51:36,0 days,off-peak
10:52:11,1 days,advance
10:54:46,1 days,advance
11:05:14,0 days,off-peak
11:40:18,0 days,off-peak
11:50:22,1 days,advance
11:50:26,0 days,off-peak
12:03:07,0 days,off-peak
12:09:06,0 days,off-peak
12:30:01,1 days,advance
12:38:55,1 days,advance
12:40:43,1 days,advance
12:44:01,1 days,advance
12:47:38,0 days,off-peak
12:49:19,1 days,advance
12:55:55,0 days,off-peak
13:03:26,1 days,advance
13:19:37,1 days,advance
13:24:24,1 days,advance
13:28:31,1 days,advance
13:30:47,0 days,off-peak
13:33:25,1 days,advance
13:38:12,0 days,off-peak
13:42:08,0 days,off-peak
13:43:41,0 days,off-peak
13:46:35,1 days,advance
14:01:07,1 days,advance
14:02:30,0 days,off-peak
14:19:57,0 days,off-peak
14:21:23,1 days,advance
14:30:22,1 days,advance
14:34:21,0 days,anytime
14:34:33,0 days,anytime
14:36:46,0 days,anytime
14:37:31,1 days,advance
14:47:17,1 days,advance
14:48:05,0 days,anytime
14:50:36,1 days,advance
14:51:51,0 days,anytime
14:53:07,1 days,advance
14:54:36,1 days,advance
14:54:57,0 days,anytime
14:55:20,0 days,anytime
14:55:55,0 days,anytime
14:56:30,1 days,advance
14:57:06,0 days,anytime
15:03:12,0 days,off-peak
15:06:09,0 days,anytime
15:10:07,1 days,advance
15:10:10,0 days,anytime
15:12:00,1 days,advance
15:14:54,0 days,anytime
15:15:33,0 days,anytime
15:16:14,0 days,anytime
15:18:17,0 days,anytime
15:24:54,0 days,anytime
15:26:50,1 days,advance
15:28:40,1 days,advance
15:33:16,0 days,anytime
15:35:54,0 days,anytime
15:39:42,0 days,anytime
15:41:12,0 days,anytime
15:41:12,0 days,anytime
15:45:10,0 days,anytime
15:49:47,1 days,advance
15:51:34,0 days,anytime
15:54:52,0 days,anytime
15:55:43,1 days,advance
15:59:20,0 days,anytime
15:59:26,0 days,anytime
16:04:32,0 days,anytime
16:04:46,0 days,anytime
16:05:17,1 days,advance
16:07:06,0 days,anytime
16:07:14,0 days,anytime
16:09:19,0 days,anytime
16:12:00,0 days,anytime
16:14:29,0 days,anytime
16:22:19,1 days,advance
16:23:13,0 days,anytime
16:26:32,0 days,anytime
16:40:06,1 days,advance
16:40:23,0 days,anytime
16:46:31,0 days,anytime
17:08:55,0 days,anytime
17:13:19,0 days,anytime
17:17:34,0 days,anytime
17:17:35,1 days,advance
17:19:05,0 days,anytime
17:20:23,0 days,anytime
17:21:21,0 days,anytime
17:21:24,0 days,anytime
17:24:28,0 days,anytime
17:25:33,0 days,anytime
17:29:13,0 days,anytime
17:30:22,1 days,advance
17:30:23,1 days,advance
17:34:39,1 days,advance
17:39:04,1 days,advance
17:43:53,1 days,advance
17:48:46,1 days,advance
17:50:36,1 days,advance
17:59:45,1 days,advance
18:10:06,1 days,advance
18:10:54,0 days,anytime
18:18:20,0 days,anytime
18:32:37,0 days,off-peak
18:44:18,0 days,off-peak
18:49:14,1 days,advance
18:51:00,1 days,advance
18:52:07,0 days,off-peak
18:57:00,0 days,off-peak
18:57:57,1 days,advance
19:25:01,1 days,advance
19:33:02,1 days,advance
19:33:20,1 days,advance
19:36:59,1 days,advance
19:38:33,1 days,advance
19:44:11,1 days,advance
19:51:34,1 days,advance
20:07:43,1 days,advance
20:16:09,1 days,advance
20:16:34,1 days,advance
20:17:28,1 days,advance
20:19:31,1 days,advance
20:19:49,1 days,advance
20:20:14,1 days,advance
20:21:40,1 days,advance
20:23:00,1 days,advance
20:23:52,1 days,advance
20:28:57,1 days,advance
20:29:10,1 days,advance
20:29:28,1 days,advance
20:29:37,1 days,advance
20:30:44,1 days,advance
20:33:15,1 days,advance
20:54:01,0 days,off-peak
20:54:27,0 days,off-peak
20:55:32,1 days,advance
21:26:45,1 days,advance
21:32:10,1 days,advance
21:33:24,1 days,advance
21:38:36,1 days,advance
21:58:53,1 days,advance
22:10:11,1 days,advance
22:12:39,1 days,advance
22:48:57,1 days,advance
23:06:44,1 days,advance
23:06:49,1 days,advance
23:59:36,1 days,advance
00:00:09,0 days,off-peak
00:02:01,0 days,off-peak
00:06:28,0 days,off-peak
00:11:49,0 days,off-peak
00:12:13,0 days,off-peak
00:15:55,0 days,off-peak
00:17:21,0 days,off-peak
00:24:47,0 days,off-peak
00:24:48,2 days,advance
00:57:53,0 days,off-peak
01:02:35,0 days,off-peak
01:09:48,0 days,off-peak
01:17:20,0 days,off-peak
01:26:54,0 days,off-peak
02:00:20,1 days,advance
02:07:15,0 days,off-peak
02:08:51,0 days,off-peak
02:13:30,1 days,advance
02:30:57,0 days,off-peak
02:45:08,0 days,off-peak
03:13:25,0 days,off-peak
03:19:19,1 days,advance
03:30:06,0 days,off-peak
03:37:43,1 days,advance
03:40:09,0 days,off-peak
03:46:48,0 days,off-peak
03:51:29,1 days,advance
04:01:21,0 days,off-peak
04:17:10,1 days,advance
04:19:36,0 days,off-peak
04:42:30,0 days,off-peak
04:49:13,0 days,off-peak
04:50:03,0 days,off-peak
04:50:20,0 days,off-peak
05:00:44,0 days,off-peak
05:01:17,0 days,off-peak
05:05:41,0 days,off-peak
05:06:12,0 days,off-peak
05:08:00,0 days,off-peak
05:11:37,0 days,off-peak
05:14:12,0 days,off-peak
05:15:37,0 days,off-peak
05:18:58,0 days,off-peak
05:23:07,0 days,off-peak
05:28:08,0 days,off-peak
05:30:11,1 days,advance
06:04:10,0 days,off-peak
06:04:10,0 days,off-peak
06:05:51,0 days,off-peak
06:08:18,0 days,off-peak
06:10:21,0 days,off-peak
06:13:01,0 days,off-peak
06:14:55,1 days,advance
06:24:45,0 days,off-peak
06:29:29,0 days,off-peak
06:31:13,1 days,advance
06:34:06,0 days,off-peak
06:34:49,0 days,off-peak
06:36:46,0 days,off-peak
06:40:21,0 days,off-peak
06:41:48,0 days,off-peak
06:42:03,0 days,off-peak
06:42:15,1 days,advance
06:45:40,1 days,advance
06:51:53,0 days,off-peak
06:56:28,0 days,off-peak
07:02:52,0 days,off-peak
07:17:38,0 days,off-peak
07:20:47,0 days,off-peak
07:23:02,0 days,off-peak
07:23:13,0 days,off-peak
07:23:31,0 days,off-peak
07:24:37,1 days,advance
07:27:00,0 days,off-peak
07:27:45,0 days,off-peak
07:29:16,0 days,off-peak
07:32:30,0 days,off-peak
07:33:28,0 days,off-peak
07:36:22,0 days,off-peak
07:44:22,0 days,off-peak
07:49:13,0 days,off-peak
07:49:18,1 days,advance
07:51:25,0 days,off-peak
07:52:59,1 days,advance
08:00:02,1 days,advance
08:02:17,1 days,advance
08:03:39,1 days,advance
08:04:20,1 days,advance
08:06:39,1 days,advance
08:11:23,1 days,advance
08:12:54,1 days,advance
08:14:04,1 days,advance
08:18:15,1 days,advance
08:22:24,1 days,advance
08:23:20,1 days,advance
08:27:40,1 days,advance
08:28:40,1 days,advance
08:29:16,1 days,advance
08:30:35,1 days,advance
08:45:54,0 days,off-peak
08:51:55,1 days,advance
09:00:00,1 days,advance
09:03:45,0 days,off-peak
09:04:59,1 days,advance
09:05:56,0 days,off-peak
09:07:44,1 days,advance
09:07:51,1 days,advance
09:09:51,1 days,advance
09:13:04,0 days,off-peak
09:19:54,1 days,advance
09:21:11,1 days,advance
09:21:34,0 days,off-peak
09:30:14,0 days,off-peak
09:33:15,0 days,off-peak
09:34:36,1 days,advance
09:37:47,1 days,advance
09:38:09,1 days,advance
09:38:42,1 days,advance
09:41:26,1 days,advance
09:46:52,0 days,off-peak
10:13:04,1 days,advance
10:27:31,0 days,off-peak
10:29:43,1 days,advance
10:40:11,0 days,off-peak
10:40:44,1 days,advance
10:44:19,1 days,advance
10:52:28,0 days,off-peak
10:53:21,0 days,off-peak
10:54:43,1 days,advance
11:08:51,1 days,advance
11:36:37,0 days,off-peak
11:38:30,0 days,off-peak
11:53:01,0 days,off-peak
11:57:31,1 days,advance
12:02:05,1 days,advance
12:19:27,0 days,off-peak
12:28:10,0 days,off-peak
12:35:08,1 days,advance
12:35:23,1 days,advance
12:35:58,1 days,advance
12:41:35,1 days,advance
12:41:49,1 days,advance
13:04:10,0 days,off-peak
13:08:51,0 days,off-peak
13:19:30,1 days,advance
13:33:00,1 days,advance
13:38:53,0 days,off-peak
13:48:08,1 days,advance
13:52:23,0 days,off-peak
14:06:22,0 days,off-peak
14:06:27,0 days,off-peak
14:08:47,0 days,off-peak
14:25:19,1 days,advance
14:25:50,1 days,advance
14:26:55,0 days,off-peak
14:28:23,1 days,advance
14:30:18,0 days,off-peak
14:45:12,1 days,advance
14:53:10,1 days,advance
14:59:19,0 days,off-peak
15:00:31,1 days,advance
15:01:22,1 days,advance
15:04:10,1 days,advance
15:10:43,0 days,off-peak
15:12:28,0 days,off-peak
15:13:26,0 days,off-peak
15:13:30,0 days,off-peak
15:15:24,1 days,advance
15:16:24,0 days,off-peak
15:20:46,0 days,off-peak
15:21:38,0 days,off-peak
15:36:22,0 days,off-peak
15:42:23,0 days,off-peak
16:02:59,0 days,off-peak
16:12:56,0 days,off-peak
16:29:36,1 days,advance
16:38:16,1 days,advance
16:44:36,1 days,advance
17:01:31,0 days,off-peak
17:01:56,0 days,off-peak
17:06:16,0 days,off-peak
17:10:55,0 days,off-peak
17:11:31,0 days,off-peak
17:13:53,1 days,advance
17:15:14,0 days,off-peak
17:17:31,0 days,off-peak
17:17:46,1 days,advance
17:19:19,0 days,off-peak
17:21:09,0 days,off-peak
17:23:39,0 days,off-peak
17:24:11,0 days,off-peak
17:25:33,0 days,off-peak
17:26:53,1 days,advance
17:27:33,0 days,off-peak
17:28:46,1 days,advance
17:28:51,0 days,off-peak
17:31:18,1 days,advance
17:34:10,1 days,advance
17:34:22,23 days,advance
17:44:29,1 days,advance
17:48:24,0 days,off-peak
17:52:18,1 days,advance
17:52:54,1 days,advance
17:54:29,1 days,advance
18:11:17,0 days,off-peak
18:13:36,1 days,advance
18:20:59,0 days,off-peak
18:24:38,0 days,off-peak
18:38:58,0 days,off-peak
18:42:13,1 days,advance
18:49:29,0 days,off-peak
18:49:42,0 days,off-peak
18:57:40,0 days,off-peak
18:57:49,0 days,off-peak
19:10:52,0 days,off-peak
19:24:19,1 days,advance
19:26:14,1 days,advance
19:29:42,1 days,advance
19:40:55,1 days,advance
19:41:50,1 days,advance
19:42:49,1 days,advance
19:47:04,1 days,advance
19:50:19,0 days,off-peak
19:51:24,1 days,advance
20:02:54,0 days,off-peak
20:10:33,0 days,off-peak
20:12:46,1 days,advance
20:16:10,1 days,advance
20:17:35,1 days,advance
20:20:15,1 days,advance
20:23:40,1 days,advance
20:24:12,1 days,advance
20:25:47,1 days,advance
20:27:00,1 days,advance
20:28:24,1 days,advance
20:28:51,1 days,advance
20:30:20,1 days,advance
20:31:28,20 days,advance
20:33:49,0 days,off-peak
20:42:34,0 days,off-peak
20:45:50,1 days,advance
20:54:02,0 days,off-peak
20:56:17,0 days,off-peak
21:29:12,1 days,advance
21:35:47,1 days,advance
21:57:25,1 days,advance
22:00:35,1 days,advance
22:42:07,1 days,advance
23:00:54,1 days,advance
23:03:34,1 days,advance
23:03:59,1 days,advance
23:10:32,1 days,advance
23:42:19,1 days,advance
23:48:51,1 days,advance
00:05:58,0 days,off-peak
00:11:31,1 days,advance
00:14:58,1 days,advance
00:23:00,2 days,advance
00:25:32,0 days,off-peak
00:32:43,0 days,off-peak
00:38:15,0 days,off-peak
00:50:16,1 days,advance
01:10:56,0 days,off-peak
01:21:03,0 days,off-peak
01:24:55,0 days,off-peak
01:25:06,0 days,off-peak
01:28:22,0 days,off-peak
01:29:49,0 days,off-peak
02:04:17,1 days,advance
02:04:30,0 days,off-peak
02:07:07,1 days,advance
02:08:11,0 days,off-peak
02:22:49,0 days,off-peak
02:33:03,0 days,off-peak
02:56:16,0 days,off-peak
02:57:19,0 days,off-peak
03:01:18,1 days,advance
03:30:20,1 days,advance
03:48:55,1 days,advance
03:50:48,1 days,advance
04:07:32,1 days,advance
04:21:28,1 days,advance
04:23:09,1 days,advance
04:44:35,0 days,off-peak
04:52:16,0 days,off-peak
04:52:28,0 days,off-peak
04:54:10,0 days,off-peak
04:56:16,0 days,off-peak
05:00:47,0 days,off-peak
05:03:15,1 days,advance
05:03:20,0 days,off-peak
05:05:32,0 days,off-peak
05:07:53,0 days,off-peak
05:08:43,0 days,off-peak
05:08:45,0 days,off-peak
05:08:57,1 days,advance
05:10:09,0 days,off-peak
05:15:06,1 days,advance
05:17:12,0 days,off-peak
05:23:09,0 days,off-peak
05:24:22,0 days,off-peak
05:24:32,0 days,off-peak
05:27:18,1 days,advance
05:33:19,0 days,off-peak
05:40:53,0 days,off-peak
05:48:44,1 days,advance
05:50:02,1 days,advance
05:53:14,1 days,advance
06:01:38,0 days,off-peak
06:03:11,0 days,off-peak
06:05:32,0 days,off-peak
06:09:23,0 days,off-peak
06:10:47,0 days,off-peak
06:14:17,1 days,advance
06:15:27,0 days,off-peak
06:18:49,1 days,advance
06:31:05,0 days,off-peak
06:33:07,0 days,off-peak
06:35:41,0 days,off-peak
06:35:51,0 days,off-peak
06:37:09,0 days,off-peak
06:38:21,0 days,off-peak
06:44:55,0 days,off-peak
06:45:03,0 days,off-peak
06:59:07,0 days,off-peak
07:16:59,0 days,off-peak
07:20:39,0 days,off-peak
07:21:47,0 days,off-peak
07:23:56,0 days,off-peak
07:26:33,1 days,advance
07:36:59,0 days,off-peak
07:38:30,0 days,off-peak
07:40:09,0 days,off-peak
07:40:37,0 days,off-peak
07:40:42,0 days,off-peak
07:40:53,0 days,off-peak
07:44:41,0 days,off-peak
07:45:23,0 days,off-peak
07:46:09,1 days,advance
07:49:36,1 days,advance
07:52:22,1 days,advance
07:54:08,1 days,advance
07:54:22,1 days,advance
07:59:11,1 days,advance
08:01:16,1 days,advance
08:02:39,1 days,advance
08:06:57,1 days,advance
08:08:44,1 days,advance
08:12:37,0 days,off-peak
08:15:26,1 days,advance
08:19:28,1 days,advance
08:21:47,20 days,advance
08:23:39,1 days,advance
08:24:48,1 days,advance
08:28:14,1 days,advance
08:29:28,1 days,advance
08:38:35,0 days,off-peak
08:41:33,0 days,off-peak
09:01:16,1 days,advance
09:06:12,20 days,advance
09:06:47,1 days,advance
09:11:18,1 days,advance
09:13:36,0 days,off-peak
09:26:33,0 days,off-peak
09:30:39,1 days,advance
09:32:18,1 days,advance
09:34:01,1 days,advance
09:38:08,0 days,off-peak
09:41:16,1 days,advance
09:43:00,1 days,advance
09:43:40,1 days,advance
09:45:20,1 days,advance
09:45:58,1 days,advance
09:47:52,0 days,off-peak
09:56:42,1 days,advance
10:15:09,0 days,off-peak
10:22:08,1 days,advance
10:32:56,1 days,advance
10:33:10,1 days,advance
10:35:14,1 days,advance
10:42:15,1 days,advance
10:42:45,0 days,off-peak
10:48:38,0 days,off-peak
10:51:02,1 days,advance
10:54:40,1 days,advance
10:58:14,1 days,advance
11:11:36,0 days,off-peak
11:28:40,0 days,off-peak
11:28:41,0 days,off-peak
11:36:46,1 days,advance
11:52:35,1 days,advance
11:53:40,1 days,advance
11:58:27,0 days,off-peak
12:11:07,0 days,off-peak
12:14:44,1 days,advance
12:28:34,1 days,advance
12:47:30,1 days,advance
13:14:45,0 days,off-peak
13:22:52,1 days,advance
13:23:36,1 days,advance
13:31:21,1 days,advance
13:58:59,0 days,off-peak
14:01:48,0 days,off-peak
14:02:08,1 days,advance
14:16:30,0 days,off-peak
14:17:38,0 days,off-peak
14:17:47,0 days,off-peak
14:20:13,0 days,off-peak
14:21:48,0 days,off-peak
14:23:21,0 days,off-peak
14:26:05,1 days,advance
14:26:13,0 days,off-peak
14:26:59,0 days,off-peak
14:28:57,1 days,advance
14:29:26,0 days,off-peak
14:29:35,1 days,advance
14:34:31,1 days,advance
14:35:14,0 days,off-peak
14:37:00,1 days,advance
14:37:53,0 days,off-peak
14:38:08,0 days,off-peak
14:40:52,0 days,off-peak
14:41:19,0 days,off-peak
14:42:51,0 days,off-peak
14:51:42,0 days,off-peak
14:54:02,1 days,advance
14:55:48,0 days,off-peak
14:59:39,1 days,advance
14:59:40,0 days,off-peak
15:06:58,0 days,off-peak
15:12:39,0 days,off-peak
15:14:33,1 days,advance
15:15:21,0 days,off-peak
15:18:10,0 days,off-peak
15:19:29,1 days,advance
15:20:04,0 days,off-peak
15:22:51,0 days,off-peak
15:24:53,0 days,off-peak
15:32:36,0 days,off-peak
15:38:16,0 days,off-peak
15:49:40,1 days,advance
15:58:26,0 days,off-peak
15:59:04,0 days,off-peak
16:01:06,0 days,off-peak
16:06:52,0 days,off-peak
16:07:27,1 days,advance
16:07:28,0 days,off-peak
16:08:27,0 days,off-peak
16:09:10,0 days,off-peak
16:11:00,0 days,off-peak
16:14:24,0 days,off-peak
16:14:26,1 days,advance
16:19:38,1 days,advance
16:23:48,1 days,advance
16:26:30,0 days,off-peak
16:26:52,1 days,advance
16:32:05,1 days,advance
16:38:28,1 days,advance
16:42:42,0 days,off-peak
17:01:04,1 days,advance
17:06:11,23 days,advance
17:08:34,0 days,off-peak
17:15:50,1 days,advance
17:15:57,0 days,off-peak
17:16:45,0 days,off-peak
17:20:13,0 days,off-peak
17:20:18,0 days,off-peak
17:21:23,0 days,off-peak
17:21:42,0 days,off-peak
17:22:55,0 days,off-peak
17:23:13,1 days,advance
17:23:32,0 days,off-peak
17:27:35,1 days,advance
17:28:01,0 days,off-peak
17:28:16,0 days,off-peak
17:28:31,0 days,off-peak
17:28:38,0 days,off-peak
17:28:45,0 days,off-peak
17:29:26,0 days,off-peak
17:31:34,1 days,advance
17:31:46,1 days,advance
17:33:04,1 days,advance
17:34:31,1 days,advance
17:34:33,0 days,off-peak
17:37:02,1 days,advance
17:37:36,1 days,advance
17:38:09,1 days,advance
17:41:12,1 days,advance
17:53:32,0 days,off-peak
17:59:43,0 days,off-peak
18:12:16,0 days,off-peak
18:13:24,0 days,off-peak
18:20:06,0 days,off-peak
18:32:54,0 days,off-peak
18:48:16,1 days,advance
19:17:01,1 days,advance
19:18:08,22 days,advance
19:31:01,1 days,advance
19:32:45,0 days,off-peak
19:39:47,1 days,advance
19:41:06,1 days,advance
19:41:48,1 days,advance
20:02:34,0 days,off-peak
20:05:59,0 days,off-peak
20:06:39,1 days,advance
20:09:48,0 days,off-peak
20:12:23,0 days,off-peak
20:14:24,1 days,advance
20:14:52,1 days,advance
20:16:19,1 days,advance
20:17:55,1 days,advance
20:18:16,1 days,advance
20:19:58,1 days,advance
20:20:20,1 days,advance
20:20:36,0 days,off-peak
20:21:10,1 days,advance
20:22:03,1 days,advance
20:23:19,1 days,advance
20:28:24,1 days,advance
20:31:58,1 days,advance
20:33:00,1 days,advance
20:34:48,0 days,off-peak
20:38:19,0 days,off-peak
20:39:36,0 days,off-peak
20:40:05,0 days,off-peak
20:46:26,0 days,off-peak
20:52:56,0 days,off-peak
20:54:19,0 days,off-peak
21:42:48,1 days,advance
21:45:51,1 days,advance
21:45:55,1 days,advance
21:52:35,1 days,advance
22:05:40,1 days,advance
22:10:37,1 days,advance
22:41:38,1 days,advance
22:43:17,1 days,advance
22:45:35,1 days,advance
22:52:05,1 days,advance
22:54:07,1 days,advance
23:02:25,1 days,advance
23:30:12,1 days,advance
23:30:22,1 days,advance
23:32:07,1 days,advance
23:51:22,1 days,advance
00:02:58,1 days,advance
00:04:38,0 days,off-peak
00:08:39,0 days,off-peak
00:12:35,1 days,advance
00:36:57,0 days,off-peak
00:53:07,0 days,off-peak
00:54:28,0 days,off-peak
01:04:15,1 days,advance
01:05:54,1 days,advance
01:06:41,1 days,advance
01:36:29,0 days,off-peak
01:41:37,1 days,advance
01:49:27,0 days,off-peak
02:05:34,1 days,advance
02:07:03,0 days,off-peak
02:08:34,0 days,off-peak
02:08:49,0 days,off-peak
02:21:47,1 days,advance
02:42:06,0 days,off-peak
02:59:28,0 days,off-peak
03:00:05,1 days,advance
03:01:00,1 days,advance
03:18:14,1 days,advance
03:26:54,1 days,advance
03:36:01,0 days,off-peak
03:36:09,1 days,advance
03:41:59,1 days,advance
03:42:40,0 days,off-peak
03:47:44,1 days,advance
03:49:14,0 days,off-peak
04:02:47,1 days,advance
04:22:29,1 days,advance
04:23:10,0 days,off-peak
04:46:24,0 days,anytime
04:48:13,0 days,anytime
04:51:34,0 days,anytime
04:52:46,0 days,anytime
04:58:00,0 days,anytime
04:58:33,0 days,anytime
04:59:29,0 days,anytime
04:59:55,0 days,anytime
05:06:33,0 days,anytime
05:06:45,0 days,anytime
05:07:31,0 days,anytime
05:07:47,0 days,anytime
05:08:56,0 days,anytime
05:17:08,0 days,anytime
05:18:00,1 days,advance
05:23:08,0 days,anytime
05:47:21,1 days,advance
05:47:27,1 days,advance
05:49:22,1 days,advance
05:56:48,0 days,anytime
06:01:42,1 days,advance
06:01:55,0 days,anytime
06:03:09,1 days,advance
06:04:34,0 days,anytime
06:05:06,1 days,advance
06:09:42,0 days,anytime
06:31:05,0 days,anytime
06:35:42,0 days,anytime
06:37:14,0 days,anytime
06:43:02,0 days,anytime
06:44:26,0 days,anytime
06:44:47,1 days,advance
06:47:32,1 days,advance
07:15:15,0 days,anytime
07:20:34,0 days,anytime
07:22:07,0 days,anytime
07:23:44,0 days,anytime
07:23:53,0 days,anytime
07:24:25,0 days,anytime
07:24:26,0 days,anytime
07:24:42,0 days,anytime
07:25:47,0 days,anytime
07:25:48,1 days,advance
07:26:25,1 days,advance
07:26:25,1 days,advance
07:27:53,0 days,anytime
07:29:23,0 days,anytime
07:30:38,1 days,advance
07:38:44,0 days,off-peak
07:39:51,0 days,off-peak
07:48:25,1 days,advance
07:49:18,1 days,advance
07:49:53,1 days,advance
08:01:35,1 days,advance
08:01:42,1 days,advance
08:01:42,1 days,advance
08:03:05,1 days,advance
08:03:28,1 days,advance
08:04:36,1 days,advance
08:07:33,1 days,advance
08:07:36,1 days,advance
08:10:06,1 days,advance
08:10:21,1 days,advance
08:12:30,1 days,advance
08:14:03,1 days,advance
08:14:17,1 days,advance
08:16:07,1 days,advance
08:18:54,1 days,advance
08:22:26,1 days,advance
08:24:05,1 days,advance
08:24:14,1 days,advance
08:26:46,1 days,advance
08:28:23,1 days,advance
08:29:53,1 days,advance
08:32:33,0 days,off-peak
09:02:31,0 days,off-peak
09:05:49,1 days,advance
09:07:18,1 days,advance
09:09:11,1 days,advance
09:11:43,1 days,advance
09:12:32,1 days,advance
09:12:36,18 days,advance
09:12:55,1 days,advance
09:13:11,1 days,advance
09:18:15,1 days,advance
09:32:45,1 days,advance
09:34:20,1 days,advance
09:35:49,0 days,off-peak
09:38:04,1 days,advance
09:39:25,0 days,off-peak
09:39:44,17 days,advance
09:40:30,1 days,advance
09:41:40,1 days,advance
09:42:32,1 days,advance
09:44:50,1 days,advance
09:45:25,18 days,advance
09:48:13,0 days,off-peak
09:57:11,19 days,advance
09:58:40,1 days,advance
10:25:23,0 days,off-peak
10:27:37,1 days,advance
10:33:49,1 days,advance
10:34:25,1 days,advance
10:38:46,1 days,advance
10:39:06,1 days,advance
10:39:53,0 days,off-peak
11:08:57,1 days,advance
11:19:59,1 days,advance
11:50:39,0 days,off-peak
11:51:22,0 days,off-peak
11:59:29,0 days,off-peak
12:00:00,22 days,advance
12:01:13,0 days,off-peak
12:06:23,1 days,advance
12:11:52,0 days,off-peak
12:17:45,1 days,advance
12:20:35,0 days,off-peak
12:32:09,1 days,advance
12:36:29,1 days,advance
12:38:26,0 days,off-peak
12:38:50,1 days,advance
12:45:11,1 days,advance
12:51:43,0 days,off-peak
12:52:24,1 days,advance
12:53:25,1 days,advance
12:59:07,1 days,advance
13:07:10,0 days,off-peak
13:14:46,1 days,advance
13:21:00,0 days,off-peak
13:21:03,1 days,advance
13:59:42,0 days,off-peak
14:15:22,0 days,off-peak
14:33:54,0 days,anytime
14:37:06,0 days,anytime
14:38:05,0 days,anytime
14:40:37,0 days,anytime
14:42:49,0 days,anytime
14:46:13,0 days,anytime
14:51:01,1 days,advance
14:51:25,0 days,anytime
14:54:35,1 days,advance
14:57:38,0 days,anytime
15:00:05,21 days,advance
15:02:52,0 days,anytime
15:07:38,0 days,anytime
15:14:45,0 days,anytime
15:15:06,1 days,advance
15:18:37,1 days,advance
15:19:55,0 days,anytime
15:21:04,0 days,anytime
15:21:21,0 days,anytime
15:26:58,1 days,advance
15:38:37,0 days,anytime
15:45:10,0 days,anytime
15:46:27,0 days,anytime
15:50:43,0 days,anytime
15:52:49,0 days,anytime
15:53:07,1 days,advance
15:56:09,1 days,advance
15:57:34,1 days,advance
16:00:49,0 days,anytime
16:00:52,1 days,advance
16:03:00,0 days,anytime
16:05:52,0 days,anytime
16:11:55,0 days,anytime
16:23:32,1 days,advance
16:39:22,1 days,advance
16:40:15,1 days,advance
17:00:58,1 days,advance
17:01:35,0 days,anytime
17:02:42,1 days,advance
17:15:08,1 days,advance
17:15:53,0 days,anytime
17:17:52,0 days,anytime
17:20:11,0 days,anytime
17:20:16,0 days,anytime
17:21:00,0 days,anytime
17:22:37,0 days,anytime
17:25:54,0 days,anytime
17:27:35,0 days,anytime
17:32:07,1 days,advance
17:36:04,1 days,advance
17:38:34,1 days,advance
17:49:05,1 days,advance
17:55:24,1 days,advance
17:55:42,0 days,off-peak
17:56:04,1 days,advance
18:10:19,0 days,anytime
18:20:36,1 days,advance
18:22:56,0 days,anytime
18:30:10,0 days,off-peak
18:42:55,0 days,off-peak
18:44:04,1 days,advance
18:49:09,1 days,advance
18:50:33,1 days,advance
18:54:45,1 days,advance
18:56:17,1 days,advance
18:59:48,1 days,advance
19:03:46,0 days,off-peak
19:07:13,0 days,off-peak
19:26:30,1 days,advance
19:27:48,1 days,advance
19:32:05,1 days,advance
19:32:27,1 days,advance
19:33:26,1 days,advance
19:36:04,1 days,advance
19:37:54,1 days,advance
19:38:46,1 days,advance
19:40:06,1 days,advance
19:43:48,1 days,advance
19:47:40,0 days,off-peak
20:00:12,0 days,off-peak
20:03:37,1 days,advance
20:08:50,0 days,off-peak
20:17:40,1 days,advance
20:18:33,1 days,advance
20:18:56,1 days,advance
20:19:15,1 days,advance
20:20:39,1 days,advance
20:21:12,1 days,advance
20:24:24,1 days,advance
20:24:34,1 days,advance
20:27:55,1 days,advance
20:30:00,1 days,advance
20:37:31,1 days,advance
20:46:32,0 days,off-peak
20:50:00,0 days,off-peak
21:35:58,1 days,advance
21:48:00,1 days,advance
21:51:03,21 days,advance
21:58:31,1 days,advance
22:30:25,1 days,advance
22:38:18,1 days,advance
22:42:21,1 days,advance
23:02:13,1 days,advance
23:08:38,1 days,advance
23:13:21,1 days,advance
23:56:54,1 days,advance
00:00:48,0 days,off-peak
00:03:40,1 days,advance
00:04:09,1 days,advance
00:06:09,0 days,off-peak
00:17:06,1 days,advance
00:20:54,0 days,off-peak
00:27:01,1 days,advance
00:30:18,0 days,off-peak
00:31:32,0 days,off-peak
00:32:20,0 days,off-peak
01:15:47,0 days,off-peak
01:16:41,1 days,advance
01:19:45,0 days,off-peak
01:21:33,0 days,off-peak
01:21:36,0 days,off-peak
01:23:50,0 days,off-peak
01:24:25,0 days,off-peak
01:29:38,1 days,advance
01:54:37,1 days,advance
01:54:55,1 days,advance
02:00:37,0 days,off-peak
02:01:53,0 days,off-peak
02:51:54,21 days,advance
02:52:44,0 days,off-peak
03:06:14,1 days,advance
03:07:18,1 days,advance
03:17:49,1 days,advance
03:21:45,1 days,advance
03:29:49,1 days,advance
03:32:04,1 days,advance
03:32:59,0 days,off-peak
03:37:39,0 days,off-peak
03:46:32,1 days,advance
04:00:28,0 days,off-peak
04:31:47,0 days,anytime
04:39:24,1 days,advance
04:57:23,0 days,anytime
04:57:45,0 days,anytime
04:59:44,0 days,anytime
05:00:09,0 days,anytime
05:03:05,0 days,anytime
05:07:14,1 days,advance
05:11:36,0 days,anytime
05:13:37,0 days,anytime
05:14:09,0 days,anytime
05:16:46,1 days,advance
05:25:17,0 days,anytime
05:26:48,0 days,anytime
05:27:25,0 days,anytime
05:41:31,1 days,advance
05:56:20,0 days,anytime
06:10:03,0 days,anytime
06:12:08,0 days,anytime
06:14:06,0 days,anytime
06:21:08,0 days,anytime
06:31:07,0 days,anytime
06:34:50,1 days,advance
06:40:50,1 days,advance
06:41:46,0 days,anytime
06:43:48,1 days,advance
06:47:15,0 days,anytime
07:15:26,0 days,anytime
07:17:28,0 days,anytime
07:19:37,0 days,anytime
07:20:27,0 days,anytime
07:23:04,1 days,advance
07:28:46,0 days,anytime
07:45:06,0 days,off-peak
07:48:30,1 days,advance
07:48:49,1 days,advance
07:49:07,1 days,advance
07:49:42,1 days,advance
07:56:14,1 days,advance
07:56:25,1 days,advance
07:58:51,1 days,advance
08:05:39,1 days,advance
08:06:07,1 days,advance
08:08:42,1 days,advance
08:09:46,1 days,advance
08:10:58,1 days,advance
08:14:25,16 days,advance
08:15:38,1 days,advance
08:16:18,1 days,advance
08:21:11,1 days,advance
08:21:59,1 days,advance
08:23:36,1 days,advance
08:25:06,1 days,advance
08:28:41,1 days,advance
08:29:53,1 days,advance
08:49:39,1 days,advance
09:00:02,1 days,advance
09:02:11,1 days,advance
09:05:01,1 days,advance
09:07:46,1 days,advance
09:07:52,1 days,advance
09:11:31,1 days,advance
09:13:47,0 days,off-peak
09:14:58,1 days,advance
09:27:28,0 days,off-peak
09:31:01,0 days,off-peak
09:31:07,0 days,off-peak
09:31:58,1 days,advance
09:32:29,0 days,off-peak
09:34:41,1 days,advance
09:35:49,0 days,off-peak
09:36:28,1 days,advance
09:37:23,1 days,advance
09:38:28,1 days,advance
09:38:51,1 days,advance
09:39:06,1 days,advance
09:42:40,1 days,advance
09:45:05,18 days,advance
09:52:30,1 days,advance
10:19:41,0 days,off-peak
10:22:10,0 days,off-peak
10:22:15,0 days,off-peak
10:24:53,0 days,off-peak
10:25:29,1 days,advance
10:29:35,1 days,advance
10:34:38,1 days,advance
10:37:42,1 days,advance
10:43:14,0 days,off-peak
10:44:25,1 days,advance
10:53:20,0 days,off-peak
11:08:05,0 days,off-peak
11:21:33,0 days,off-peak
11:34:58,0 days,off-peak
11:44:51,0 days,off-peak
11:50:59,0 days,off-peak
11:56:42,1 days,advance
12:12:52,0 days,off-peak
12:21:41,0 days,off-peak
12:25:07,0 days,off-peak
12:31:41,0 days,off-peak
12:31:56,1 days,advance
12:32:18,1 days,advance
12:40:14,1 days,advance
12:41:26,0 days,off-peak
12:43:51,0 days,off-peak
12:47:36,1 days,advance
12:48:16,1 days,advance
12:52:14,0 days,off-peak
13:23:08,0 days,off-peak
13:25:13,1 days,advance
13:25:50,0 days,off-peak
14:02:07,0 days,off-peak
14:03:57,1 days,advance
14:07:43,1 days,advance
14:09:04,0 days,off-peak
14:24:50,0 days,off-peak
14:25:15,0 days,off-peak
14:26:37,0 days,off-peak
14:30:59,0 days,anytime
14:32:27,0 days,anytime
14:37:42,0 days,anytime
14:41:00,0 days,anytime
14:41:59,1 days,advance
14:43:21,1 days,advance
14:49:37,0 days,anytime
14:49:41,1 days,advance
14:49:47,0 days,anytime
14:50:36,1 days,advance
14:52:57,0 days,anytime
14:55:16,0 days,anytime
14:56:35,1 days,advance
15:00:37,1 days,advance
15:07:22,0 days,off-peak
15:11:57,0 days,anytime
15:12:58,0 days,anytime
15:17:24,0 days,anytime
15:19:03,0 days,anytime
15:24:34,0 days,anytime
15:26:19,1 days,advance
15:26:34,1 days,advance
15:31:53,1 days,advance
15:38:06,0 days,anytime
15:38:46,1 days,advance
15:48:09,0 days,anytime
15:48:37,0 days,anytime
15:49:07,1 days,advance
15:57:57,0 days,anytime
15:58:34,0 days,anytime
15:59:08,0 days,anytime
16:04:35,0 days,anytime
16:04:49,0 days,anytime
16:09:44,0 days,anytime
16:09:50,17 days,advance
16:13:36,0 days,anytime
16:14:27,1 days,advance
16:30:32,1 days,advance
16:51:34,1 days,advance
17:08:24,0 days,anytime
17:11:41,0 days,anytime
17:12:50,0 days,anytime
17:13:07,0 days,anytime
17:15:19,0 days,anytime
17:17:44,0 days,anytime
17:18:06,0 days,anytime
17:20:13,0 days,anytime
17:20:33,1 days,advance
17:20:49,1 days,advance
17:21:07,0 days,anytime
17:22:28,0 days,anytime
17:22:43,0 days,anytime
17:24:49,0 days,anytime
17:25:28,0 days,anytime
17:25:28,0 days,anytime
17:27:37,0 days,anytime
17:38:55,1 days,advance
17:41:18,1 days,advance
17:43:50,1 days,advance
17:44:23,1 days,advance
17:46:57,1 days,advance
17:49:40,1 days,advance
17:50:07,1 days,advance
17:50:32,1 days,advance
17:50:54,1 days,advance
17:51:55,1 days,advance
17:53:51,1 days,advance
17:54:31,20 days,advance
17:55:00,1 days,advance
17:56:31,1 days,advance
17:58:49,1 days,advance
18:00:36,0 days,off-peak
18:10:36,0 days,anytime
18:11:17,1 days,advance
18:13:25,0 days,anytime
18:21:24,0 days,anytime
18:37:33,1 days,advance
18:48:46,1 days,advance
18:50:53,1 days,advance
18:54:21,1 days,advance
19:12:52,1 days,advance
19:23:21,1 days,advance
19:30:00,1 days,advance
19:31:32,1 days,advance
19:33:17,1 days,advance
19:33:52,1 days,advance
19:35:41,1 days,advance
19:41:32,1 days,advance
19:44:24,1 days,advance
19:47:04,1 days,advance
20:00:06,1 days,advance
20:05:46,1 days,advance
20:05:50,0 days,off-peak
20:13:16,0 days,off-peak
20:13:41,0 days,off-peak
20:15:06,1 days,advance
20:15:53,1 days,advance
20:18:31,1 days,advance
20:19:22,1 days,advance
20:20:47,1 days,advance
20:21:18,1 days,advance
20:22:14,18 days,advance
20:22:38,1 days,advance
20:23:12,1 days,advance
20:24:14,1 days,advance
20:24:42,1 days,advance
20:26:34,1 days,advance
20:27:47,1 days,advance
20:28:38,1 days,advance
20:31:29,0 days,off-peak
20:49:05,0 days,off-peak
20:54:37,0 days,off-peak
21:02:29,1 days,advance
21:14:07,1 days,advance
21:16:14,1 days,advance
21:22:14,1 days,advance
21:49:39,1 days,advance
22:14:04,1 days,advance
22:31:12,1 days,advance
22:34:49,1 days,advance
22:37:09,1 days,advance
22:37:37,1 days,advance
22:37:41,1 days,advance
22:55:07,1 days,advance
23:03:24,1 days,advance
23:09:53,1 days,advance
23:12:52,1 days,advance
23:13:12,1 days,advance
23:42:41,1 days,advance
00:01:08,1 days,advance
00:12:03,1 days,advance
00:24:28,0 days,off-peak
00:31:25,0 days,off-peak
00:37:02,0 days,off-peak
00:39:31,0 days,off-peak
00:42:41,0 days,off-peak
00:47:28,0 days,off-peak
00:48:36,0 days,off-peak
01:05:42,1 days,advance
01:05:54,1 days,advance
01:26:40,0 days,off-peak
01:29:06,1 days,advance
01:31:22,1 days,advance
01:34:46,0 days,off-peak
01:59:24,0 days,off-peak
02:11:05,0 days,off-peak
02:28:07,0 days,off-peak
02:44:20,0 days,off-peak
02:46:32,0 days,off-peak
02:54:39,0 days,off-peak
03:03:59,0 days,off-peak
03:05:33,0 days,off-peak
03:09:57,0 days,off-peak
03:17:17,1 days,advance
03:30:45,0 days,off-peak
03:30:57,1 days,advance
03:34:13,17 days,advance
03:40:03,1 days,advance
03:41:08,18 days,advance
03:52:52,1 days,advance
03:56:57,0 days,off-peak
04:03:08,0 days,off-peak
04:05:18,1 days,advance
04:25:12,1 days,advance
04:33:36,0 days,anytime
04:47:36,0 days,anytime
04:51:06,0 days,anytime
04:59:13,0 days,anytime
05:01:57,0 days,anytime
05:02:30,0 days,anytime
05:03:10,0 days,anytime
05:04:53,0 days,anytime
05:06:18,0 days,anytime
05:09:06,1 days,advance
05:10:20,0 days,anytime
05:11:37,1 days,advance
05:14:37,0 days,anytime
05:17:55,0 days,anytime
05:17:57,0 days,anytime
05:22:00,0 days,anytime
05:30:15,1 days,advance
05:34:32,0 days,anytime
05:36:16,0 days,anytime
05:45:13,1 days,advance
05:46:40,0 days,anytime
06:02:15,0 days,anytime
06:02:40,0 days,anytime
06:06:29,0 days,anytime
06:07:30,0 days,anytime
06:08:17,0 days,anytime
06:09:32,0 days,anytime
06:11:36,1 days,advance
06:12:19,0 days,anytime
06:28:58,1 days,advance
06:32:02,0 days,anytime
06:35:28,0 days,anytime
06:41:28,0 days,anytime
06:41:47,0 days,anytime
06:42:52,0 days,anytime
06:44:09,0 days,anytime
06:44:18,1 days,advance
06:50:38,0 days,anytime
07:06:33,0 days,anytime
07:09:15,1 days,advance
07:15:59,0 days,anytime
07:20:11,0 days,anytime
07:20:39,0 days,anytime
07:23:17,0 days,anytime
07:24:40,18 days,advance
07:25:04,0 days,anytime
07:25:21,0 days,anytime
07:27:43,0 days,anytime
07:28:53,0 days,anytime
07:37:34,0 days,off-peak
07:38:28,0 days,off-peak
07:42:33,0 days,anytime
07:43:48,0 days,off-peak
07:45:17,1 days,advance
07:45:31,0 days,anytime
07:45:51,0 days,off-peak
07:46:55,1 days,advance
07:48:36,0 days,off-peak
07:48:46,0 days,off-peak
07:50:48,1 days,advance
07:50:50,1 days,advance
07:52:22,1 days,advance
07:58:41,1 days,advance
07:58:45,1 days,advance
07:58:48,20 days,advance
07:59:57,1 days,advance
08:00:52,1 days,advance
08:01:10,1 days,advance
08:02:02,1 days,advance
08:06:04,1 days,advance
08:06:22,1 days,advance
08:09:28,1 days,advance
08:10:05,1 days,advance
08:11:37,1 days,advance
08:12:55,1 days,advance
08:13:32,1 days,advance
08:14:37,1 days,advance
08:18:38,1 days,advance
08:20:06,1 days,advance
08:22:44,1 days,advance
08:25:08,1 days,advance
08:33:57,1 days,advance
08:37:32,1 days,advance
08:45:26,1 days,advance
09:00:57,1 days,advance
09:07:49,1 days,advance
09:08:13,21 days,advance
09:11:15,0 days,off-peak
09:11:39,1 days,advance
09:12:53,1 days,advance
09:24:13,1 days,advance
09:24:14,0 days,off-peak
09:30:30,1 days,advance
09:31:08,1 days,advance
09:37:28,1 days,advance
09:38:30,0 days,off-peak
09:38:44,1 days,advance
09:39:37,1 days,advance
09:41:43,0 days,off-peak
09:42:28,1 days,advance
09:43:28,1 days,advance
09:54:09,1 days,advance
09:54:10,1 days,advance
09:54:46,1 days,advance
09:54:57,0 days,off-peak
09:57:10,0 days,off-peak
10:02:45,1 days,advance
10:16:23,1 days,advance
10:20:02,1 days,advance
10:21:31,0 days,off-peak
10:27:33,1 days,advance
10:29:35,1 days,advance
10:32:36,1 days,advance
10:32:43,1 days,advance
10:38:23,1 days,advance
10:40:56,1 days,advance
10:41:00,1 days,advance
10:44:45,0 days,off-peak
10:45:33,1 days,advance
10:46:49,0 days,off-peak
10:52:22,0 days,off-peak
11:17:13,1 days,advance
11:24:00,0 days,off-peak
11:24:02,1 days,advance
11:33:23,1 days,advance
11:40:25,0 days,off-peak
11:42:19,0 days,off-peak
11:46:22,0 days,off-peak
11:48:26,0 days,off-peak
11:52:53,0 days,off-peak
12:00:18,0 days,off-peak
12:05:35,0 days,off-peak
12:08:54,0 days,off-peak
12:12:13,0 days,off-peak
12:13:19,1 days,advance
12:21:44,0 days,off-peak
12:24:23,0 days,off-peak
12:24:23,0 days,off-peak
12:35:50,1 days,advance
12:42:02,1 days,advance
12:59:02,1 days,advance
13:15:29,0 days,off-peak
13:19:20,0 days,off-peak
13:21:39,1 days,advance
13:29:05,1 days,advance
13:32:15,1 days,advance
13:44:45,0 days,off-peak
14:04:09,1 days,advance
14:05:37,1 days,advance
14:13:15,0 days,off-peak
14:17:33,0 days,off-peak
14:18:27,0 days,off-peak
14:19:39,1 days,advance
14:34:14,0 days,anytime
14:37:02,0 days,anytime
14:41:00,0 days,anytime
14:43:21,0 days,anytime
14:47:38,0 days,anytime
14:52:47,0 days,anytime
14:54:17,0 days,anytime
14:54:31,1 days,advance
14:57:57,0 days,anytime
14:58:14,0 days,anytime
14:58:22,1 days,advance
14:58:57,0 days,anytime
14:59:28,0 days,anytime
14:59:46,1 days,advance
15:03:53,0 days,anytime
15:14:05,1 days,advance
15:44:43,1 days,advance
15:45:52,0 days,anytime
16:03:29,0 days,anytime
16:08:40,0 days,anytime
16:11:34,0 days,anytime
16:17:30,0 days,anytime
16:21:49,0 days,anytime
16:21:53,0 days,anytime
16:33:48,0 days,anytime
16:34:06,1 days,advance
16:56:51,0 days,anytime
17:00:08,0 days,anytime
17:01:15,0 days,anytime
17:18:17,1 days,advance
17:18:36,0 days,anytime
17:18:41,0 days,anytime
17:18:51,1 days,advance
17:20:43,0 days,anytime
17:21:37,1 days,advance
17:23:58,1 days,advance
17:25:24,1 days,advance
17:27:04,0 days,anytime
17:28:06,1 days,advance
17:29:15,0 days,anytime
17:31:45,1 days,advance
17:32:51,1 days,advance
17:38:20,0 days,off-peak
17:42:56,0 days,off-peak
17:43:49,1 days,advance
17:45:29,1 days,advance
17:57:13,0 days,off-peak
17:59:51,1 days,advance
18:10:43,0 days,anytime
18:17:42,0 days,anytime
18:26:46,0 days,off-peak
18:27:11,1 days,advance
18:34:13,0 days,off-peak
18:35:59,0 days,off-peak
18:36:02,0 days,off-peak
18:42:36,1 days,advance
18:44:28,1 days,advance
18:46:19,16 days,advance
18:52:50,0 days,off-peak
18:58:40,0 days,off-peak
19:05:12,0 days,off-peak
19:23:43,1 days,advance
19:24:31,1 days,advance
19:26:06,1 days,advance
19:31:44,1 days,advance
19:31:55,1 days,advance
19:32:56,1 days,advance
19:34:48,1 days,advance
19:35:31,1 days,advance
19:39:35,1 days,advance
19:42:12,1 days,advance
19:55:47,1 days,advance
20:01:38,0 days,off-peak
20:10:05,1 days,advance
20:11:54,1 days,advance
20:15:55,1 days,advance
20:16:44,1 days,advance
20:16:50,1 days,advance
20:18:12,1 days,advance
20:18:21,16 days,advance
20:19:53,1 days,advance
20:20:43,1 days,advance
20:20:49,1 days,advance
20:20:49,1 days,advance
20:21:42,1 days,advance
20:21:45,20 days,advance
20:22:54,1 days,advance
20:24:48,1 days,advance
20:24:56,1 days,advance
20:25:15,1 days,advance
20:27:15,1 days,advance
20:27:22,20 days,advance
20:29:08,1 days,advance
20:32:29,0 days,off-peak
20:33:45,1 days,advance
20:33:51,0 days,off-peak
20:46:24,0 days,off-peak
20:46:32,1 days,advance
21:31:42,1 days,advance
21:32:58,1 days,advance
22:30:39,1 days,advance
22:35:19,15 days,advance
22:39:12,1 days,advance
22:40:23,1 days,advance
23:09:58,20 days,advance
23:11:05,1 days,advance
23:27:07,1 days,advance
23:31:36,1 days,advance
23:52:31,1 days,advance
00:08:56,0 days,off-peak
00:09:16,0 days,off-peak
00:10:05,0 days,off-peak
00:10:42,0 days,off-peak
00:10:50,0 days,off-peak
00:14:02,0 days,off-peak
00:40:19,0 days,off-peak
00:56:27,0 days,off-peak
01:08:26,0 days,off-peak
01:12:59,0 days,off-peak
01:14:33,0 days,off-peak
01:26:41,1 days,advance
01:26:42,1 days,advance
01:27:25,14 days,advance
01:31:36,1 days,advance
01:58:30,1 days,advance
02:02:59,0 days,off-peak
02:03:38,1 days,advance
02:06:48,0 days,off-peak
02:12:03,0 days,off-peak
02:15:12,0 days,off-peak
02:35:17,1 days,advance
02:46:18,0 days,off-peak
02:46:18,0 days,off-peak
02:47:48,0 days,off-peak
02:54:46,0 days,off-peak
02:58:32,0 days,off-peak
03:01:07,0 days,off-peak
03:07:09,0 days,off-peak
03:09:10,1 days,advance
03:19:00,1 days,advance
03:25:46,1 days,advance
03:34:31,0 days,off-peak
03:38:40,1 days,advance
03:42:15,0 days,off-peak
03:45:49,0 days,off-peak
03:54:49,1 days,advance
04:44:48,1 days,advance
04:46:38,0 days,anytime
04:49:27,0 days,anytime
04:55:04,0 days,anytime
04:56:29,0 days,anytime
04:57:47,0 days,anytime
04:58:45,0 days,anytime
04:59:06,0 days,anytime
04:59:24,0 days,anytime
04:59:57,0 days,anytime
05:03:03,0 days,anytime
05:03:33,0 days,anytime
05:04:17,0 days,anytime
05:04:30,0 days,anytime
05:06:30,0 days,anytime
05:10:40,0 days,anytime
05:11:35,0 days,anytime
05:13:15,0 days,anytime
05:13:24,0 days,anytime
05:13:35,0 days,anytime
05:18:54,1 days,advance
05:25:17,1 days,advance
05:29:45,0 days,anytime
05:32:05,0 days,anytime
05:36:15,0 days,anytime
05:37:01,0 days,anytime
05:40:12,1 days,advance
05:51:41,0 days,off-peak
05:53:37,1 days,advance
05:56:55,0 days,anytime
06:01:15,0 days,anytime
06:02:55,1 days,advance
06:04:42,0 days,anytime
06:06:32,0 days,anytime
06:08:52,0 days,anytime
06:10:46,0 days,anytime
06:30:18,0 days,anytime
06:31:11,1 days,advance
06:33:01,0 days,anytime
06:33:04,0 days,anytime
06:35:00,0 days,anytime
06:44:49,0 days,anytime
06:47:06,0 days,anytime
06:52:16,0 days,anytime
07:08:56,0 days,anytime
07:16:49,0 days,anytime
07:19:58,0 days,anytime
07:22:37,0 days,anytime
07:24:54,0 days,anytime
07:25:11,0 days,anytime
07:27:07,0 days,anytime
07:29:53,0 days,anytime
07:33:02,1 days,advance
07:36:52,0 days,off-peak
07:39:50,1 days,advance
07:40:07,1 days,advance
07:44:44,0 days,off-peak
07:47:56,0 days,off-peak
07:51:12,1 days,advance
07:51:34,22 days,advance
07:54:06,1 days,advance
07:55:17,1 days,advance
07:58:52,1 days,advance
07:59:59,1 days,advance
08:00:11,1 days,advance
08:00:38,1 days,advance
08:02:21,1 days,advance
08:03:22,1 days,advance
08:04:03,1 days,advance
08:05:23,1 days,advance
08:05:41,1 days,advance
08:08:58,1 days,advance
08:11:33,1 days,advance
08:13:55,1 days,advance
08:17:25,1 days,advance
08:17:27,1 days,advance
08:18:16,1 days,advance
08:18:55,1 days,advance
08:20:35,1 days,advance
08:20:50,1 days,advance
08:20:52,14 days,advance
08:22:09,1 days,advance
08:22:16,1 days,advance
08:23:00,1 days,advance
08:29:10,1 days,advance
09:03:31,1 days,advance
09:04:01,1 days,advance
09:08:02,0 days,off-peak
09:08:21,0 days,off-peak
09:13:47,1 days,advance
09:20:25,0 days,off-peak
09:29:12,1 days,advance
09:32:28,0 days,off-peak
09:34:41,0 days,off-peak
09:36:37,0 days,off-peak
09:36:50,1 days,advance
09:40:23,1 days,advance
09:40:37,1 days,advance
09:41:40,1 days,advance
09:58:22,0 days,off-peak
10:08:19,1 days,advance
10:21:13,1 days,advance
10:21:17,1 days,advance
10:22:26,0 days,off-peak
10:29:24,1 days,advance
10:36:36,1 days,advance
10:46:04,1 days,advance
10:48:19,0 days,off-peak
10:52:22,0 days,off-peak
10:53:55,1 days,advance
11:05:00,0 days,off-peak
11:12:04,15 days,advance
11:13:58,0 days,off-peak
11:14:30,1 days,advance
11:17:46,0 days,off-peak
11:21:47,0 days,off-peak
11:28:46,1 days,advance
11:53:46,0 days,off-peak
11:54:28,1 days,advance
11:56:59,0 days,off-peak
12:02:05,0 days,off-peak
12:16:39,1 days,advance
12:21:06,0 days,off-peak
12:31:06,1 days,advance
12:31:14,24 days,advance
12:32:26,1 days,advance
12:33:10,1 days,advance
12:38:06,1 days,advance
12:57:25,1 days,advance
13:03:29,0 days,off-peak
13:09:17,0 days,off-peak
13:15:44,1 days,advance
13:21:22,1 days,advance
13:25:47,1 days,advance
13:30:09,1 days,advance
13:37:57,1 days,advance
13:40:15,18 days,advance
14:04:30,0 days,off-peak
14:06:46,1 days,advance
14:08:14,0 days,off-peak
14:08:43,1 days,advance
14:09:07,0 days,off-peak
14:11:29,0 days,off-peak
14:17:42,1 days,advance
14:18:58,0 days,off-peak
14:25:18,1 days,advance
14:29:10,0 days,off-peak
14:32:24,0 days,anytime
14:32:34,0 days,anytime
14:36:20,0 days,anytime
14:37:51,0 days,anytime
14:40:00,0 days,anytime
14:40:13,0 days,anytime
14:42:24,0 days,anytime
14:43:00,1 days,advance
14:43:33,1 days,advance
14:44:40,0 days,anytime
14:49:11,1 days,advance
14:51:13,0 days,anytime
14:54:37,0 days,anytime
14:57:31,1 days,advance
15:08:16,0 days,off-peak
15:11:49,0 days,anytime
15:14:12,0 days,anytime
15:17:32,1 days,advance
15:18:21,1 days,advance
15:18:22,1 days,advance
15:22:51,0 days,anytime
15:32:23,0 days,anytime
15:33:27,0 days,anytime
15:36:19,1 days,advance
15:40:46,0 days,anytime
15:50:01,0 days,anytime
15:50:03,1 days,advance
16:03:16,0 days,anytime
16:10:37,0 days,anytime
16:15:44,1 days,advance
16:15:51,0 days,anytime
16:22:29,0 days,anytime
16:53:24,1 days,advance
17:02:02,1 days,advance
17:02:07,0 days,anytime
17:10:48,0 days,anytime
17:12:06,0 days,anytime
17:15:22,0 days,anytime
17:15:56,0 days,anytime
17:18:42,0 days,anytime
17:18:51,1 days,advance
17:19:49,0 days,anytime
17:19:58,0 days,anytime
17:21:03,0 days,anytime
17:21:21,0 days,anytime
17:21:45,1 days,advance
17:21:58,0 days,anytime
17:23:48,0 days,anytime
17:25:14,1 days,advance
17:26:33,0 days,anytime
17:27:01,1 days,advance
17:27:06,0 days,anytime
17:32:16,1 days,advance
17:32:56,1 days,advance
17:35:15,1 days,advance
17:35:41,0 days,off-peak
17:38:27,0 days,off-peak
17:38:49,1 days,advance
17:40:44,1 days,advance
17:41:52,1 days,advance
17:42:30,1 days,advance
17:44:20,1 days,advance
17:44:52,1 days,advance
17:47:22,1 days,advance
17:52:19,1 days,advance
17:53:54,1 days,advance
17:54:21,1 days,advance
17:56:55,1 days,advance
18:00:17,1 days,advance
18:12:43,0 days,anytime
18:14:09,0 days,anytime
18:17:29,0 days,anytime
18:18:54,0 days,off-peak
18:32:11,16 days,advance
18:40:23,1 days,advance
18:40:59,0 days,off-peak
18:42:22,0 days,off-peak
18:49:29,0 days,off-peak
18:51:58,0 days,off-peak
18:52:36,0 days,off-peak
18:58:23,0 days,off-peak
18:59:06,0 days,off-peak
19:20:59,1 days,advance
19:21:50,1 days,advance
19:22:00,1 days,advance
19:22:27,1 days,advance
19:27:19,1 days,advance
19:30:52,1 days,advance
19:42:42,1 days,advance
19:44:06,0 days,off-peak
19:55:50,0 days,off-peak
20:02:56,0 days,off-peak
20:03:44,0 days,off-peak
20:04:51,0 days,off-peak
20:08:04,0 days,off-peak
20:09:30,0 days,off-peak
20:16:42,1 days,advance
20:20:08,1 days,advance
20:20:24,1 days,advance
20:22:58,1 days,advance
20:24:53,1 days,advance
20:25:10,1 days,advance
20:25:17,1 days,advance
20:26:41,1 days,advance
20:26:45,1 days,advance
20:29:14,1 days,advance
20:32:08,1 days,advance
20:32:45,1 days,advance
20:33:37,1 days,advance
20:42:15,0 days,off-peak
20:51:20,1 days,advance
20:58:33,0 days,off-peak
21:39:40,1 days,advance
21:53:16,1 days,advance
22:01:48,1 days,advance
22:41:30,1 days,advance
23:10:23,1 days,advance
23:13:47,1 days,advance
23:27:30,1 days,advance
23:35:48,1 days,advance
00:00:53,22 days,advance
00:00:55,0 days,off-peak
00:03:34,0 days,off-peak
00:11:21,0 days,off-peak
00:14:24,0 days,off-peak
00:20:50,0 days,off-peak
00:23:51,2 days,advance
00:26:41,0 days,off-peak
00:28:29,0 days,off-peak
00:38:01,0 days,off-peak
01:01:38,0 days,off-peak
01:02:17,0 days,off-peak
01:05:41,0 days,off-peak
01:08:38,1 days,advance
01:09:31,1 days,advance
01:16:53,1 days,advance
01:17:25,1 days,advance
01:17:39,1 days,advance
01:17:52,1 days,advance
01:37:24,1 days,advance
01:53:58,1 days,advance
02:11:12,0 days,off-peak
02:49:44,0 days,off-peak
02:59:11,0 days,off-peak
03:01:48,1 days,advance
03:03:09,0 days,off-peak
03:06:11,1 days,advance
03:08:46,0 days,off-peak
03:08:52,1 days,advance
03:09:31,1 days,advance
03:30:09,1 days,advance
03:34:21,0 days,off-peak
03:37:07,1 days,advance
03:41:33,0 days,off-peak
03:48:45,1 days,advance
03:51:26,1 days,advance
04:00:08,1 days,advance
04:07:19,1 days,advance
04:30:03,0 days,anytime
04:46:34,0 days,anytime
04:58:39,0 days,anytime
05:00:16,0 days,anytime
05:01:36,0 days,anytime
05:01:50,0 days,anytime
05:03:11,1 days,advance
05:04:24,0 days,anytime
05:04:28,0 days,anytime
05:07:51,19 days,advance
05:09:01,0 days,anytime
05:11:23,0 days,anytime
05:14:04,0 days,anytime
05:19:03,0 days,anytime
05:22:43,0 days,anytime
05:27:51,0 days,anytime
05:28:50,0 days,anytime
05:32:09,0 days,anytime
05:47:48,1 days,advance
05:48:24,1 days,advance
06:03:37,0 days,anytime
06:04:20,1 days,advance
06:05:42,0 days,anytime
06:06:47,0 days,anytime
06:07:04,0 days,anytime
06:09:52,0 days,anytime
06:12:24,0 days,anytime
06:23:49,13 days,advance
06:26:30,1 days,advance
06:30:02,0 days,anytime
06:31:29,0 days,anytime
06:31:38,0 days,anytime
06:31:58,0 days,anytime
06:33:29,0 days,anytime
06:36:48,0 days,anytime
06:37:50,0 days,anytime
06:38:45,0 days,anytime
06:39:07,0 days,anytime
06:39:45,1 days,advance
06:41:53,1 days,advance
06:42:09,0 days,anytime
06:43:31,0 days,anytime
06:43:36,0 days,anytime
06:44:05,0 days,anytime
06:44:22,0 days,anytime
06:54:20,0 days,anytime
06:59:28,1 days,advance
07:02:31,0 days,anytime
07:15:24,1 days,advance
07:20:48,0 days,anytime
07:22:40,0 days,anytime
07:23:14,0 days,anytime
07:23:42,0 days,anytime
07:24:53,13 days,advance
07:26:49,0 days,anytime
07:26:52,0 days,anytime
07:30:08,1 days,advance
07:41:57,1 days,advance
07:49:26,0 days,off-peak
07:50:08,1 days,advance
07:52:49,0 days,off-peak
07:55:05,1 days,advance
07:56:21,1 days,advance
08:00:12,1 days,advance
08:02:16,1 days,advance
08:03:09,1 days,advance
08:05:34,1 days,advance
08:07:06,1 days,advance
08:07:18,0 days,off-peak
08:14:15,1 days,advance
08:14:40,1 days,advance
08:16:39,1 days,advance
08:18:06,1 days,advance
08:20:12,1 days,advance
08:20:13,1 days,advance
08:22:05,1 days,advance
08:22:44,1 days,advance
08:23:40,1 days,advance
08:28:18,1 days,advance
08:33:27,1 days,advance
08:35:03,1 days,advance
08:39:03,1 days,advance
08:46:33,0 days,off-peak
09:04:47,1 days,advance
09:07:24,1 days,advance
09:12:20,1 days,advance
09:17:30,0 days,off-peak
09:31:33,1 days,advance
09:32:28,1 days,advance
09:32:45,1 days,advance
09:33:52,1 days,advance
09:34:37,1 days,advance
09:38:50,1 days,advance
09:45:59,0 days,off-peak
09:55:52,0 days,off-peak
10:08:48,1 days,advance
10:17:57,0 days,off-peak
10:17:59,1 days,advance
10:18:47,1 days,advance
10:19:40,1 days,advance
10:21:17,1 days,advance
10:25:14,1 days,advance
10:25:21,1 days,advance
10:30:08,0 days,off-peak
10:31:17,1 days,advance
10:35:16,1 days,advance
10:42:39,1 days,advance
10:48:27,1 days,advance
10:54:22,1 days,advance
11:15:13,0 days,off-peak
11:29:52,0 days,off-peak
11:32:04,1 days,advance
11:41:05,0 days,off-peak
11:41:50,1 days,advance
11:51:24,0 days,off-peak
11:57:24,1 days,advance
11:59:07,1 days,advance
12:00:02,0 days,off-peak
12:00:06,1 days,advance
12:04:11,1 days,advance
12:10:20,0 days,off-peak
12:17:02,0 days,off-peak
12:33:15,1 days,advance
12:40:16,1 days,advance
12:42:14,0 days,off-peak
12:43:47,1 days,advance
12:50:37,0 days,off-peak
12:51:14,0 days,off-peak
12:51:45,0 days,off-peak
12:55:28,0 days,off-peak
13:16:35,0 days,off-peak
13:20:15,0 days,off-peak
13:22:42,0 days,off-peak
13:26:45,0 days,off-peak
13:27:50,0 days,off-peak
13:40:54,1 days,advance
14:00:36,0 days,off-peak
14:01:58,0 days,off-peak
14:06:05,1 days,advance
14:14:05,1 days,advance
14:22:20,0 days,off-peak
14:24:08,0 days,off-peak
14:36:29,0 days,anytime
14:39:37,0 days,anytime
14:41:05,0 days,anytime
14:43:38,0 days,anytime
14:50:28,1 days,advance
14:53:56,0 days,anytime
14:55:19,0 days,anytime
14:55:35,1 days,advance
14:55:45,0 days,anytime
14:57:48,1 days,advance
14:57:56,0 days,anytime
15:02:20,0 days,off-peak
15:12:19,0 days,anytime
15:12:58,0 days,anytime
15:23:39,0 days,anytime
15:46:35,0 days,anytime
15:53:15,0 days,anytime
15:58:20,1 days,advance
16:01:14,0 days,anytime
16:02:05,0 days,anytime
16:04:12,0 days,anytime
16:13:44,0 days,anytime
16:15:55,1 days,advance
16:17:21,1 days,advance
16:21:48,0 days,anytime
16:35:27,0 days,anytime
16:40:49,1 days,advance
17:00:34,0 days,anytime
17:04:01,1 days,advance
17:07:23,1 days,advance
17:08:38,13 days,advance
17:11:46,0 days,anytime
17:12:00,1 days,advance
17:15:51,0 days,anytime
17:16:07,0 days,anytime
17:16:17,0 days,anytime
17:18:06,0 days,anytime
17:18:48,0 days,anytime
17:20:21,1 days,advance
17:22:46,0 days,anytime
17:23:15,0 days,anytime
17:25:15,0 days,anytime
17:26:30,0 days,anytime
17:27:44,0 days,anytime
17:34:07,1 days,advance
17:37:28,1 days,advance
17:37:52,0 days,off-peak
17:39:14,1 days,advance
17:39:50,1 days,advance
17:45:09,1 days,advance
17:45:15,1 days,advance
17:45:51,1 days,advance
17:47:12,1 days,advance
17:47:47,1 days,advance
17:48:47,1 days,advance
17:54:08,13 days,advance
17:56:26,1 days,advance
18:08:40,1 days,advance
18:14:41,1 days,advance
18:19:56,0 days,anytime
18:30:17,1 days,advance
18:35:57,0 days,off-peak
18:38:21,0 days,off-peak
18:42:01,0 days,off-peak
18:51:37,1 days,advance
18:52:08,1 days,advance
19:26:17,1 days,advance
19:30:07,17 days,advance
19:33:29,1 days,advance
19:34:19,0 days,off-peak
19:35:14,1 days,advance
19:36:24,1 days,advance
19:41:48,1 days,advance
19:44:08,1 days,advance
20:10:25,1 days,advance
20:13:54,0 days,off-peak
20:14:22,14 days,advance
20:15:28,1 days,advance
20:15:47,22 days,advance
20:20:04,1 days,advance
20:22:46,1 days,advance
20:23:16,1 days,advance
20:24:33,1 days,advance
20:25:10,1 days,advance
20:27:28,1 days,advance
20:28:18,1 days,advance
20:33:14,1 days,advance
20:38:34,1 days,advance
20:38:42,0 days,off-peak
20:41:34,0 days,off-peak
20:54:40,0 days,off-peak
20:56:16,1 days,advance
21:17:08,1 days,advance
21:38:14,1 days,advance
21:54:11,1 days,advance
21:55:59,1 days,advance
21:57:23,1 days,advance
21:59:44,1 days,advance
22:17:12,1 days,advance
22:31:15,1 days,advance
22:47:46,1 days,advance
22:47:54,1 days,advance
23:03:56,1 days,advance
23:06:23,1 days,advance
23:06:29,1 days,advance
23:10:01,1 days,advance
23:10:49,1 days,advance
23:25:42,1 days,advance
23:31:16,1 days,advance
23:46:54,1 days,advance
00:20:23,23 days,advance
00:22:55,0 days,off-peak
00:33:49,1 days,advance
00:38:22,0 days,off-peak
00:53:39,1 days,advance
00:54:15,1 days,advance
00:57:39,0 days,off-peak
01:03:47,1 days,advance
01:20:21,1 days,advance
01:20:55,0 days,off-peak
01:23:19,1 days,advance
01:24:05,0 days,off-peak
01:25:38,0 days,off-peak
01:26:55,27 days,advance
01:31:10,1 days,advance
01:35:19,1 days,advance
01:36:51,12 days,advance
01:44:52,1 days,advance
02:05:37,1 days,advance
02:38:50,1 days,advance
03:01:53,0 days,off-peak
03:05:39,0 days,off-peak
03:06:20,0 days,off-peak
03:07:11,0 days,off-peak
03:08:22,1 days,advance
03:14:52,1 days,advance
03:30:52,0 days,off-peak
03:32:06,1 days,advance
03:32:34,0 days,off-peak
03:39:19,1 days,advance
03:40:32,1 days,advance
04:05:14,1 days,advance
04:06:30,0 days,off-peak
04:09:38,1 days,advance
04:13:14,0 days,off-peak
04:15:38,1 days,advance
04:25:53,0 days,off-peak
04:29:06,0 days,off-peak
04:30:52,1 days,advance
04:33:22,0 days,off-peak
04:48:35,0 days,off-peak
04:52:11,0 days,off-peak
04:55:04,0 days,off-peak
05:00:21,23 days,advance
05:03:26,0 days,off-peak
05:04:24,0 days,off-peak
05:19:28,0 days,off-peak
05:19:33,0 days,off-peak
05:23:12,0 days,off-peak
05:24:59,0 days,off-peak
05:36:09,0 days,off-peak
05:47:58,0 days,off-peak
05:52:41,1 days,advance
05:56:25,1 days,advance
06:04:27,0 days,off-peak
06:04:44,0 days,off-peak
06:05:14,0 days,off-peak
06:09:41,0 days,off-peak
06:11:44,0 days,off-peak
06:12:04,0 days,off-peak
06:31:09,0 days,off-peak
06:34:28,0 days,off-peak
06:35:45,0 days,off-peak
06:38:05,1 days,advance
06:39:17,0 days,off-peak
06:39:23,0 days,off-peak
06:41:58,0 days,off-peak
06:42:07,0 days,off-peak
06:42:51,0 days,off-peak
06:43:15,0 days,off-peak
06:43:24,0 days,off-peak
06:45:33,0 days,off-peak
06:59:26,1 days,advance
07:17:03,0 days,off-peak
07:20:55,0 days,off-peak
07:21:52,0 days,off-peak
07:23:19,0 days,off-peak
07:34:20,0 days,off-peak
07:38:11,1 days,advance
07:40:37,0 days,off-peak
07:47:06,1 days,advance
07:51:24,1 days,advance
07:52:57,0 days,off-peak
07:54:34,1 days,advance
07:57:13,1 days,advance
07:59:59,1 days,advance
08:02:09,1 days,advance
08:02:43,1 days,advance
08:10:00,1 days,advance
08:13:07,1 days,advance
08:13:25,1 days,advance
08:16:15,1 days,advance
08:17:03,0 days,off-peak
08:18:46,1 days,advance
08:20:27,1 days,advance
08:23:06,1 days,advance
08:25:20,1 days,advance
08:29:55,1 days,advance
08:52:15,1 days,advance
08:52:26,1 days,advance
08:56:33,0 days,off-peak
08:56:35,1 days,advance
09:00:08,1 days,advance
09:04:32,0 days,off-peak
09:07:40,1 days,advance
09:09:32,1 days,advance
09:17:08,0 days,off-peak
09:25:59,0 days,off-peak
09:31:29,0 days,off-peak
09:32:36,1 days,advance
09:34:13,1 days,advance
09:35:15,1 days,advance
09:35:22,1 days,advance
09:37:13,14 days,advance
09:38:30,1 days,advance
09:40:21,0 days,off-peak
09:41:11,1 days,advance
09:41:59,1 days,advance
09:42:02,1 days,advance
09:42:57,1 days,advance
09:43:19,1 days,advance
09:43:31,1 days,advance
10:21:11,12 days,advance
10:22:30,0 days,off-peak
10:23:50,1 days,advance
10:29:19,1 days,advance
10:38:41,1 days,advance
10:41:34,0 days,off-peak
10:43:10,1 days,advance
10:44:28,1 days,advance
10:50:46,0 days,off-peak
11:01:08,1 days,advance
11:25:00,0 days,off-peak
11:38:39,0 days,off-peak
11:49:12,0 days,off-peak
12:01:49,0 days,off-peak
12:07:07,1 days,advance
12:07:20,1 days,advance
12:07:29,0 days,off-peak
12:10:28,0 days,off-peak
12:12:09,1 days,advance
12:23:15,0 days,off-peak
12:26:58,1 days,advance
12:34:24,12 days,advance
12:40:38,12 days,advance
12:44:32,1 days,advance
12:47:33,0 days,off-peak
12:49:31,1 days,advance
12:51:31,0 days,off-peak
13:18:29,0 days,off-peak
13:33:14,1 days,advance
13:41:33,1 days,advance
13:42:54,1 days,advance
13:43:00,1 days,advance
13:44:55,0 days,off-peak
13:54:14,0 days,off-peak
14:00:08,1 days,advance
14:01:03,0 days,off-peak
14:01:45,0 days,off-peak
14:03:14,0 days,off-peak
14:06:59,0 days,off-peak
14:31:42,0 days,off-peak
14:33:17,0 days,off-peak
14:33:53,0 days,off-peak
14:40:52,0 days,off-peak
14:41:12,0 days,off-peak
14:41:31,0 days,off-peak
14:42:43,0 days,off-peak
14:46:54,1 days,advance
14:47:46,0 days,off-peak
14:50:33,1 days,advance
14:53:17,0 days,off-peak
14:53:18,0 days,off-peak
15:06:41,1 days,advance
15:13:28,0 days,off-peak
15:14:13,0 days,off-peak
15:16:59,1 days,advance
15:17:24,0 days,off-peak
15:24:13,0 days,off-peak
15:31:55,0 days,off-peak
15:44:04,0 days,off-peak
15:45:51,1 days,advance
15:48:57,0 days,off-peak
16:00:11,0 days,off-peak
16:00:23,1 days,advance
16:03:26,0 days,off-peak
16:10:00,1 days,advance
16:11:47,0 days,off-peak
16:17:55,0 days,off-peak
16:22:36,1 days,advance
16:23:06,1 days,advance
16:27:56,1 days,advance
16:35:13,1 days,advance
16:37:24,0 days,off-peak
16:46:32,0 days,off-peak
17:04:40,0 days,off-peak
17:04:44,0 days,off-peak
17:07:38,1 days,advance
17:12:04,0 days,off-peak
17:12:19,0 days,off-peak
17:12:57,0 days,off-peak
17:13:33,1 days,advance
17:16:33,0 days,off-peak
17:20:28,1 days,advance
17:20:44,1 days,advance
17:24:08,1 days,advance
17:25:01,0 days,off-peak
17:28:51,0 days,off-peak
17:33:21,1 days,advance
17:34:59,0 days,off-peak
17:36:34,1 days,advance
17:39:49,0 days,off-peak
17:43:12,1 days,advance
17:43:40,1 days,advance
17:48:05,15 days,advance
17:49:32,1 days,advance
17:58:38,1 days,advance
18:13:41,0 days,off-peak
18:31:37,0 days,off-peak
18:36:14,20 days,advance
18:38:23,1 days,advance
18:40:40,1 days,advance
18:45:10,1 days,advance
18:48:47,0 days,off-peak
18:48:58,0 days,off-peak
18:51:11,0 days,off-peak
19:00:21,0 days,off-peak
19:23:19,1 days,advance
19:27:27,1 days,advance
19:29:52,1 days,advance
19:31:43,1 days,advance
19:32:59,1 days,advance
19:38:55,1 days,advance
19:41:24,1 days,advance
20:00:00,1 days,advance
20:01:12,14 days,advance
20:01:35,0 days,off-peak
20:07:33,0 days,off-peak
20:08:05,0 days,off-peak
20:15:46,1 days,advance
20:19:27,1 days,advance
20:20:11,1 days,advance
20:25:01,1 days,advance
20:25:01,1 days,advance
20:25:12,1 days,advance
20:26:55,1 days,advance
20:27:37,1 days,advance
20:29:07,1 days,advance
20:29:36,1 days,advance
20:33:53,13 days,advance
20:35:37,1 days,advance
20:40:02,1 days,advance
20:47:03,0 days,off-peak
21:30:15,1 days,advance
21:36:18,1 days,advance
21:39:35,1 days,advance
21:45:42,1 days,advance
22:37:46,1 days,advance
22:39:51,1 days,advance
22:41:00,1 days,advance
22:41:27,1 days,advance
22:44:56,1 days,advance
23:00:43,1 days,advance
23:03:25,1 days,advance
23:04:53,1 days,advance
23:09:20,1 days,advance
23:09:26,1 days,advance
23:40:36,1 days,advance
23:47:39,14 days,advance
23:53:48,1 days,advance
00:08:54,0 days,off-peak
00:29:06,0 days,off-peak
00:37:21,0 days,off-peak
00:47:32,0 days,off-peak
01:06:20,1 days,advance
01:19:12,1 days,advance
01:20:08,1 days,advance
01:23:22,1 days,advance
01:31:24,1 days,advance
01:35:10,1 days,advance
01:35:27,1 days,advance
01:37:22,1 days,advance
01:58:28,0 days,off-peak
02:02:53,0 days,off-peak
02:04:38,1 days,advance
02:46:23,0 days,off-peak
02:49:48,0 days,off-peak
02:58:42,0 days,off-peak
03:05:36,1 days,advance
03:08:48,1 days,advance
03:14:47,1 days,advance
03:19:29,1 days,advance
03:24:57,1 days,advance
03:31:16,1 days,advance
03:38:47,1 days,advance
03:45:35,0 days,off-peak
03:50:12,1 days,advance
04:10:12,1 days,advance
04:27:09,0 days,off-peak
04:46:44,0 days,off-peak
04:47:49,1 days,advance
05:01:31,0 days,off-peak
05:01:55,0 days,off-peak
05:06:06,0 days,off-peak
05:07:18,0 days,off-peak
05:08:21,0 days,off-peak
05:09:45,0 days,off-peak
05:13:11,0 days,off-peak
05:14:31,0 days,off-peak
05:18:38,0 days,off-peak
05:38:57,1 days,advance
05:48:26,1 days,advance
06:00:39,1 days,advance
06:01:15,1 days,advance
06:07:26,1 days,advance
06:08:54,1 days,advance
06:10:45,0 days,off-peak
06:14:40,0 days,off-peak
06:23:32,1 days,advance
06:34:14,0 days,off-peak
06:34:50,1 days,advance
06:35:33,0 days,off-peak
06:37:53,0 days,off-peak
06:40:25,0 days,off-peak
06:40:52,0 days,off-peak
06:43:20,0 days,off-peak
06:44:37,1 days,advance
06:48:07,1 days,advance
07:00:14,0 days,off-peak
07:02:03,1 days,advance
07:12:08,0 days,off-peak
07:13:20,1 days,advance
07:15:37,0 days,off-peak
07:16:19,0 days,off-peak
07:19:34,0 days,off-peak
07:23:05,0 days,off-peak
07:24:50,0 days,off-peak
07:27:00,0 days,off-peak
07:28:23,0 days,off-peak
07:32:16,1 days,advance
07:46:06,0 days,off-peak
07:46:15,1 days,advance
07:49:36,1 days,advance
07:49:57,1 days,advance
07:50:32,1 days,advance
07:51:49,1 days,advance
07:53:06,0 days,off-peak
07:53:26,1 days,advance
07:56:36,1 days,advance
08:02:28,1 days,advance
08:07:36,1 days,advance
08:10:31,1 days,advance
08:13:40,1 days,advance
08:15:18,1 days,advance
08:19:49,1 days,advance
08:20:10,1 days,advance
08:25:20,15 days,advance
08:26:06,1 days,advance
08:28:00,1 days,advance
08:29:42,1 days,advance
08:29:55,1 days,advance
08:41:19,1 days,advance
08:43:55,1 days,advance
08:51:34,1 days,advance
09:01:52,1 days,advance
09:02:14,1 days,advance
09:05:49,0 days,off-peak
09:10:48,1 days,advance
09:11:33,1 days,advance
09:12:42,1 days,advance
09:14:24,1 days,advance
09:14:50,1 days,advance
09:18:02,0 days,off-peak
09:21:43,0 days,off-peak
09:23:02,0 days,off-peak
09:27:02,0 days,off-peak
09:30:25,0 days,off-peak
09:32:17,1 days,advance
09:34:45,1 days,advance
09:36:53,1 days,advance
09:37:50,1 days,advance
09:40:37,1 days,advance
09:43:58,1 days,advance
09:44:00,1 days,advance
09:58:32,1 days,advance
10:14:41,1 days,advance
10:15:56,0 days,off-peak
10:32:01,0 days,off-peak
10:33:27,1 days,advance
10:34:08,1 days,advance
10:36:21,1 days,advance
10:37:25,1 days,advance
10:39:07,0 days,off-peak
10:40:26,0 days,off-peak
10:41:30,1 days,advance
10:42:10,20 days,advance
10:50:29,1 days,advance
10:55:34,1 days,advance
10:59:06,18 days,advance
11:14:09,0 days,off-peak
11:30:49,0 days,off-peak
11:31:52,0 days,off-peak
11:40:01,0 days,off-peak
11:58:53,12 days,advance
12:00:31,1 days,advance
12:00:55,1 days,advance
12:13:43,1 days,advance
12:25:12,1 days,advance
12:29:25,0 days,off-peak
12:36:41,1 days,advance
12:58:01,0 days,off-peak
13:06:57,0 days,off-peak
13:07:12,1 days,advance
13:19:44,1 days,advance
13:19:46,0 days,off-peak
13:33:37,1 days,advance
13:59:37,1 days,advance
14:15:50,0 days,off-peak
14:31:27,0 days,off-peak
14:32:12,0 days,off-peak
14:32:23,0 days,off-peak
14:33:50,0 days,off-peak
14:34:50,0 days,off-peak
14:35:29,0 days,off-peak
14:35:38,0 days,off-peak
14:36:03,0 days,off-peak
14:37:10,0 days,off-peak
14:41:03,0 days,off-peak
14:47:59,1 days,advance
14:51:00,0 days,off-peak
14:55:47,0 days,off-peak
14:57:07,1 days,advance
14:57:28,0 days,off-peak
14:57:44,1 days,advance
15:07:45,0 days,off-peak
15:08:35,0 days,off-peak
15:10:50,0 days,off-peak
15:14:04,0 days,off-peak
15:14:13,0 days,off-peak
15:20:54,0 days,off-peak
15:23:51,1 days,advance
15:23:52,0 days,off-peak
15:38:39,1 days,advance
15:51:53,0 days,off-peak
15:52:16,0 days,off-peak
16:06:14,1 days,advance
16:08:57,0 days,off-peak
16:10:23,0 days,off-peak
16:13:15,0 days,off-peak
16:13:24,0 days,off-peak
16:14:57,0 days,off-peak
16:16:44,1 days,advance
16:22:16,1 days,advance
16:31:21,0 days,off-peak
16:39:19,1 days,advance
17:08:37,0 days,off-peak
17:09:52,0 days,off-peak
17:15:01,0 days,off-peak
17:17:06,0 days,anytime
17:17:35,0 days,off-peak
17:18:48,0 days,off-peak
17:18:58,0 days,off-peak
17:19:54,0 days,off-peak
17:20:39,0 days,off-peak
17:23:16,1 days,advance
17:25:44,0 days,off-peak
17:26:52,0 days,off-peak
17:27:24,0 days,off-peak
17:28:17,1 days,advance
17:31:10,1 days,advance
17:33:35,1 days,advance
17:33:38,1 days,advance
17:33:44,0 days,off-peak
17:33:52,1 days,advance
17:42:33,1 days,advance
17:43:00,1 days,advance
17:43:01,1 days,advance
17:47:05,0 days,off-peak
17:47:13,1 days,advance
17:49:23,1 days,advance
17:49:43,1 days,advance
17:56:02,1 days,advance
18:08:54,1 days,advance
18:08:56,1 days,advance
18:13:47,0 days,off-peak
18:14:41,0 days,off-peak
18:19:50,0 days,off-peak
18:20:35,0 days,off-peak
18:21:45,0 days,off-peak
18:23:25,0 days,off-peak
18:31:49,0 days,off-peak
18:34:18,1 days,advance
18:38:08,1 days,advance
18:41:33,1 days,advance
18:44:14,1 days,advance
18:49:22,1 days,advance
18:55:11,1 days,advance
18:57:12,1 days,advance
19:07:07,0 days,off-peak
19:22:17,1 days,advance
19:33:37,1 days,advance
19:36:30,1 days,advance
19:37:32,1 days,advance
19:37:51,1 days,advance
19:39:16,1 days,advance
19:42:03,1 days,advance
20:11:36,1 days,advance
20:12:26,1 days,advance
20:15:34,1 days,advance
20:17:53,1 days,advance
20:18:24,1 days,advance
20:18:27,1 days,advance
20:18:52,1 days,advance
20:20:47,1 days,advance
20:25:06,1 days,advance
20:25:35,1 days,advance
20:29:10,1 days,advance
20:30:39,0 days,off-peak
20:30:49,1 days,advance
20:32:13,14 days,advance
20:33:31,1 days,advance
20:34:50,1 days,advance
20:40:51,0 days,off-peak
21:34:48,1 days,advance
21:49:30,1 days,advance
21:50:51,1 days,advance
21:53:28,1 days,advance
22:18:28,1 days,advance
22:25:57,1 days,advance
22:32:12,1 days,advance
22:43:12,1 days,advance
23:06:56,1 days,advance
23:14:03,1 days,advance
23:38:21,23 days,advance
00:12:21,0 days,off-peak
00:18:33,0 days,off-peak
00:27:46,0 days,off-peak
00:28:00,0 days,off-peak
00:28:08,2 days,advance
00:39:54,0 days,off-peak
01:01:14,0 days,off-peak
01:10:16,1 days,advance
01:14:23,0 days,off-peak
01:17:19,0 days,off-peak
01:25:56,21 days,advance
01:27:01,1 days,advance
01:29:58,0 days,off-peak
01:37:37,1 days,advance
02:14:40,0 days,off-peak
02:39:36,0 days,off-peak
02:41:30,13 days,advance
02:54:22,1 days,advance
03:02:21,0 days,off-peak
03:05:25,0 days,off-peak
03:07:01,0 days,off-peak
03:21:18,0 days,off-peak
03:21:52,0 days,off-peak
03:27:59,0 days,off-peak
03:32:14,0 days,off-peak
03:35:27,0 days,off-peak
03:38:53,0 days,off-peak
04:08:32,1 days,advance
04:15:29,0 days,off-peak
04:24:56,0 days,off-peak
04:43:59,0 days,anytime
04:45:21,0 days,anytime
04:46:30,0 days,anytime
04:47:28,1 days,advance
04:51:41,0 days,anytime
04:53:15,0 days,anytime
04:59:35,0 days,anytime
05:06:02,0 days,anytime
05:06:16,1 days,advance
05:07:54,0 days,anytime
05:10:47,0 days,anytime
05:14:49,0 days,anytime
05:14:54,1 days,advance
05:25:41,0 days,anytime
05:28:56,0 days,anytime
05:40:03,0 days,anytime
05:51:32,0 days,off-peak
05:53:29,1 days,advance
05:55:43,0 days,anytime
05:55:59,1 days,advance
05:57:02,1 days,advance
05:59:18,11 days,advance
06:00:26,0 days,anytime
06:00:34,0 days,anytime
06:06:57,1 days,advance
06:07:03,0 days,anytime
06:10:43,1 days,advance
06:10:44,0 days,anytime
06:10:47,1 days,advance
06:13:53,0 days,anytime
06:32:08,1 days,advance
06:32:30,19 days,advance
06:33:32,0 days,anytime
06:33:43,0 days,anytime
06:34:07,1 days,advance
06:35:13,1 days,advance
06:37:31,0 days,anytime
06:41:20,0 days,anytime
06:41:53,0 days,anytime
06:50:51,0 days,anytime
06:59:31,0 days,anytime
07:05:19,0 days,anytime
07:15:17,0 days,anytime
07:17:12,1 days,advance
07:21:12,0 days,anytime
07:21:18,0 days,anytime
07:21:49,0 days,anytime
07:24:54,0 days,anytime
07:26:36,0 days,anytime
07:28:59,0 days,anytime
07:33:02,1 days,advance
07:36:57,0 days,off-peak
07:45:18,1 days,advance
07:47:13,0 days,off-peak
07:52:24,21 days,advance
07:54:23,1 days,advance
07:54:37,1 days,advance
07:54:56,1 days,advance
07:54:59,15 days,advance
07:56:42,1 days,advance
07:58:22,0 days,off-peak
07:59:52,0 days,off-peak
08:01:30,10 days,advance
08:05:12,1 days,advance
08:05:50,1 days,advance
08:07:12,0 days,off-peak
08:11:42,1 days,advance
08:13:29,1 days,advance
08:13:55,0 days,off-peak
08:15:44,1 days,advance
08:15:55,1 days,advance
08:17:14,1 days,advance
08:17:59,13 days,advance
08:19:07,1 days,advance
08:19:24,1 days,advance
08:19:57,1 days,advance
08:22:14,1 days,advance
08:23:38,1 days,advance
08:27:30,14 days,advance
08:32:31,0 days,off-peak
08:39:41,1 days,advance
08:44:56,1 days,advance
08:45:14,1 days,advance
09:01:04,1 days,advance
09:01:47,13 days,advance
09:03:35,1 days,advance
09:04:56,0 days,off-peak
09:04:57,1 days,advance
09:05:18,1 days,advance
09:06:09,1 days,advance
09:07:09,1 days,advance
09:07:17,1 days,advance
09:07:18,1 days,advance
09:07:45,0 days,off-peak
09:11:31,0 days,off-peak
09:23:23,1 days,advance
09:28:04,0 days,off-peak
09:30:20,1 days,advance
09:31:43,1 days,advance
09:32:42,11 days,advance
09:36:04,1 days,advance
09:37:14,1 days,advance
09:38:27,1 days,advance
09:40:19,20 days,advance
09:42:06,1 days,advance
09:43:30,1 days,advance
09:43:45,1 days,advance
09:54:39,1 days,advance
10:11:05,1 days,advance
10:17:29,1 days,advance
10:20:36,14 days,advance
10:20:37,1 days,advance
10:21:02,1 days,advance
10:24:13,0 days,off-peak
10:31:22,0 days,off-peak
10:32:12,1 days,advance
10:32:31,1 days,advance
10:35:21,1 days,advance
10:38:20,1 days,advance
10:38:31,1 days,advance
10:49:36,1 days,advance
10:52:32,1 days,advance
11:01:12,0 days,off-peak
11:16:19,0 days,off-peak
11:21:48,0 days,off-peak
11:24:36,0 days,off-peak
11:25:07,0 days,off-peak
11:31:38,0 days,off-peak
11:45:37,0 days,off-peak
11:47:43,0 days,off-peak
11:47:54,0 days,off-peak
11:52:13,0 days,off-peak
11:56:01,0 days,off-peak
11:59:45,0 days,off-peak
11:59:51,1 days,advance
12:11:12,1 days,advance
12:11:34,1 days,advance
12:22:33,1 days,advance
12:25:47,0 days,off-peak
12:27:08,0 days,off-peak
12:30:19,1 days,advance
12:40:12,1 days,advance
12:40:52,1 days,advance
12:41:27,1 days,advance
12:45:23,0 days,off-peak
12:47:25,0 days,off-peak
13:01:18,1 days,advance
13:19:37,0 days,off-peak
13:28:51,1 days,advance
13:38:54,0 days,off-peak
14:07:17,0 days,off-peak
14:11:10,0 days,off-peak
14:19:13,0 days,off-peak
14:25:01,0 days,off-peak
14:29:08,1 days,advance
14:30:40,1 days,advance
14:31:09,0 days,anytime
14:34:12,0 days,anytime
14:35:12,0 days,anytime
14:36:21,0 days,anytime
14:42:07,1 days,advance
14:45:27,0 days,anytime
14:48:23,0 days,anytime
14:52:40,0 days,anytime
15:01:49,1 days,advance
15:05:04,0 days,off-peak
15:13:37,0 days,anytime
15:18:36,0 days,anytime
15:22:14,0 days,anytime
15:43:04,1 days,advance
15:49:55,1 days,advance
15:52:29,0 days,anytime
15:55:26,0 days,anytime
15:56:36,1 days,advance
16:00:39,0 days,anytime
16:12:15,11 days,advance
16:13:23,0 days,anytime
16:18:49,1 days,advance
16:18:59,0 days,anytime
16:45:51,0 days,anytime
17:03:08,1 days,advance
17:08:54,0 days,anytime
17:15:22,0 days,anytime
17:15:35,0 days,anytime
17:15:53,0 days,anytime
17:17:50,0 days,anytime
17:20:49,0 days,anytime
17:22:48,0 days,anytime
17:24:40,0 days,anytime
17:26:16,0 days,anytime
17:27:04,0 days,anytime
17:32:26,1 days,advance
17:32:49,1 days,advance
17:33:10,1 days,advance
17:34:30,1 days,advance
17:35:44,0 days,off-peak
17:37:36,1 days,advance
17:41:32,1 days,advance
17:43:19,1 days,advance
17:46:27,1 days,advance
17:46:28,1 days,advance
17:52:45,1 days,advance
18:23:36,0 days,anytime
18:44:28,1 days,advance
18:47:41,0 days,off-peak
18:50:02,1 days,advance
18:50:24,1 days,advance
18:51:43,0 days,off-peak
18:53:01,0 days,off-peak
18:53:29,1 days,advance
18:53:46,1 days,advance
18:58:24,1 days,advance
18:59:36,1 days,advance
19:00:00,0 days,off-peak
19:13:17,1 days,advance
19:20:13,1 days,advance
19:21:44,1 days,advance
19:25:11,1 days,advance
19:26:26,1 days,advance
19:30:03,1 days,advance
19:34:15,1 days,advance
19:37:42,0 days,off-peak
19:37:43,1 days,advance
19:40:20,1 days,advance
19:41:26,1 days,advance
19:43:57,10 days,advance
19:44:56,1 days,advance
19:53:20,11 days,advance
19:58:09,1 days,advance
20:10:36,0 days,off-peak
20:10:59,1 days,advance
20:16:02,1 days,advance
20:22:25,14 days,advance
20:24:00,1 days,advance
20:25:04,1 days,advance
20:25:30,1 days,advance
20:26:54,1 days,advance
20:28:27,1 days,advance
20:28:49,1 days,advance
20:29:21,1 days,advance
20:29:50,1 days,advance
20:29:53,1 days,advance
20:30:18,1 days,advance
20:30:32,1 days,advance
20:33:38,1 days,advance
20:34:21,1 days,advance
20:41:07,0 days,off-peak
20:56:51,14 days,advance
21:37:42,1 days,advance
21:42:42,1 days,advance
21:45:33,1 days,advance
21:46:55,1 days,advance
22:01:35,1 days,advance
22:04:54,1 days,advance
22:34:15,1 days,advance
22:37:43,1 days,advance
22:41:34,1 days,advance
22:46:35,1 days,advance
23:10:40,1 days,advance
23:19:07,1 days,advance
23:33:51,1 days,advance
23:46:15,1 days,advance
23:47:50,1 days,advance
23:59:01,1 days,advance
00:01:20,1 days,advance
00:02:12,1 days,advance
00:04:45,0 days,off-peak
00:05:52,1 days,advance
00:18:57,0 days,off-peak
00:25:31,2 days,advance
00:26:51,2 days,advance
00:54:07,0 days,off-peak
01:05:03,1 days,advance
01:07:58,0 days,off-peak
01:09:13,1 days,advance
01:14:21,0 days,off-peak
01:15:25,0 days,off-peak
01:21:40,1 days,advance
01:24:17,0 days,off-peak
01:28:01,1 days,advance
01:35:38,1 days,advance
01:39:16,1 days,advance
01:40:00,1 days,advance
01:44:04,22 days,advance
02:04:43,0 days,off-peak
02:15:13,0 days,off-peak
02:18:30,0 days,off-peak
02:33:26,1 days,advance
02:38:53,1 days,advance
03:01:51,0 days,off-peak
03:11:09,1 days,advance
03:13:36,1 days,advance
03:19:23,1 days,advance
03:33:46,1 days,advance
03:37:16,0 days,off-peak
03:39:55,0 days,off-peak
03:40:45,1 days,advance
03:41:46,0 days,off-peak
03:47:55,0 days,off-peak
03:57:04,0 days,off-peak
03:59:57,1 days,advance
04:01:25,0 days,off-peak
04:30:44,0 days,anytime
04:31:46,1 days,advance
04:34:25,0 days,anytime
04:39:51,1 days,advance
04:47:57,0 days,anytime
04:54:53,0 days,anytime
04:55:42,0 days,anytime
04:58:25,0 days,anytime
05:02:06,0 days,anytime
05:02:15,0 days,anytime
05:12:26,0 days,anytime
05:13:38,0 days,anytime
05:17:03,0 days,anytime
05:23:20,0 days,anytime
05:25:11,0 days,anytime
05:25:42,0 days,anytime
05:39:49,0 days,anytime
05:55:26,19 days,advance
06:04:59,0 days,anytime
06:06:22,0 days,anytime
06:08:55,0 days,anytime
06:10:24,17 days,advance
06:13:07,0 days,anytime
06:18:18,1 days,advance
06:21:20,0 days,anytime
06:35:52,1 days,advance
06:37:11,0 days,anytime
06:41:49,0 days,anytime
06:44:15,0 days,anytime
07:05:55,1 days,advance
07:11:15,0 days,anytime
07:18:32,0 days,anytime
07:19:20,0 days,anytime
07:20:28,1 days,advance
07:20:35,0 days,anytime
07:21:56,0 days,anytime
07:23:29,0 days,anytime
07:24:09,0 days,anytime
07:27:09,1 days,advance
07:27:45,0 days,anytime
07:28:58,1 days,advance
07:29:41,0 days,anytime
07:31:28,1 days,advance
07:33:43,0 days,off-peak
07:33:58,0 days,off-peak
07:42:58,0 days,off-peak
07:53:30,1 days,advance
07:54:14,16 days,advance
07:54:16,1 days,advance
07:55:28,0 days,off-peak
07:55:37,0 days,off-peak
07:58:21,0 days,off-peak
08:03:32,1 days,advance
08:05:56,1 days,advance
08:06:11,17 days,advance
08:09:01,1 days,advance
08:10:57,1 days,advance
08:11:09,1 days,advance
08:11:27,1 days,advance
08:11:46,1 days,advance
08:12:18,1 days,advance
08:17:25,1 days,advance
08:20:51,1 days,advance
08:23:14,11 days,advance
08:26:00,1 days,advance
08:29:57,0 days,off-peak
08:37:00,1 days,advance
08:37:02,1 days,advance
09:00:06,1 days,advance
09:00:40,1 days,advance
09:00:40,0 days,off-peak
09:01:26,1 days,advance
09:03:45,1 days,advance
09:11:58,1 days,advance
09:16:02,0 days,off-peak
09:30:06,1 days,advance
09:32:54,1 days,advance
09:34:26,1 days,advance
09:34:34,1 days,advance
09:40:46,15 days,advance
09:41:06,0 days,off-peak
09:41:21,1 days,advance
09:42:35,1 days,advance
09:42:38,9 days,advance
09:54:51,0 days,off-peak
10:17:30,1 days,advance
10:19:21,0 days,off-peak
10:20:21,0 days,off-peak
10:26:19,1 days,advance
11:12:41,1 days,advance
11:23:24,0 days,off-peak
11:40:47,15 days,advance
11:47:38,0 days,off-peak
11:59:19,1 days,advance
12:01:23,1 days,advance
12:01:48,1 days,advance
12:03:11,0 days,off-peak
12:21:42,1 days,advance
12:23:48,0 days,off-peak
12:25:16,1 days,advance
12:32:43,0 days,off-peak
12:35:30,0 days,off-peak
12:35:43,1 days,advance
12:37:27,1 days,advance
12:39:51,0 days,off-peak
12:43:28,0 days,off-peak
13:22:16,1 days,advance
13:24:15,1 days,advance
13:50:04,1 days,advance
14:00:54,0 days,off-peak
14:01:02,0 days,off-peak
14:01:05,0 days,off-peak
14:06:20,1 days,advance
14:11:16,1 days,advance
14:17:03,0 days,off-peak
14:22:08,0 days,off-peak
14:22:43,1 days,advance
14:31:42,0 days,anytime
14:32:58,1 days,advance
14:47:26,0 days,anytime
14:50:30,0 days,anytime
14:53:36,0 days,anytime
14:55:46,1 days,advance
14:55:48,0 days,anytime
14:56:24,1 days,advance
14:56:34,0 days,anytime
15:03:26,0 days,off-peak
15:11:59,1 days,advance
15:12:03,0 days,anytime
15:13:26,0 days,anytime
15:14:00,1 days,advance
15:14:19,1 days,advance
15:14:48,0 days,anytime
15:15:52,0 days,anytime
15:20:59,0 days,anytime
15:30:51,0 days,anytime
15:36:42,0 days,anytime
15:39:26,1 days,advance
15:44:38,1 days,advance
15:48:08,0 days,anytime
15:48:19,18 days,advance
15:48:47,0 days,anytime
15:49:02,0 days,anytime
16:02:33,0 days,anytime
16:07:32,0 days,anytime
16:17:35,0 days,anytime
16:17:46,1 days,advance
16:21:27,0 days,anytime
16:27:25,0 days,anytime
16:28:06,1 days,advance
16:37:45,1 days,advance
17:01:38,16 days,advance
17:08:08,9 days,advance
17:10:37,1 days,advance
17:10:53,1 days,advance
17:14:27,0 days,anytime
17:15:55,0 days,anytime
17:17:45,0 days,anytime
17:18:50,0 days,anytime
17:21:26,0 days,anytime
17:24:32,0 days,anytime
17:25:56,0 days,anytime
17:26:51,1 days,advance
17:30:02,0 days,off-peak
17:32:31,1 days,advance
17:32:45,1 days,advance
17:35:19,13 days,advance
17:36:31,0 days,off-peak
17:39:04,0 days,off-peak
17:41:36,1 days,advance
17:47:57,1 days,advance
17:53:41,1 days,advance
17:53:45,1 days,advance
18:08:14,1 days,advance
18:08:43,1 days,advance
18:09:58,1 days,advance
18:10:56,0 days,anytime
18:11:26,0 days,anytime
18:11:50,0 days,anytime
18:31:53,0 days,off-peak
18:37:47,11 days,advance
18:38:07,1 days,advance
18:39:00,0 days,off-peak
18:40:29,17 days,advance
18:41:08,0 days,off-peak
18:42:38,0 days,off-peak
18:43:01,15 days,advance
18:54:34,0 days,off-peak
18:55:02,0 days,off-peak
18:55:49,0 days,off-peak
18:58:25,0 days,off-peak
18:59:28,0 days,off-peak
19:21:51,1 days,advance
19:21:57,1 days,advance
19:22:29,1 days,advance
19:28:02,1 days,advance
19:29:47,12 days,advance
19:32:29,1 days,advance
19:32:54,1 days,advance
19:39:20,1 days,advance
19:40:04,1 days,advance
19:43:59,0 days,off-peak
19:44:30,1 days,advance
20:01:38,0 days,off-peak
20:08:13,1 days,advance
20:11:13,0 days,off-peak
20:16:52,1 days,advance
20:17:19,1 days,advance
20:17:35,1 days,advance
20:17:57,1 days,advance
20:20:01,1 days,advance
20:22:18,1 days,advance
20:24:09,1 days,advance
20:25:10,1 days,advance
20:25:14,9 days,advance
20:28:15,1 days,advance
20:28:53,1 days,advance
20:33:08,1 days,advance
20:41:32,1 days,advance
20:44:47,1 days,advance
20:59:35,1 days,advance
21:36:49,1 days,advance
21:40:59,1 days,advance
21:41:40,1 days,advance
21:42:53,1 days,advance
21:55:35,1 days,advance
21:56:46,1 days,advance
21:57:42,1 days,advance
21:59:25,1 days,advance
22:04:09,1 days,advance
22:20:20,1 days,advance
22:32:31,1 days,advance
22:34:24,1 days,advance
22:34:50,1 days,advance
22:34:50,1 days,advance
22:41:41,1 days,advance
22:47:22,1 days,advance
23:04:40,1 days,advance
23:43:04,1 days,advance
23:45:41,1 days,advance
23:53:59,20 days,advance
23:57:10,1 days,advance
00:00:34,0 days,off-peak
00:02:44,0 days,off-peak
00:22:17,0 days,off-peak
00:29:20,2 days,advance
00:31:58,0 days,off-peak
00:33:33,0 days,off-peak
00:36:17,0 days,off-peak
00:36:27,0 days,off-peak
00:37:35,0 days,off-peak
01:03:13,1 days,advance
01:07:12,1 days,advance
01:07:26,1 days,advance
01:09:58,1 days,advance
01:14:29,1 days,advance
01:15:29,1 days,advance
01:20:51,1 days,advance
01:22:24,0 days,off-peak
01:23:11,1 days,advance
01:38:38,1 days,advance
02:00:31,10 days,advance
02:04:10,1 days,advance
02:04:49,0 days,off-peak
02:28:23,0 days,off-peak
02:45:56,0 days,off-peak
02:47:20,0 days,off-peak
02:47:29,0 days,off-peak
03:01:25,1 days,advance
03:01:42,0 days,off-peak
03:23:45,1 days,advance
03:28:20,0 days,off-peak
03:30:38,0 days,off-peak
03:44:19,0 days,off-peak
03:46:49,1 days,advance
03:52:50,1 days,advance
03:58:07,1 days,advance
03:59:56,0 days,off-peak
04:16:37,1 days,advance
04:18:41,0 days,off-peak
04:22:50,1 days,advance
04:23:47,1 days,advance
04:53:56,0 days,anytime
04:54:12,0 days,anytime
04:56:22,0 days,anytime
04:57:03,0 days,anytime
04:58:15,1 days,advance
05:00:00,0 days,anytime
05:03:10,0 days,anytime
05:04:00,0 days,anytime
05:05:01,1 days,advance
05:05:59,0 days,anytime
05:08:46,0 days,anytime
05:18:32,0 days,anytime
05:18:39,0 days,anytime
05:18:41,0 days,anytime
05:24:36,1 days,advance
05:24:39,1 days,advance
05:37:01,1 days,advance
05:40:23,0 days,off-peak
05:50:58,0 days,anytime
05:51:25,1 days,advance
05:57:58,1 days,advance
06:00:57,0 days,anytime
06:05:17,1 days,advance
06:05:54,0 days,anytime
06:13:06,0 days,anytime
06:13:48,0 days,anytime
06:30:53,1 days,advance
06:30:53,0 days,anytime
06:31:56,17 days,advance
06:33:04,0 days,anytime
06:33:14,0 days,anytime
06:33:54,0 days,anytime
06:39:19,0 days,anytime
06:41:30,0 days,anytime
06:47:05,1 days,advance
06:49:01,1 days,advance
07:07:26,0 days,anytime
07:14:29,0 days,anytime
07:17:48,0 days,anytime
07:19:00,0 days,anytime
07:19:09,0 days,anytime
07:21:16,0 days,anytime
07:23:09,0 days,anytime
07:24:16,0 days,anytime
07:25:04,0 days,anytime
07:30:30,0 days,off-peak
07:34:06,0 days,off-peak
07:41:51,0 days,anytime
07:43:00,0 days,anytime
07:44:25,1 days,advance
07:46:39,1 days,advance
07:48:50,1 days,advance
07:52:26,1 days,advance
07:55:47,1 days,advance
07:56:33,1 days,advance
08:02:07,1 days,advance
08:02:16,1 days,advance
08:04:47,1 days,advance
08:04:54,1 days,advance
08:05:16,1 days,advance
08:07:07,1 days,advance
08:07:27,1 days,advance
08:08:43,1 days,advance
08:11:12,1 days,advance
08:13:20,1 days,advance
08:14:32,1 days,advance
08:21:23,1 days,advance
08:35:15,1 days,advance
09:00:15,1 days,advance
09:03:01,1 days,advance
09:04:19,1 days,advance
09:04:28,1 days,advance
09:05:30,1 days,advance
09:07:14,1 days,advance
09:07:17,16 days,advance
09:07:19,1 days,advance
09:07:21,0 days,off-peak
09:07:46,1 days,advance
09:07:50,1 days,advance
09:11:10,1 days,advance
09:12:59,1 days,advance
09:13:33,1 days,advance
09:15:56,0 days,off-peak
09:24:04,8 days,advance
09:27:06,1 days,advance
09:27:25,0 days,off-peak
09:27:52,0 days,off-peak
09:30:55,13 days,advance
09:31:07,0 days,off-peak
09:32:52,1 days,advance
09:36:37,1 days,advance
09:38:19,1 days,advance
09:38:26,0 days,off-peak
09:47:20,1 days,advance
09:47:44,1 days,advance
09:47:48,1 days,advance
09:53:49,1 days,advance
09:54:29,0 days,off-peak
09:57:48,1 days,advance
10:08:43,1 days,advance
10:16:57,1 days,advance
10:19:59,1 days,advance
10:23:26,0 days,off-peak
10:27:56,1 days,advance
10:28:16,1 days,advance
10:33:06,1 days,advance
10:35:37,1 days,advance
10:39:52,0 days,off-peak
10:41:05,1 days,advance
10:44:02,0 days,off-peak
10:46:33,1 days,advance
10:51:52,0 days,off-peak
10:52:35,1 days,advance
10:56:22,1 days,advance
10:57:27,15 days,advance
11:24:14,0 days,off-peak
11:42:09,1 days,advance
11:48:08,1 days,advance
11:48:53,0 days,off-peak
11:51:59,1 days,advance
11:53:17,0 days,off-peak
12:08:36,0 days,off-peak
12:32:58,1 days,advance
12:36:38,1 days,advance
12:37:37,0 days,off-peak
12:44:43,1 days,advance
12:47:51,0 days,off-peak
12:49:28,0 days,off-peak
13:19:50,1 days,advance
14:06:00,1 days,advance
14:11:13,1 days,advance
14:28:50,1 days,advance
14:31:16,0 days,anytime
14:32:26,0 days,anytime
14:33:10,0 days,anytime
14:35:15,0 days,anytime
14:36:27,0 days,anytime
14:36:28,8 days,advance
14:36:55,0 days,anytime
14:37:10,0 days,anytime
14:38:37,0 days,anytime
14:39:23,0 days,anytime
14:39:31,0 days,anytime
14:40:44,0 days,anytime
14:45:29,1 days,advance
14:47:27,0 days,anytime
14:48:20,17 days,advance
14:48:37,1 days,advance
14:50:41,0 days,anytime
14:51:01,0 days,anytime
14:51:48,9 days,advance
14:52:07,0 days,anytime
14:53:48,1 days,advance
14:58:44,1 days,advance
15:00:27,0 days,anytime
15:00:36,0 days,anytime
15:01:11,0 days,anytime
15:10:00,0 days,anytime
15:11:58,0 days,anytime
15:12:03,0 days,anytime
15:12:03,0 days,anytime
15:12:21,0 days,anytime
15:14:03,1 days,advance
15:18:00,9 days,advance
15:18:36,0 days,anytime
15:24:23,0 days,anytime
15:24:48,0 days,anytime
15:36:44,0 days,anytime
15:42:20,0 days,anytime
15:43:25,1 days,advance
15:46:17,0 days,anytime
15:49:23,1 days,advance
15:50:00,1 days,advance
16:07:07,0 days,anytime
16:09:16,0 days,anytime
16:10:01,0 days,anytime
16:10:27,1 days,advance
16:11:37,0 days,anytime
16:13:28,0 days,anytime
16:16:46,1 days,advance
16:20:51,0 days,anytime
16:30:25,1 days,advance
16:38:44,1 days,advance
16:52:18,0 days,anytime
16:58:42,0 days,anytime
17:05:54,9 days,advance
17:08:36,1 days,advance
17:10:22,0 days,anytime
17:15:41,8 days,advance
17:16:54,0 days,anytime
17:18:11,0 days,anytime
17:19:00,0 days,anytime
17:20:32,0 days,anytime
17:20:57,1 days,advance
17:23:10,1 days,advance
17:23:42,0 days,anytime
17:28:03,1 days,advance
17:29:58,0 days,anytime
17:38:11,1 days,advance
17:40:50,0 days,off-peak
17:40:53,1 days,advance
17:42:20,1 days,advance
17:43:41,1 days,advance
17:45:20,1 days,advance
17:58:25,1 days,advance
18:05:37,1 days,advance
18:16:42,0 days,off-peak
18:20:10,0 days,anytime
18:30:29,1 days,advance
18:31:43,0 days,off-peak
18:36:08,1 days,advance
18:39:08,1 days,advance
18:48:27,0 days,off-peak
18:49:01,0 days,off-peak
18:50:08,1 days,advance
18:50:52,1 days,advance
18:53:54,1 days,advance
18:54:18,1 days,advance
18:55:14,0 days,off-peak
18:56:42,1 days,advance
19:14:20,1 days,advance
19:21:23,1 days,advance
19:32:42,1 days,advance
19:32:51,1 days,advance
19:33:04,1 days,advance
19:33:40,1 days,advance
19:34:44,1 days,advance
19:36:14,10 days,advance
19:43:41,1 days,advance
19:44:43,1 days,advance
19:44:44,1 days,advance
20:03:28,0 days,off-peak
20:08:22,12 days,advance
20:15:56,1 days,advance
20:16:46,1 days,advance
20:19:37,1 days,advance
20:20:18,1 days,advance
20:23:23,1 days,advance
20:23:31,1 days,advance
20:26:03,1 days,advance
20:31:47,0 days,off-peak
20:32:10,1 days,advance
20:32:17,1 days,advance
20:38:13,1 days,advance
20:49:42,0 days,off-peak
20:56:47,1 days,advance
20:57:08,0 days,off-peak
20:57:30,0 days,off-peak
21:37:57,1 days,advance
21:45:09,1 days,advance
21:53:07,1 days,advance
22:32:44,1 days,advance
22:38:26,1 days,advance
22:56:47,1 days,advance
23:02:39,1 days,advance
23:09:36,9 days,advance
23:11:16,1 days,advance
23:46:30,1 days,advance
23:52:14,1 days,advance
23:52:32,1 days,advance
23:57:16,17 days,advance
23:59:38,1 days,advance
00:02:20,1 days,advance
00:05:34,1 days,advance
00:06:58,0 days,off-peak
00:11:13,0 days,off-peak
00:18:01,0 days,off-peak
00:23:30,0 days,off-peak
00:27:14,0 days,off-peak
00:28:19,0 days,off-peak
00:28:28,0 days,off-peak
00:33:04,2 days,advance
00:52:58,0 days,off-peak
01:18:05,0 days,off-peak
01:21:37,0 days,off-peak
01:22:15,0 days,off-peak
01:28:26,0 days,off-peak
01:35:03,1 days,advance
01:42:51,1 days,advance
01:54:57,1 days,advance
02:00:07,1 days,advance
02:00:30,25 days,advance
02:05:02,1 days,advance
02:06:42,1 days,advance
02:09:03,0 days,off-peak
02:15:41,0 days,off-peak
02:21:04,0 days,off-peak
02:46:13,0 days,off-peak
02:54:03,0 days,off-peak
03:04:15,0 days,off-peak
03:05:34,0 days,off-peak
03:06:05,0 days,off-peak
03:14:40,0 days,off-peak
03:16:28,1 days,advance
03:33:23,1 days,advance
03:37:17,0 days,off-peak
03:48:13,1 days,advance
04:20:57,0 days,off-peak
04:26:05,0 days,off-peak
04:30:27,0 days,anytime
04:51:31,0 days,anytime
04:51:35,0 days,anytime
04:52:48,0 days,anytime
04:54:26,8 days,advance
05:03:14,0 days,anytime
05:06:02,1 days,advance
05:07:24,0 days,anytime
05:09:12,0 days,anytime
05:11:22,0 days,anytime
05:12:46,0 days,anytime
05:14:18,0 days,anytime
05:14:46,0 days,anytime
05:15:10,0 days,anytime
05:16:04,0 days,anytime
05:23:44,0 days,anytime
05:24:32,0 days,anytime
05:24:45,1 days,advance
05:29:04,0 days,anytime
05:39:25,1 days,advance
05:47:01,1 days,advance
05:54:27,0 days,off-peak
05:54:49,0 days,anytime
05:57:45,1 days,advance
06:02:38,9 days,advance
06:04:17,0 days,anytime
06:19:43,0 days,anytime
06:29:31,7 days,advance
06:30:16,1 days,advance
06:36:14,0 days,anytime
06:40:23,1 days,advance
06:41:18,0 days,anytime
06:42:06,0 days,anytime
06:42:53,0 days,anytime
06:48:07,1 days,advance
06:49:49,14 days,advance
06:58:00,0 days,anytime
06:58:47,1 days,advance
06:59:07,1 days,advance
07:05:57,0 days,anytime
07:06:48,1 days,advance
07:08:16,1 days,advance
07:12:41,1 days,advance
07:18:10,0 days,anytime
07:21:16,0 days,anytime
07:23:21,0 days,anytime
07:33:39,0 days,off-peak
07:38:37,25 days,advance
07:42:31,0 days,off-peak
07:54:07,8 days,advance
07:55:13,1 days,advance
07:57:44,1 days,advance
07:58:29,1 days,advance
07:59:09,1 days,advance
08:04:50,1 days,advance
08:09:15,1 days,advance
08:11:39,1 days,advance
08:12:09,1 days,advance
08:16:46,1 days,advance
08:18:02,1 days,advance
08:18:37,1 days,advance
08:20:31,1 days,advance
08:23:06,0 days,off-peak
08:28:10,1 days,advance
08:28:15,1 days,advance
08:28:23,1 days,advance
08:29:15,1 days,advance
08:33:25,1 days,advance
08:34:32,1 days,advance
09:01:14,1 days,advance
09:06:33,1 days,advance
09:10:23,1 days,advance
09:12:35,18 days,advance
09:16:41,1 days,advance
09:16:45,1 days,advance
09:23:43,0 days,off-peak
09:29:33,0 days,off-peak
09:31:18,8 days,advance
09:31:34,1 days,advance
09:32:06,25 days,advance
09:32:48,1 days,advance
09:37:45,11 days,advance
09:38:25,1 days,advance
09:43:52,1 days,advance
09:44:26,1 days,advance
09:51:30,0 days,off-peak
09:51:50,1 days,advance
09:54:50,0 days,off-peak
09:56:27,1 days,advance
10:06:50,1 days,advance
10:17:51,0 days,off-peak
10:21:09,1 days,advance
10:36:52,1 days,advance
10:38:55,0 days,off-peak
10:39:45,0 days,off-peak
10:42:53,0 days,off-peak
10:56:14,1 days,advance
10:58:58,1 days,advance
11:24:03,0 days,off-peak
11:28:04,0 days,off-peak
11:31:41,0 days,off-peak
11:42:05,0 days,off-peak
11:45:38,0 days,off-peak
11:46:20,1 days,advance
11:49:52,1 days,advance
11:52:13,0 days,off-peak
11:55:15,1 days,advance
12:01:16,0 days,off-peak
12:08:16,1 days,advance
12:08:23,0 days,off-peak
12:13:05,0 days,off-peak
12:13:07,1 days,advance
12:17:30,0 days,off-peak
12:24:54,0 days,off-peak
12:27:17,0 days,off-peak
12:32:52,1 days,advance
12:34:43,1 days,advance
12:44:55,1 days,advance
12:45:26,0 days,off-peak
12:46:40,0 days,off-peak
12:48:05,1 days,advance
12:58:28,0 days,off-peak
13:10:47,0 days,off-peak
13:20:36,1 days,advance
13:23:11,0 days,off-peak
13:23:46,1 days,advance
13:25:42,1 days,advance
13:29:31,1 days,advance
13:29:34,0 days,off-peak
13:34:34,1 days,advance
13:38:53,8 days,advance
13:46:04,1 days,advance
13:48:32,1 days,advance
14:07:36,0 days,off-peak
14:24:47,0 days,off-peak
14:32:08,0 days,anytime
14:34:08,0 days,anytime
14:36:20,0 days,anytime
14:39:24,0 days,anytime
14:43:49,0 days,anytime
14:44:10,0 days,anytime
14:44:49,1 days,advance
14:47:23,0 days,anytime
14:50:58,7 days,advance
14:52:12,1 days,advance
14:58:41,0 days,anytime
15:00:15,1 days,advance
15:02:43,1 days,advance
15:05:00,1 days,advance
15:12:06,0 days,anytime
15:13:28,0 days,off-peak
15:15:34,0 days,anytime
15:19:47,1 days,advance
15:20:08,1 days,advance
15:22:35,13 days,advance
15:39:12,0 days,anytime
15:39:43,0 days,anytime
15:45:22,0 days,anytime
15:51:55,1 days,advance
15:53:47,0 days,anytime
15:56:42,0 days,anytime
16:08:13,0 days,anytime
16:14:07,0 days,anytime
16:24:47,1 days,advance
17:07:38,1 days,advance
17:12:32,1 days,advance
17:15:44,0 days,anytime
17:17:28,1 days,advance
17:17:35,1 days,advance
17:18:10,0 days,anytime
17:19:22,0 days,anytime
17:19:39,0 days,anytime
17:20:59,1 days,advance
17:24:32,1 days,advance
17:24:59,0 days,anytime
17:25:46,0 days,anytime
17:28:02,0 days,anytime
17:28:29,1 days,advance
17:29:23,0 days,anytime
17:30:07,1 days,advance
17:30:39,1 days,advance
17:32:30,7 days,advance
17:34:06,1 days,advance
17:34:54,1 days,advance
17:35:00,0 days,off-peak
17:36:10,1 days,advance
17:40:53,1 days,advance
17:44:28,1 days,advance
17:45:02,1 days,advance
17:56:14,1 days,advance
17:59:51,1 days,advance
18:08:55,0 days,off-peak
18:15:42,0 days,anytime
18:16:29,0 days,anytime
18:32:07,1 days,advance
18:32:15,0 days,off-peak
18:33:19,0 days,off-peak
18:38:13,1 days,advance
18:44:24,1 days,advance
18:47:27,1 days,advance
19:06:06,0 days,off-peak
19:22:03,12 days,advance
19:23:27,1 days,advance
19:33:06,1 days,advance
19:34:07,11 days,advance
19:35:20,1 days,advance
19:37:07,1 days,advance
19:44:17,1 days,advance
19:50:41,1 days,advance
20:00:17,1 days,advance
20:07:42,1 days,advance
20:08:23,1 days,advance
20:09:47,1 days,advance
20:10:02,0 days,off-peak
20:21:18,1 days,advance
20:23:40,1 days,advance
20:24:06,1 days,advance
20:25:42,1 days,advance
20:26:40,1 days,advance
20:27:33,1 days,advance
20:29:23,1 days,advance
20:32:37,1 days,advance
20:33:05,1 days,advance
20:34:38,0 days,off-peak
20:46:29,0 days,off-peak
20:49:24,1 days,advance
20:52:08,0 days,off-peak
20:55:29,0 days,off-peak
21:18:20,1 days,advance
21:20:34,1 days,advance
21:39:34,1 days,advance
22:25:35,1 days,advance
22:51:54,1 days,advance
22:58:30,1 days,advance
23:02:39,15 days,advance
23:10:09,1 days,advance
23:10:33,1 days,advance
23:41:51,1 days,advance
23:51:35,1 days,advance
23:58:13,1 days,advance
00:06:30,1 days,advance
00:16:49,0 days,off-peak
00:32:03,0 days,off-peak
00:35:10,0 days,off-peak
00:36:12,0 days,off-peak
00:40:38,0 days,off-peak
00:48:39,0 days,off-peak
00:49:25,0 days,off-peak
00:51:56,0 days,off-peak
00:55:04,0 days,off-peak
01:05:03,0 days,off-peak
01:05:20,1 days,advance
01:10:04,0 days,off-peak
01:17:53,0 days,off-peak
01:17:59,0 days,off-peak
01:22:10,0 days,off-peak
01:22:19,1 days,advance
01:22:44,0 days,off-peak
01:23:05,1 days,advance
01:36:53,1 days,advance
01:45:51,1 days,advance
02:00:28,1 days,advance
02:03:16,15 days,advance
02:07:34,0 days,off-peak
02:08:12,0 days,off-peak
02:13:58,6 days,advance
02:23:42,0 days,off-peak
02:33:09,0 days,off-peak
02:39:36,0 days,off-peak
02:45:12,0 days,off-peak
03:02:46,0 days,off-peak
03:03:31,1 days,advance
03:12:21,1 days,advance
03:24:48,1 days,advance
03:41:11,1 days,advance
03:50:54,1 days,advance
03:51:15,1 days,advance
03:54:58,1 days,advance
03:55:45,1 days,advance
03:56:17,0 days,off-peak
03:58:55,1 days,advance
04:12:47,0 days,off-peak
04:18:23,0 days,off-peak
04:22:49,0 days,off-peak
04:32:27,0 days,anytime
04:46:13,0 days,anytime
04:47:18,0 days,anytime
04:47:34,0 days,anytime
04:47:37,0 days,anytime
04:47:56,1 days,advance
04:49:00,0 days,anytime
04:50:13,0 days,anytime
04:53:02,0 days,anytime
04:54:31,0 days,anytime
05:02:06,0 days,anytime
05:04:14,0 days,anytime
05:06:18,0 days,anytime
05:09:37,0 days,anytime
05:12:01,0 days,anytime
05:12:47,0 days,anytime
05:23:02,1 days,advance
05:34:51,0 days,anytime
05:40:46,1 days,advance
05:43:26,0 days,anytime
05:44:37,0 days,anytime
05:48:40,0 days,off-peak
05:50:26,0 days,anytime
05:54:08,1 days,advance
05:54:53,1 days,advance
05:59:30,1 days,advance
06:02:26,0 days,anytime
06:03:57,0 days,anytime
06:04:47,0 days,anytime
06:05:32,0 days,anytime
06:08:41,0 days,anytime
06:10:18,0 days,anytime
06:12:50,0 days,anytime
06:15:51,0 days,anytime
06:18:29,0 days,anytime
06:25:01,1 days,advance
06:31:36,0 days,anytime
06:32:10,1 days,advance
06:33:18,0 days,anytime
06:34:54,0 days,anytime
06:35:00,0 days,anytime
06:35:06,0 days,anytime
06:39:08,1 days,advance
06:39:43,0 days,anytime
06:42:10,0 days,anytime
06:52:10,0 days,anytime
06:53:48,0 days,anytime
06:58:43,1 days,advance
07:09:39,0 days,anytime
07:17:12,0 days,anytime
07:17:54,0 days,anytime
07:20:37,0 days,anytime
07:23:09,0 days,anytime
07:25:15,0 days,anytime
07:27:20,0 days,anytime
07:29:20,0 days,anytime
07:29:26,0 days,anytime
07:41:34,0 days,anytime
07:49:38,1 days,advance
07:54:38,7 days,advance
07:56:57,1 days,advance
07:59:06,8 days,advance
08:00:04,1 days,advance
08:00:42,1 days,advance
08:03:16,1 days,advance
08:03:19,1 days,advance
08:03:43,7 days,advance
08:04:28,1 days,advance
08:04:35,1 days,advance
08:07:41,1 days,advance
08:09:49,1 days,advance
08:10:57,1 days,advance
08:12:21,1 days,advance
08:15:39,15 days,advance
08:16:57,1 days,advance
08:17:00,1 days,advance
08:17:28,1 days,advance
08:19:22,1 days,advance
08:20:03,1 days,advance
08:21:01,1 days,advance
08:23:58,1 days,advance
08:29:32,1 days,advance
08:45:20,10 days,advance
09:01:46,1 days,advance
09:03:23,15 days,advance
09:03:40,1 days,advance
09:04:12,1 days,advance
09:04:25,1 days,advance
09:04:43,1 days,advance
09:06:06,1 days,advance
09:10:47,11 days,advance
09:17:14,0 days,off-peak
09:30:35,1 days,advance
09:42:43,10 days,advance
09:43:08,1 days,advance
09:43:49,1 days,advance
09:44:00,0 days,off-peak
09:44:29,1 days,advance
09:45:55,0 days,off-peak
09:48:37,1 days,advance
09:54:36,1 days,advance
10:12:44,1 days,advance
10:15:55,0 days,off-peak
10:23:23,0 days,off-peak
10:24:09,0 days,off-peak
10:35:18,0 days,off-peak
10:39:13,0 days,off-peak
10:40:11,1 days,advance
10:44:42,11 days,advance
10:52:50,0 days,off-peak
10:55:48,1 days,advance
11:20:43,0 days,off-peak
11:24:13,0 days,off-peak
11:56:43,0 days,off-peak
12:04:56,1 days,advance
12:04:57,0 days,off-peak
12:08:34,0 days,off-peak
12:11:59,10 days,advance
12:13:14,0 days,off-peak
12:35:22,8 days,advance
12:37:06,1 days,advance
12:43:52,1 days,advance
12:49:01,0 days,off-peak
13:00:18,0 days,off-peak
13:16:36,0 days,off-peak
13:25:27,1 days,advance
13:29:56,0 days,off-peak
13:31:34,1 days,advance
14:07:42,0 days,off-peak
14:08:45,1 days,advance
14:09:06,0 days,off-peak
14:10:31,0 days,off-peak
14:13:30,0 days,off-peak
14:19:37,1 days,advance
14:21:48,0 days,off-peak
14:30:05,0 days,anytime
14:32:59,0 days,anytime
14:33:18,0 days,anytime
14:38:04,0 days,anytime
14:38:40,0 days,anytime
14:41:14,1 days,advance
14:42:56,0 days,anytime
14:43:18,0 days,anytime
14:43:28,0 days,anytime
14:43:31,0 days,anytime
14:58:39,1 days,advance
15:02:29,0 days,anytime
15:05:16,9 days,advance
15:08:29,0 days,anytime
15:09:38,1 days,advance
15:13:31,0 days,off-peak
15:13:34,0 days,off-peak
15:14:53,0 days,off-peak
15:14:59,1 days,advance
15:16:22,1 days,advance
15:17:28,9 days,advance
15:18:16,1 days,advance
15:19:31,1 days,advance
15:25:39,1 days,advance
15:35:40,0 days,anytime
15:51:15,1 days,advance
15:54:42,0 days,anytime
15:55:03,0 days,anytime
15:58:00,0 days,anytime
16:02:50,0 days,anytime
16:13:20,1 days,advance
16:24:59,0 days,anytime
16:35:15,1 days,advance
17:09:06,1 days,advance
17:12:24,0 days,anytime
17:12:24,0 days,anytime
17:13:10,1 days,advance
17:14:53,0 days,anytime
17:15:32,1 days,advance
17:15:45,0 days,anytime
17:19:15,0 days,anytime
17:20:34,1 days,advance
17:24:39,0 days,anytime
17:25:06,0 days,anytime
17:27:13,0 days,anytime
17:32:06,1 days,advance
17:38:40,1 days,advance
17:39:07,1 days,advance
17:41:50,7 days,advance
17:42:38,1 days,advance
17:43:24,0 days,off-peak
17:48:57,1 days,advance
17:57:16,1 days,advance
17:58:58,1 days,advance
18:06:33,1 days,advance
18:15:00,0 days,anytime
18:24:01,0 days,anytime
18:31:30,1 days,advance
18:31:59,0 days,off-peak
18:36:54,0 days,off-peak
18:37:39,1 days,advance
18:42:40,1 days,advance
18:43:49,0 days,off-peak
18:44:57,1 days,advance
18:58:06,1 days,advance
19:20:41,1 days,advance
19:23:47,1 days,advance
19:31:20,1 days,advance
19:34:33,1 days,advance
19:35:05,1 days,advance
19:35:43,1 days,advance
19:38:53,0 days,off-peak
19:39:01,1 days,advance
19:40:40,1 days,advance
19:54:56,1 days,advance
20:02:00,0 days,off-peak
20:02:20,1 days,advance
20:09:01,10 days,advance
20:17:26,1 days,advance
20:18:15,1 days,advance
20:18:41,1 days,advance
20:19:31,1 days,advance
20:20:36,1 days,advance
20:23:43,1 days,advance
20:24:43,1 days,advance
20:25:04,1 days,advance
20:26:04,1 days,advance
20:27:21,1 days,advance
20:27:30,1 days,advance
20:31:12,0 days,off-peak
20:31:23,0 days,off-peak
20:31:39,0 days,off-peak
20:32:48,1 days,advance
20:33:52,1 days,advance
20:34:29,13 days,advance
20:38:19,0 days,off-peak
20:45:37,0 days,off-peak
20:49:02,13 days,advance
20:49:03,1 days,advance
20:54:32,1 days,advance
20:58:33,0 days,off-peak
20:58:45,0 days,off-peak
21:34:06,1 days,advance
21:34:29,1 days,advance
21:38:34,1 days,advance
21:56:54,1 days,advance
22:14:32,1 days,advance
22:34:01,1 days,advance
23:00:15,1 days,advance
23:05:16,1 days,advance
23:31:02,1 days,advance
23:36:21,1 days,advance
23:41:40,1 days,advance
23:55:48,1 days,advance
23:57:45,1 days,advance
00:01:48,1 days,advance
00:04:08,0 days,off-peak
00:08:17,1 days,advance
00:11:03,1 days,advance
00:23:00,0 days,off-peak
00:26:31,2 days,advance
00:29:56,0 days,off-peak
00:33:33,0 days,off-peak
00:48:57,0 days,off-peak
00:50:02,0 days,off-peak
01:00:36,1 days,advance
01:04:12,0 days,off-peak
01:19:26,1 days,advance
01:23:19,0 days,off-peak
01:28:45,0 days,off-peak
01:32:15,1 days,advance
01:56:38,1 days,advance
02:07:57,1 days,advance
02:11:30,1 days,advance
02:33:42,9 days,advance
02:42:05,0 days,off-peak
02:57:39,0 days,off-peak
03:01:32,1 days,advance
03:08:15,1 days,advance
03:09:25,0 days,off-peak
03:17:40,1 days,advance
03:31:42,0 days,off-peak
03:37:04,0 days,off-peak
03:41:04,1 days,advance
04:21:18,0 days,off-peak
04:21:18,1 days,advance
04:24:04,1 days,advance
04:26:15,1 days,advance
04:33:57,0 days,off-peak
04:37:36,0 days,off-peak
04:48:08,0 days,off-peak
04:55:44,0 days,off-peak
05:00:34,0 days,off-peak
05:01:48,0 days,off-peak
05:06:22,0 days,off-peak
05:06:38,0 days,off-peak
05:07:38,0 days,off-peak
05:08:13,0 days,off-peak
05:09:16,1 days,advance
05:10:23,0 days,off-peak
05:12:48,0 days,off-peak
05:16:33,0 days,off-peak
05:16:50,5 days,advance
05:17:02,0 days,off-peak
05:36:48,0 days,off-peak
05:45:00,0 days,off-peak
05:51:06,1 days,advance
06:07:33,0 days,off-peak
06:08:20,1 days,advance
06:08:27,1 days,advance
06:11:07,0 days,off-peak
06:11:33,0 days,off-peak
06:12:55,0 days,off-peak
06:14:35,0 days,off-peak
06:31:40,0 days,off-peak
06:32:04,0 days,off-peak
06:32:14,0 days,off-peak
06:32:46,0 days,off-peak
06:35:51,0 days,off-peak
06:37:10,0 days,off-peak
06:37:20,0 days,off-peak
06:38:51,1 days,advance
06:41:22,0 days,off-peak
06:42:48,0 days,off-peak
06:43:28,0 days,off-peak
06:44:20,1 days,advance
06:51:37,0 days,off-peak
06:56:09,0 days,off-peak
07:16:52,0 days,off-peak
07:17:00,0 days,off-peak
07:26:25,0 days,off-peak
07:26:59,0 days,off-peak
07:28:35,0 days,off-peak
07:36:41,1 days,advance
07:37:50,0 days,off-peak
07:38:04,0 days,off-peak
07:45:36,1 days,advance
07:46:01,0 days,off-peak
07:49:24,1 days,advance
07:51:30,1 days,advance
07:52:30,0 days,off-peak
07:55:32,0 days,off-peak
07:57:44,0 days,off-peak
07:59:01,0 days,off-peak
08:03:42,0 days,off-peak
08:04:11,1 days,advance
08:04:16,1 days,advance
08:04:25,1 days,advance
08:04:52,1 days,advance
08:05:31,1 days,advance
08:09:23,1 days,advance
08:11:31,1 days,advance
08:11:41,1 days,advance
08:11:42,1 days,advance
08:13:03,1 days,advance
08:13:45,7 days,advance
08:17:03,1 days,advance
08:20:59,1 days,advance
08:23:43,1 days,advance
08:23:52,1 days,advance
08:23:54,1 days,advance
08:25:33,1 days,advance
08:35:06,0 days,off-peak
08:40:41,1 days,advance
09:00:12,1 days,advance
09:05:06,1 days,advance
09:05:27,1 days,advance
09:07:16,1 days,advance
09:09:39,1 days,advance
09:12:36,1 days,advance
09:12:36,1 days,advance
09:12:50,1 days,advance
09:13:21,1 days,advance
09:30:27,0 days,off-peak
09:34:47,1 days,advance
09:35:38,0 days,off-peak
09:36:26,0 days,off-peak
09:36:34,1 days,advance
09:37:15,1 days,advance
09:37:26,1 days,advance
09:38:17,1 days,advance
09:39:52,0 days,off-peak
09:39:58,0 days,off-peak
09:42:34,0 days,off-peak
09:42:56,1 days,advance
10:17:01,0 days,off-peak
10:20:36,0 days,off-peak
10:21:45,18 days,advance
10:22:35,1 days,advance
10:30:16,1 days,advance
10:30:25,0 days,off-peak
10:37:58,1 days,advance
10:43:02,0 days,off-peak
10:44:25,0 days,off-peak
10:44:59,0 days,off-peak
10:47:17,1 days,advance
10:48:17,1 days,advance
10:52:13,0 days,off-peak
10:53:11,1 days,advance
10:56:21,1 days,advance
11:31:50,0 days,off-peak
11:35:42,0 days,off-peak
11:47:00,1 days,advance
11:50:35,0 days,off-peak
11:52:36,0 days,off-peak
11:54:32,0 days,off-peak
11:57:03,1 days,advance
12:00:43,1 days,advance
12:06:36,0 days,off-peak
12:07:46,0 days,off-peak
12:38:44,1 days,advance
12:39:53,19 days,advance
12:40:34,0 days,off-peak
12:53:28,1 days,advance
12:55:58,1 days,advance
13:23:42,1 days,advance
13:30:51,0 days,off-peak
13:35:00,6 days,advance
13:38:02,0 days,off-peak
14:04:27,1 days,advance
14:08:48,1 days,advance
14:11:19,0 days,off-peak
14:12:15,1 days,advance
14:22:33,1 days,advance
14:22:41,0 days,off-peak
14:23:14,0 days,off-peak
14:24:02,0 days,off-peak
14:24:14,0 days,off-peak
14:25:16,0 days,off-peak
14:27:52,0 days,off-peak
14:30:39,0 days,off-peak
14:34:01,0 days,off-peak
14:34:28,0 days,off-peak
14:35:09,0 days,off-peak
14:37:19,0 days,off-peak
14:43:00,0 days,off-peak
14:50:15,1 days,advance
14:55:58,0 days,off-peak
14:58:10,0 days,off-peak
14:59:01,1 days,advance
14:59:06,0 days,off-peak
15:11:16,0 days,off-peak
15:11:31,1 days,advance
15:11:55,0 days,off-peak
15:15:20,0 days,off-peak
15:16:54,0 days,off-peak
15:19:11,0 days,off-peak
15:21:19,0 days,off-peak
15:21:37,1 days,advance
15:30:20,1 days,advance
15:35:42,0 days,off-peak
15:53:48,0 days,off-peak
16:01:16,1 days,advance
16:01:51,0 days,off-peak
16:03:35,0 days,off-peak
16:05:26,0 days,off-peak
16:05:42,0 days,off-peak
16:13:03,0 days,off-peak
16:18:08,0 days,off-peak
16:22:57,0 days,off-peak
16:23:30,0 days,off-peak
16:28:45,1 days,advance
16:31:23,1 days,advance
17:12:35,0 days,off-peak
17:17:53,1 days,advance
17:18:02,1 days,advance
17:19:36,0 days,off-peak
17:19:54,1 days,advance
17:20:04,0 days,off-peak
17:21:30,0 days,off-peak
17:21:49,1 days,advance
17:22:55,0 days,off-peak
17:24:03,0 days,off-peak
17:25:15,0 days,off-peak
17:29:31,1 days,advance
17:30:22,1 days,advance
17:31:20,1 days,advance
17:31:58,1 days,advance
17:33:12,1 days,advance
17:36:31,1 days,advance
17:38:57,1 days,advance
17:40:36,1 days,advance
17:42:43,0 days,off-peak
17:47:01,1 days,advance
17:49:28,1 days,advance
17:51:59,1 days,advance
17:52:31,1 days,advance
18:01:38,1 days,advance
18:09:26,1 days,advance
18:18:10,0 days,off-peak
18:37:35,0 days,off-peak
18:39:17,1 days,advance
18:54:37,1 days,advance
18:55:58,1 days,advance
18:56:35,1 days,advance
18:59:25,1 days,advance
19:01:49,0 days,off-peak
19:11:07,12 days,advance
19:25:17,1 days,advance
19:25:27,0 days,off-peak
19:30:37,1 days,advance
19:37:48,1 days,advance
19:53:09,0 days,off-peak
19:55:33,0 days,off-peak
19:59:24,1 days,advance
20:01:14,0 days,off-peak
20:02:27,0 days,off-peak
20:05:51,0 days,off-peak
20:06:28,0 days,off-peak
20:11:56,0 days,off-peak
20:14:25,0 days,off-peak
20:15:49,1 days,advance
20:16:46,1 days,advance
20:18:22,1 days,advance
20:19:34,1 days,advance
20:23:17,1 days,advance
20:24:20,1 days,advance
20:25:19,1 days,advance
20:25:53,1 days,advance
20:27:11,1 days,advance
20:27:26,1 days,advance
20:32:00,1 days,advance
20:37:29,8 days,advance
20:38:06,0 days,off-peak
20:39:43,0 days,off-peak
20:40:07,0 days,off-peak
20:45:57,1 days,advance
20:51:48,1 days,advance
20:58:36,0 days,off-peak
21:35:54,1 days,advance
21:44:45,1 days,advance
21:45:03,1 days,advance
22:33:07,1 days,advance
22:34:07,1 days,advance
22:36:09,1 days,advance
22:44:13,1 days,advance
22:44:14,1 days,advance
22:46:07,1 days,advance
23:07:23,1 days,advance
23:56:20,1 days,advance
00:50:43,0 days,off-peak
01:03:46,1 days,advance
01:08:42,0 days,off-peak
01:12:27,0 days,off-peak
01:20:38,1 days,advance
01:26:34,1 days,advance
01:31:56,9 days,advance
01:32:00,1 days,advance
01:34:14,10 days,advance
01:40:44,1 days,advance
02:21:58,1 days,advance
02:45:46,0 days,off-peak
02:48:13,0 days,off-peak
02:51:39,0 days,off-peak
02:59:42,0 days,off-peak
03:09:44,0 days,off-peak
03:12:41,0 days,off-peak
03:13:04,0 days,off-peak
03:19:04,1 days,advance
03:25:27,1 days,advance
03:27:12,0 days,off-peak
03:28:04,1 days,advance
03:39:34,0 days,off-peak
03:42:39,1 days,advance
03:53:23,7 days,advance
04:01:31,0 days,off-peak
04:07:49,0 days,off-peak
04:16:59,0 days,off-peak
04:28:24,0 days,off-peak
04:32:01,1 days,advance
04:38:53,8 days,advance
04:39:01,0 days,off-peak
04:47:25,0 days,off-peak
04:48:42,0 days,off-peak
04:49:26,0 days,off-peak
04:57:25,0 days,off-peak
04:57:46,0 days,off-peak
05:00:48,0 days,off-peak
05:02:29,0 days,off-peak
05:06:46,0 days,off-peak
05:10:37,12 days,advance
05:12:46,0 days,off-peak
05:14:43,0 days,off-peak
05:15:38,0 days,off-peak
05:16:22,0 days,off-peak
05:20:27,0 days,off-peak
05:55:53,0 days,off-peak
06:00:19,1 days,advance
06:00:34,0 days,off-peak
06:06:43,0 days,off-peak
06:07:33,0 days,off-peak
06:08:16,0 days,off-peak
06:11:12,0 days,off-peak
06:12:36,1 days,advance
06:14:52,0 days,off-peak
06:30:16,0 days,off-peak
06:30:23,0 days,off-peak
06:32:24,0 days,off-peak
06:33:06,0 days,off-peak
06:35:22,0 days,off-peak
06:35:41,0 days,off-peak
06:38:35,0 days,off-peak
06:39:16,0 days,off-peak
06:40:32,1 days,advance
06:41:30,0 days,off-peak
06:42:56,0 days,off-peak
06:44:32,0 days,off-peak
07:00:48,0 days,off-peak
07:15:40,0 days,off-peak
07:15:45,0 days,off-peak
07:18:07,0 days,off-peak
07:18:13,0 days,off-peak
07:20:02,0 days,off-peak
07:20:25,0 days,off-peak
07:22:28,0 days,off-peak
07:22:45,0 days,off-peak
07:24:10,0 days,off-peak
07:26:19,0 days,off-peak
07:26:37,0 days,off-peak
07:28:27,0 days,off-peak
07:30:14,0 days,off-peak
07:39:49,0 days,off-peak
07:44:32,0 days,off-peak
07:45:51,9 days,advance
07:48:37,0 days,off-peak
07:49:56,1 days,advance
07:51:33,0 days,off-peak
07:51:44,1 days,advance
08:02:13,1 days,advance
08:03:06,1 days,advance
08:03:40,1 days,advance
08:04:50,1 days,advance
08:12:39,1 days,advance
08:13:24,1 days,advance
08:14:50,1 days,advance
08:16:13,1 days,advance
08:16:53,1 days,advance
08:17:10,6 days,advance
08:17:49,16 days,advance
08:20:29,1 days,advance
08:25:11,1 days,advance
08:25:50,1 days,advance
08:27:27,1 days,advance
08:29:01,1 days,advance
08:39:51,1 days,advance
08:43:05,1 days,advance
09:02:44,0 days,off-peak
09:03:08,0 days,off-peak
09:10:13,1 days,advance
09:10:27,1 days,advance
09:10:47,10 days,advance
09:11:39,1 days,advance
09:17:53,1 days,advance
09:26:32,0 days,off-peak
09:32:00,0 days,off-peak
09:32:57,0 days,off-peak
09:35:41,1 days,advance
09:38:53,1 days,advance
09:41:11,1 days,advance
09:43:18,1 days,advance
09:43:26,1 days,advance
09:44:34,0 days,off-peak
09:52:29,1 days,advance
09:57:13,1 days,advance
10:02:14,1 days,advance
10:15:04,1 days,advance
10:18:32,0 days,off-peak
10:21:25,7 days,advance
10:28:40,17 days,advance
10:31:01,0 days,off-peak
10:37:01,11 days,advance
10:41:15,0 days,off-peak
10:58:15,1 days,advance
11:00:53,0 days,off-peak
11:16:25,0 days,off-peak
11:18:52,0 days,off-peak
11:20:52,0 days,off-peak
11:37:14,0 days,off-peak
11:40:33,0 days,off-peak
12:09:09,17 days,advance
12:14:08,0 days,off-peak
12:36:57,1 days,advance
13:05:58,0 days,off-peak
13:16:53,0 days,off-peak
13:23:51,0 days,off-peak
13:26:26,0 days,off-peak
13:32:04,1 days,advance
13:44:37,1 days,advance
14:00:05,0 days,off-peak
14:00:14,0 days,off-peak
14:04:33,0 days,off-peak
14:04:50,0 days,off-peak
14:06:10,0 days,off-peak
14:06:48,0 days,off-peak
14:07:22,0 days,off-peak
14:12:42,1 days,advance
14:20:45,1 days,advance
14:30:13,0 days,off-peak
14:30:27,0 days,off-peak
14:32:57,0 days,off-peak
14:32:58,0 days,off-peak
14:41:10,0 days,off-peak
14:43:16,0 days,off-peak
14:46:42,0 days,off-peak
14:46:46,0 days,off-peak
14:48:32,1 days,advance
14:55:18,1 days,advance
14:58:29,0 days,off-peak
15:05:59,0 days,off-peak
15:06:55,0 days,off-peak
15:07:48,0 days,off-peak
15:11:29,0 days,off-peak
15:14:09,0 days,off-peak
15:19:42,0 days,off-peak
15:20:34,0 days,off-peak
15:22:26,0 days,off-peak
15:29:43,0 days,off-peak
15:37:31,0 days,off-peak
15:43:12,0 days,off-peak
15:43:27,0 days,off-peak
15:46:23,0 days,off-peak
15:50:47,1 days,advance
15:53:59,0 days,off-peak
16:01:02,0 days,off-peak
16:06:44,0 days,off-peak
16:11:04,0 days,off-peak
16:11:57,0 days,off-peak
16:15:14,1 days,advance
16:24:57,0 days,off-peak
16:25:05,1 days,advance
16:36:55,1 days,advance
16:39:49,1 days,advance
16:54:19,1 days,advance
17:01:35,1 days,advance
17:07:38,1 days,advance
17:15:57,0 days,off-peak
17:17:02,0 days,off-peak
17:17:12,0 days,off-peak
17:17:18,0 days,off-peak
17:17:27,0 days,off-peak
17:17:44,0 days,off-peak
17:17:45,0 days,off-peak
17:19:48,0 days,off-peak
17:19:52,0 days,off-peak
17:20:06,0 days,off-peak
17:20:28,0 days,off-peak
17:23:44,0 days,off-peak
17:24:27,0 days,off-peak
17:24:27,1 days,advance
17:26:06,1 days,advance
17:26:56,0 days,off-peak
17:27:58,0 days,off-peak
17:31:28,1 days,advance
17:32:38,1 days,advance
17:35:52,1 days,advance
17:40:48,1 days,advance
17:41:39,1 days,advance
17:41:54,1 days,advance
17:43:41,1 days,advance
17:44:05,1 days,advance
17:45:42,1 days,advance
17:46:54,1 days,advance
17:57:37,1 days,advance
18:00:45,1 days,advance
18:04:48,1 days,advance
18:10:00,0 days,off-peak
18:11:23,1 days,advance
18:13:58,0 days,off-peak
18:16:08,0 days,off-peak
18:20:42,0 days,off-peak
18:20:50,0 days,off-peak
18:24:39,0 days,off-peak
18:30:09,0 days,off-peak
18:30:16,1 days,advance
18:38:15,0 days,off-peak
18:39:09,1 days,advance
18:51:28,0 days,off-peak
18:56:12,1 days,advance
19:21:45,1 days,advance
19:26:09,1 days,advance
19:27:19,1 days,advance
19:30:34,0 days,off-peak
19:31:05,1 days,advance
19:33:11,1 days,advance
19:33:33,1 days,advance
20:00:38,0 days,off-peak
20:13:43,1 days,advance
20:13:50,1 days,advance
20:20:15,1 days,advance
20:20:29,1 days,advance
20:21:26,1 days,advance
20:23:46,1 days,advance
20:23:48,6 days,advance
20:26:58,1 days,advance
20:28:03,1 days,advance
20:31:32,1 days,advance
20:34:50,1 days,advance
20:48:19,0 days,off-peak
20:54:45,0 days,off-peak
20:57:28,0 days,off-peak
21:02:09,1 days,advance
21:30:35,1 days,advance
21:31:54,1 days,advance
21:48:41,10 days,advance
22:04:09,4 days,advance
22:32:47,1 days,advance
22:44:54,10 days,advance
22:58:11,1 days,advance
23:02:58,1 days,advance
23:06:41,1 days,advance
23:09:10,1 days,advance
23:12:58,1 days,advance
23:13:19,1 days,advance
23:13:46,1 days,advance
23:19:29,8 days,advance
23:26:18,1 days,advance
23:26:53,1 days,advance
23:27:47,1 days,advance
23:31:54,1 days,advance
23:34:27,1 days,advance
23:41:09,1 days,advance
23:48:05,1 days,advance
23:50:29,1 days,advance
23:56:11,1 days,advance
23:58:26,15 days,advance
00:02:07,0 days,off-peak
00:03:19,1 days,advance
00:10:58,0 days,off-peak
00:25:41,0 days,off-peak
00:29:10,0 days,off-peak
00:32:53,0 days,off-peak
00:34:36,0 days,off-peak
00:48:27,4 days,advance
00:56:40,0 days,off-peak
00:57:36,0 days,off-peak
01:09:12,1 days,advance
01:21:04,1 days,advance
01:23:29,0 days,off-peak
01:23:32,4 days,advance
01:23:52,1 days,advance
01:28:49,0 days,off-peak
01:34:34,1 days,advance
01:41:45,12 days,advance
01:43:49,1 days,advance
01:52:42,20 days,advance
02:02:54,1 days,advance
02:14:37,1 days,advance
02:22:13,1 days,advance
02:22:22,14 days,advance
02:50:00,0 days,off-peak
03:07:03,0 days,off-peak
03:07:27,1 days,advance
03:08:55,1 days,advance
03:31:07,0 days,off-peak
03:35:06,0 days,off-peak
03:39:23,0 days,off-peak
03:41:43,1 days,advance
03:49:47,0 days,off-peak
04:05:36,1 days,advance
04:10:21,0 days,off-peak
04:11:53,0 days,off-peak
04:13:54,1 days,advance
04:18:32,1 days,advance
04:26:05,0 days,off-peak
04:47:04,0 days,anytime
04:47:42,0 days,anytime
04:56:25,0 days,anytime
04:56:40,0 days,anytime
04:57:46,0 days,anytime
04:58:17,0 days,anytime
04:58:48,0 days,anytime
04:59:29,0 days,anytime
05:00:12,0 days,anytime
05:04:28,0 days,anytime
05:06:49,0 days,anytime
05:07:46,0 days,anytime
05:10:12,1 days,advance
05:10:54,0 days,anytime
05:11:04,0 days,anytime
05:11:49,0 days,anytime
05:13:37,0 days,anytime
05:14:11,0 days,anytime
05:17:06,1 days,advance
05:20:55,0 days,anytime
05:21:33,0 days,anytime
05:23:15,0 days,anytime
05:37:55,0 days,anytime
05:40:44,1 days,advance
05:48:54,0 days,off-peak
05:52:20,1 days,advance
05:58:51,1 days,advance
06:02:33,0 days,anytime
06:04:03,1 days,advance
06:04:20,0 days,anytime
06:10:08,0 days,anytime
06:11:35,1 days,advance
06:15:19,1 days,advance
06:32:01,0 days,anytime
06:33:36,0 days,anytime
06:35:59,0 days,anytime
06:37:31,0 days,anytime
06:54:01,0 days,anytime
06:58:32,0 days,anytime
07:11:55,0 days,anytime
07:15:15,0 days,anytime
07:17:01,0 days,anytime
07:17:29,0 days,anytime
07:17:45,0 days,anytime
07:21:26,0 days,anytime
07:22:21,0 days,anytime
07:23:53,0 days,anytime
07:33:11,0 days,off-peak
07:41:19,1 days,advance
07:43:14,0 days,anytime
07:48:58,1 days,advance
07:51:06,1 days,advance
07:53:14,1 days,advance
07:53:22,1 days,advance
07:53:37,1 days,advance
07:54:26,1 days,advance
07:56:34,1 days,advance
07:56:59,0 days,off-peak
07:57:28,1 days,advance
08:03:05,1 days,advance
08:05:00,1 days,advance
08:08:19,14 days,advance
08:11:15,1 days,advance
08:12:45,7 days,advance
08:13:42,1 days,advance
08:16:45,1 days,advance
08:16:55,1 days,advance
08:17:01,1 days,advance
08:18:20,1 days,advance
08:18:59,0 days,off-peak
08:19:56,1 days,advance
08:24:14,1 days,advance
08:24:30,0 days,off-peak
08:24:45,1 days,advance
08:27:00,1 days,advance
08:28:17,1 days,advance
08:29:31,1 days,advance
09:02:14,1 days,advance
09:07:42,1 days,advance
09:25:54,0 days,off-peak
09:26:54,0 days,off-peak
09:30:12,1 days,advance
09:31:14,15 days,advance
09:32:33,1 days,advance
09:39:05,0 days,off-peak
09:39:51,1 days,advance
09:40:40,0 days,off-peak
09:42:10,1 days,advance
09:43:14,5 days,advance
09:45:00,1 days,advance
09:49:31,0 days,off-peak
09:51:37,1 days,advance
09:51:39,0 days,off-peak
09:58:50,0 days,off-peak
10:23:43,8 days,advance
10:24:01,0 days,off-peak
10:27:40,0 days,off-peak
10:34:17,1 days,advance
10:36:35,0 days,off-peak
10:37:33,0 days,off-peak
10:40:14,1 days,advance
10:42:56,1 days,advance
10:47:36,1 days,advance
10:54:18,0 days,off-peak
11:15:41,0 days,off-peak
11:18:24,0 days,off-peak
11:25:03,0 days,off-peak
11:30:27,0 days,off-peak
11:33:11,1 days,advance
11:34:04,1 days,advance
11:36:18,1 days,advance
11:49:05,0 days,off-peak
11:50:03,1 days,advance
11:54:51,0 days,off-peak
12:12:53,1 days,advance
12:20:54,0 days,off-peak
12:34:07,1 days,advance
12:41:55,1 days,advance
12:54:54,0 days,off-peak
13:16:44,1 days,advance
13:21:01,1 days,advance
13:24:23,0 days,off-peak
13:32:35,0 days,off-peak
13:36:37,0 days,off-peak
13:46:07,1 days,advance
14:12:09,1 days,advance
14:12:42,1 days,advance
14:15:08,0 days,off-peak
14:16:36,1 days,advance
14:20:20,0 days,off-peak
14:25:23,1 days,advance
14:28:17,3 days,advance
14:29:34,1 days,advance
14:31:50,0 days,anytime
14:35:04,0 days,anytime
14:35:10,1 days,advance
14:37:07,0 days,anytime
14:40:13,0 days,anytime
14:43:16,0 days,anytime
14:45:08,0 days,anytime
14:49:39,0 days,anytime
14:53:21,0 days,anytime
14:53:25,1 days,advance
14:54:33,1 days,advance
14:55:03,1 days,advance
14:55:25,1 days,advance
14:58:35,1 days,advance
15:00:21,0 days,anytime
15:02:30,0 days,off-peak
15:11:12,1 days,advance
15:11:41,0 days,anytime
15:13:47,0 days,anytime
15:14:52,0 days,anytime
15:18:00,3 days,advance
15:21:41,7 days,advance
15:35:39,0 days,anytime
15:39:49,1 days,advance
15:45:10,1 days,advance
15:50:06,0 days,anytime
15:51:49,1 days,advance
16:07:14,0 days,anytime
16:07:47,1 days,advance
16:11:30,0 days,anytime
16:11:41,1 days,advance
16:13:11,0 days,anytime
16:14:51,0 days,anytime
16:17:48,1 days,advance
16:28:50,1 days,advance
16:46:56,0 days,anytime
16:53:33,0 days,anytime
17:00:50,1 days,advance
17:02:19,0 days,anytime
17:08:14,1 days,advance
17:10:08,1 days,advance
17:15:14,1 days,advance
17:16:53,0 days,anytime
17:17:43,0 days,anytime
17:19:45,0 days,anytime
17:20:13,0 days,anytime
17:20:32,0 days,anytime
17:22:34,0 days,anytime
17:23:12,0 days,anytime
17:23:20,0 days,anytime
17:23:43,0 days,anytime
17:24:16,1 days,advance
17:24:42,0 days,anytime
17:25:56,0 days,anytime
17:28:18,0 days,anytime
17:29:07,0 days,anytime
17:32:27,1 days,advance
17:36:34,1 days,advance
17:37:21,0 days,off-peak
17:39:23,1 days,advance
17:40:56,1 days,advance
17:41:24,1 days,advance
17:41:49,1 days,advance
17:43:37,0 days,off-peak
17:44:11,1 days,advance
17:47:46,1 days,advance
17:50:36,1 days,advance
17:55:07,1 days,advance
17:55:58,3 days,advance
18:03:59,1 days,advance
18:05:06,1 days,advance
18:08:08,1 days,advance
18:10:06,1 days,advance
18:10:35,0 days,anytime
18:18:28,0 days,anytime
18:22:45,1 days,advance
18:26:27,0 days,off-peak
18:31:55,0 days,off-peak
18:33:07,1 days,advance
18:35:42,0 days,off-peak
18:35:58,1 days,advance
18:41:08,0 days,off-peak
18:48:13,0 days,off-peak
18:49:16,1 days,advance
18:49:17,0 days,off-peak
18:55:02,1 days,advance
18:56:58,0 days,off-peak
18:59:37,1 days,advance
19:22:52,1 days,advance
19:24:47,1 days,advance
19:29:12,1 days,advance
19:30:49,1 days,advance
19:33:20,1 days,advance
19:36:27,1 days,advance
19:41:17,1 days,advance
19:45:03,20 days,advance
19:53:07,1 days,advance
20:08:32,0 days,off-peak
20:10:35,0 days,off-peak
20:16:06,1 days,advance
20:16:59,1 days,advance
20:19:38,1 days,advance
20:20:21,1 days,advance
20:20:37,1 days,advance
20:22:42,1 days,advance
20:23:30,10 days,advance
20:24:22,1 days,advance
20:30:26,1 days,advance
20:31:19,1 days,advance
20:31:26,1 days,advance
20:34:53,0 days,off-peak
20:43:48,1 days,advance
20:47:17,0 days,off-peak
20:48:47,0 days,off-peak
21:08:34,1 days,advance
21:43:32,1 days,advance
21:44:45,1 days,advance
21:51:55,1 days,advance
21:52:40,1 days,advance
21:56:11,1 days,advance
22:11:49,1 days,advance
22:31:26,13 days,advance
22:43:17,1 days,advance
23:13:17,1 days,advance
23:14:55,1 days,advance
23:42:25,1 days,advance
23:56:45,1 days,advance
00:10:20,0 days,off-peak
00:20:07,0 days,off-peak
00:20:20,2 days,advance
00:23:24,0 days,off-peak
00:41:28,0 days,off-peak
01:07:45,0 days,off-peak
01:09:11,0 days,off-peak
01:22:37,0 days,off-peak
01:25:47,0 days,off-peak
01:28:54,9 days,advance
01:38:18,6 days,advance
01:42:20,6 days,advance
02:05:26,0 days,off-peak
02:54:36,0 days,off-peak
02:59:03,0 days,off-peak
02:59:54,0 days,off-peak
03:46:44,0 days,off-peak
03:55:45,0 days,off-peak
04:20:46,0 days,off-peak
04:27:19,0 days,off-peak
04:55:21,0 days,anytime
04:57:09,0 days,anytime
04:58:38,0 days,anytime
04:59:12,0 days,anytime
05:03:01,0 days,anytime
05:10:55,0 days,anytime
05:13:17,0 days,anytime
05:14:05,0 days,anytime
05:29:14,0 days,anytime
05:30:40,0 days,anytime
05:38:33,0 days,anytime
05:46:58,9 days,advance
05:49:06,0 days,anytime
05:59:55,0 days,anytime
06:00:59,0 days,anytime
06:03:33,0 days,anytime
06:04:26,0 days,anytime
06:05:37,0 days,anytime
06:06:37,0 days,anytime
06:10:24,0 days,anytime
06:10:40,0 days,anytime
06:12:29,0 days,anytime
06:15:19,0 days,anytime
06:31:39,0 days,anytime
06:33:59,0 days,anytime
06:34:46,0 days,anytime
06:36:53,0 days,anytime
06:43:23,0 days,anytime
06:57:20,0 days,anytime
07:17:18,0 days,anytime
07:17:27,0 days,anytime
07:24:48,0 days,anytime
07:26:45,0 days,anytime
07:29:31,0 days,anytime
07:32:04,0 days,off-peak
07:47:11,0 days,off-peak
08:15:56,3 days,advance
09:09:57,0 days,off-peak
09:10:50,3 days,advance
09:13:41,0 days,off-peak
09:24:50,0 days,off-peak
09:26:42,0 days,off-peak
09:39:24,0 days,off-peak
09:41:06,0 days,off-peak
10:21:10,0 days,off-peak
10:34:05,0 days,off-peak
10:34:23,18 days,advance
10:56:43,3 days,advance
11:03:20,0 days,off-peak
11:17:24,0 days,off-peak
11:18:33,0 days,off-peak
11:28:04,0 days,off-peak
11:41:22,0 days,off-peak
11:54:01,0 days,off-peak
11:55:55,0 days,off-peak
12:24:31,0 days,off-peak
13:24:57,0 days,off-peak
13:28:35,0 days,off-peak
14:00:41,3 days,advance
14:09:19,0 days,off-peak
14:13:38,0 days,anytime
14:15:26,0 days,off-peak
14:21:51,0 days,off-peak
14:24:36,0 days,off-peak
14:28:28,0 days,off-peak
14:39:29,0 days,anytime
14:41:12,0 days,anytime
14:41:42,0 days,anytime
14:42:31,0 days,anytime
14:42:37,0 days,anytime
14:45:59,0 days,anytime
15:05:04,0 days,off-peak
15:16:47,0 days,anytime
15:43:55,0 days,anytime
15:44:07,0 days,anytime
15:48:05,0 days,anytime
15:49:35,0 days,anytime
15:51:03,0 days,anytime
15:55:27,0 days,anytime
16:06:15,0 days,anytime
16:06:21,0 days,anytime
16:07:52,0 days,anytime
17:05:49,0 days,anytime
17:10:39,0 days,anytime
17:11:25,0 days,anytime
17:15:13,0 days,anytime
17:15:26,0 days,anytime
17:16:11,0 days,anytime
17:17:20,0 days,anytime
17:18:05,0 days,anytime
17:18:10,0 days,anytime
17:21:12,0 days,anytime
17:21:25,0 days,anytime
17:22:47,0 days,anytime
17:22:50,0 days,anytime
17:23:47,0 days,anytime
17:26:57,0 days,anytime
17:27:44,0 days,anytime
17:27:53,0 days,anytime
17:28:27,0 days,anytime
17:28:52,0 days,anytime
17:43:16,0 days,off-peak
17:46:24,15 days,advance
17:51:04,0 days,off-peak
17:51:18,0 days,off-peak
17:59:20,8 days,advance
18:16:46,0 days,anytime
18:20:25,0 days,anytime
18:43:01,6 days,advance
19:42:19,0 days,off-peak
20:13:16,0 days,off-peak
20:53:49,0 days,off-peak
20:56:26,0 days,off-peak
20:59:01,0 days,off-peak
20:59:27,0 days,off-peak
22:30:44,1 days,advance
22:30:47,1 days,advance
22:31:08,1 days,advance
22:38:05,1 days,advance
22:42:45,1 days,advance
22:50:54,1 days,advance
22:50:55,1 days,advance
23:06:27,1 days,advance
23:21:45,1 days,advance
23:47:46,4 days,advance
00:01:01,1 days,advance
00:02:02,0 days,off-peak
00:02:05,1 days,advance
00:08:38,0 days,off-peak
00:09:01,0 days,off-peak
00:14:23,0 days,off-peak
00:20:57,0 days,off-peak
00:27:16,0 days,off-peak
00:27:44,0 days,off-peak
00:28:10,0 days,off-peak
00:28:30,0 days,off-peak
00:35:35,0 days,off-peak
00:44:27,0 days,off-peak
00:48:48,0 days,off-peak
00:50:04,0 days,off-peak
00:51:21,0 days,off-peak
00:53:35,0 days,off-peak
00:53:42,0 days,off-peak
00:54:09,0 days,off-peak
01:10:46,0 days,off-peak
01:13:45,0 days,off-peak
01:15:56,0 days,off-peak
01:17:11,0 days,off-peak
01:24:12,0 days,off-peak
01:24:16,0 days,off-peak
01:25:29,0 days,off-peak
01:27:54,1 days,advance
01:31:13,1 days,advance
01:31:44,1 days,advance
01:35:26,1 days,advance
01:56:40,0 days,off-peak
01:57:28,1 days,advance
02:03:15,0 days,off-peak
02:05:00,1 days,advance
02:05:07,0 days,off-peak
02:17:35,0 days,off-peak
02:21:38,0 days,off-peak
02:51:56,0 days,off-peak
03:07:29,0 days,off-peak
03:07:34,0 days,off-peak
03:09:35,0 days,off-peak
03:09:57,1 days,advance
03:17:54,1 days,advance
03:22:16,0 days,off-peak
03:29:09,1 days,advance
03:40:45,0 days,off-peak
03:49:59,1 days,advance
03:50:32,1 days,advance
03:50:34,3 days,advance
03:51:22,0 days,off-peak
03:51:59,1 days,advance
03:52:49,4 days,advance
03:55:15,7 days,advance
04:08:50,1 days,advance
04:11:10,13 days,advance
04:17:46,0 days,off-peak
04:19:20,1 days,advance
04:25:05,0 days,off-peak
04:25:14,0 days,off-peak
04:37:47,0 days,anytime
04:45:51,0 days,anytime
04:46:53,0 days,anytime
04:48:12,0 days,anytime
04:51:13,0 days,anytime
04:52:53,0 days,anytime
04:53:08,0 days,anytime
04:53:42,0 days,anytime
04:53:53,0 days,anytime
04:55:18,0 days,anytime
04:55:29,0 days,anytime
04:56:05,0 days,anytime
04:56:23,0 days,anytime
04:56:44,0 days,anytime
05:01:01,0 days,anytime
05:03:33,0 days,anytime
05:04:26,0 days,anytime
05:05:31,0 days,anytime
05:06:11,0 days,anytime
05:09:15,0 days,anytime
05:09:32,0 days,anytime
05:09:44,0 days,anytime
05:10:04,0 days,anytime
05:10:09,0 days,anytime
05:10:49,0 days,anytime
05:10:56,0 days,anytime
05:11:38,0 days,anytime
05:12:22,0 days,anytime
05:18:05,1 days,advance
05:20:45,0 days,anytime
05:20:59,0 days,anytime
05:28:04,0 days,anytime
05:28:23,0 days,anytime
05:29:09,0 days,anytime
05:44:36,0 days,off-peak
05:52:00,1 days,advance
05:53:51,1 days,advance
05:54:36,0 days,off-peak
06:00:29,14 days,advance
06:03:49,0 days,anytime
06:05:00,0 days,anytime
06:07:29,0 days,anytime
06:10:13,0 days,anytime
06:10:37,0 days,anytime
06:10:38,0 days,anytime
06:10:46,0 days,anytime
06:13:22,0 days,anytime
06:13:31,0 days,anytime
06:14:31,0 days,anytime
06:14:35,1 days,advance
06:32:34,0 days,anytime
06:32:59,1 days,advance
06:35:49,0 days,anytime
06:36:17,0 days,anytime
06:36:19,0 days,anytime
06:38:03,0 days,anytime
06:39:29,0 days,anytime
06:39:43,0 days,anytime
06:40:14,0 days,anytime
06:40:36,0 days,anytime
06:41:56,0 days,anytime
06:42:11,0 days,anytime
06:42:13,0 days,anytime
06:43:10,1 days,advance
06:43:39,0 days,anytime
06:45:58,0 days,anytime
06:47:58,0 days,anytime
06:57:03,0 days,anytime
06:58:25,0 days,anytime
06:58:52,0 days,anytime
07:01:22,0 days,anytime
07:02:30,1 days,advance
07:05:30,0 days,anytime
07:10:13,0 days,anytime
07:15:12,0 days,anytime
07:18:32,0 days,anytime
07:18:48,0 days,anytime
07:19:02,0 days,anytime
07:22:30,0 days,anytime
07:22:40,0 days,anytime
07:23:05,0 days,anytime
07:23:56,0 days,anytime
07:24:17,0 days,anytime
07:24:22,1 days,advance
07:24:28,0 days,anytime
07:25:27,0 days,anytime
07:25:34,0 days,anytime
07:26:26,7 days,advance
07:26:41,0 days,anytime
07:30:20,0 days,off-peak
07:35:03,1 days,advance
07:36:43,1 days,advance
07:36:47,0 days,off-peak
07:40:43,0 days,off-peak
07:41:36,0 days,off-peak
07:42:42,0 days,off-peak
07:46:55,1 days,advance
07:47:10,0 days,anytime
07:48:51,0 days,off-peak
07:49:39,0 days,off-peak
07:50:17,0 days,anytime
07:54:46,0 days,anytime
07:54:46,1 days,advance
07:56:03,3 days,advance
07:59:23,1 days,advance
07:59:52,13 days,advance
08:01:10,1 days,advance
08:04:51,1 days,advance
08:08:26,1 days,advance
08:14:21,1 days,advance
08:14:57,1 days,advance
08:15:39,1 days,advance
08:15:50,1 days,advance
08:16:19,6 days,advance
08:19:02,1 days,advance
08:21:12,1 days,advance
08:21:39,21 days,advance
08:23:51,0 days,off-peak
08:26:15,0 days,off-peak
08:27:57,1 days,advance
08:31:17,1 days,advance
08:34:03,0 days,off-peak
08:44:36,0 days,off-peak
08:44:56,1 days,advance
08:53:33,1 days,advance
08:58:20,0 days,off-peak
09:00:29,1 days,advance
09:02:05,1 days,advance
09:02:12,0 days,off-peak
09:04:41,1 days,advance
09:06:50,1 days,advance
09:07:36,1 days,advance
09:10:41,1 days,advance
09:11:33,1 days,advance
09:12:52,1 days,advance
09:29:56,0 days,off-peak
09:31:40,0 days,off-peak
09:33:01,1 days,advance
09:34:09,1 days,advance
09:35:29,1 days,advance
09:40:31,0 days,off-peak
09:44:27,0 days,off-peak
09:48:35,0 days,off-peak
09:55:08,0 days,off-peak
09:55:27,0 days,off-peak
09:59:08,1 days,advance
10:03:10,0 days,off-peak
10:15:13,0 days,off-peak
10:16:03,1 days,advance
10:19:11,13 days,advance
10:20:12,1 days,advance
10:22:28,0 days,off-peak
10:26:31,1 days,advance
10:27:14,0 days,off-peak
10:31:13,0 days,off-peak
10:34:47,1 days,advance
10:36:06,0 days,off-peak
10:36:34,1 days,advance
10:39:23,1 days,advance
10:42:40,0 days,off-peak
11:08:01,0 days,off-peak
11:16:28,0 days,off-peak
11:24:01,0 days,off-peak
11:27:25,0 days,off-peak
11:34:36,1 days,advance
11:36:11,0 days,off-peak
11:37:07,0 days,off-peak
11:39:34,0 days,off-peak
11:39:49,0 days,off-peak
11:41:11,0 days,off-peak
11:54:14,0 days,off-peak
11:55:11,0 days,off-peak
11:56:41,0 days,off-peak
12:06:02,1 days,advance
12:06:58,0 days,off-peak
12:09:08,0 days,off-peak
12:10:14,0 days,off-peak
12:11:16,0 days,off-peak
12:12:32,1 days,advance
12:14:36,0 days,off-peak
12:16:16,3 days,advance
12:18:48,0 days,off-peak
12:27:33,1 days,advance
12:37:56,0 days,off-peak
12:51:35,0 days,off-peak
12:52:39,0 days,off-peak
13:19:38,0 days,off-peak
13:20:28,0 days,off-peak
13:20:43,0 days,off-peak
13:24:01,0 days,off-peak
13:25:17,1 days,advance
13:26:24,1 days,advance
13:31:03,0 days,off-peak
13:40:57,1 days,advance
13:42:25,1 days,advance
13:44:16,0 days,off-peak
14:00:25,0 days,off-peak
14:02:24,0 days,off-peak
14:06:20,0 days,off-peak
14:12:14,0 days,off-peak
14:15:17,7 days,advance
14:21:13,0 days,off-peak
14:24:53,1 days,advance
14:25:17,0 days,off-peak
14:25:27,0 days,off-peak
14:27:20,0 days,off-peak
14:30:02,0 days,anytime
14:31:17,0 days,anytime
14:31:37,0 days,anytime
14:32:37,0 days,anytime
14:34:15,0 days,anytime
14:34:22,1 days,advance
14:36:04,0 days,anytime
14:39:19,0 days,anytime
14:42:42,0 days,anytime
14:42:49,0 days,anytime
14:43:19,0 days,anytime
14:43:24,0 days,anytime
14:44:49,0 days,anytime
14:51:35,1 days,advance
14:51:38,0 days,anytime
14:52:09,0 days,anytime
14:52:51,0 days,anytime
14:53:13,0 days,anytime
14:54:24,0 days,anytime
14:54:50,0 days,anytime
14:56:39,1 days,advance
14:57:00,0 days,anytime
14:58:48,0 days,anytime
15:01:02,0 days,anytime
15:01:57,1 days,advance
15:05:12,0 days,off-peak
15:09:45,7 days,advance
15:12:58,0 days,anytime
15:13:35,0 days,anytime
15:16:54,0 days,anytime
15:17:01,0 days,anytime
15:17:51,0 days,anytime
15:18:45,0 days,anytime
15:20:35,1 days,advance
15:24:14,0 days,anytime
15:33:18,0 days,anytime
15:33:54,1 days,advance
15:49:15,0 days,anytime
15:49:45,1 days,advance
15:51:07,0 days,anytime
15:52:03,0 days,anytime
15:57:42,0 days,anytime
16:01:16,0 days,anytime
16:02:27,0 days,anytime
16:02:30,0 days,anytime
16:05:38,0 days,anytime
16:09:07,0 days,anytime
16:09:34,0 days,anytime
16:10:34,0 days,anytime
16:13:49,0 days,anytime
16:13:49,0 days,anytime
16:14:08,0 days,anytime
16:14:16,15 days,advance
16:23:17,1 days,advance
16:28:58,0 days,anytime
16:41:54,1 days,advance
16:53:21,1 days,advance
16:58:14,0 days,anytime
16:59:18,0 days,anytime
17:03:02,0 days,anytime
17:06:45,0 days,anytime
17:10:03,0 days,anytime
17:10:46,0 days,anytime
17:16:12,1 days,advance
17:16:34,0 days,anytime
17:17:03,0 days,anytime
17:17:36,0 days,anytime
17:17:48,0 days,anytime
17:18:57,0 days,anytime
17:19:13,0 days,anytime
17:19:14,0 days,anytime
17:20:55,0 days,anytime
17:21:20,0 days,anytime
17:21:34,0 days,anytime
17:23:09,0 days,anytime
17:24:40,0 days,anytime
17:24:53,1 days,advance
17:25:16,0 days,anytime
17:26:56,0 days,anytime
17:27:51,0 days,anytime
17:28:00,0 days,anytime
17:28:53,0 days,anytime
17:29:27,0 days,anytime
17:30:12,1 days,advance
17:33:53,0 days,off-peak
17:37:03,1 days,advance
17:42:02,0 days,off-peak
17:44:20,0 days,off-peak
17:45:39,1 days,advance
17:46:03,0 days,off-peak
17:47:23,1 days,advance
17:52:35,13 days,advance
17:52:46,0 days,off-peak
17:57:20,0 days,off-peak
18:08:42,1 days,advance
18:10:36,1 days,advance
18:12:25,0 days,anytime
18:14:18,0 days,anytime
18:15:26,0 days,anytime
18:15:53,0 days,anytime
18:15:56,0 days,off-peak
18:16:05,0 days,off-peak
18:16:29,0 days,anytime
18:29:36,0 days,off-peak
18:30:42,7 days,advance
18:31:53,1 days,advance
18:36:20,0 days,off-peak
18:39:40,0 days,off-peak
18:42:28,6 days,advance
18:45:55,0 days,off-peak
18:50:11,0 days,off-peak
18:50:13,0 days,off-peak
18:53:24,1 days,advance
18:54:35,1 days,advance
18:55:48,1 days,advance
18:56:29,1 days,advance
18:58:51,0 days,off-peak
18:59:11,0 days,off-peak
19:06:36,0 days,off-peak
19:27:02,1 days,advance
19:30:48,1 days,advance
19:31:05,1 days,advance
19:33:05,3 days,advance
19:37:27,2 days,advance
19:38:01,0 days,off-peak
19:49:29,0 days,off-peak
19:50:26,0 days,off-peak
19:56:16,1 days,advance
19:59:49,0 days,off-peak
19:59:58,0 days,off-peak
20:02:59,0 days,off-peak
20:06:53,0 days,off-peak
20:10:26,0 days,off-peak
20:15:34,1 days,advance
20:17:12,1 days,advance
20:17:42,5 days,advance
20:17:43,1 days,advance
20:18:24,2 days,advance
20:18:37,1 days,advance
20:20:18,1 days,advance
20:20:19,2 days,advance
20:23:46,1 days,advance
20:25:31,4 days,advance
20:27:12,1 days,advance
20:28:47,1 days,advance
20:29:08,1 days,advance
20:30:51,0 days,off-peak
20:44:27,0 days,off-peak
20:44:31,1 days,advance
20:45:31,0 days,off-peak
20:52:22,0 days,off-peak
21:37:55,1 days,advance
22:05:48,8 days,advance
22:31:25,1 days,advance
23:00:33,1 days,advance
23:10:44,1 days,advance
23:12:25,1 days,advance
23:38:11,1 days,advance
23:48:14,2 days,advance
23:57:28,1 days,advance
00:01:12,0 days,off-peak
00:15:25,0 days,off-peak
00:21:29,28 days,advance
00:22:50,0 days,off-peak
00:26:26,0 days,off-peak
00:27:07,0 days,off-peak
00:30:53,22 days,advance
00:38:35,0 days,off-peak
00:40:16,0 days,off-peak
01:00:34,0 days,off-peak
01:03:02,0 days,off-peak
01:06:59,0 days,off-peak
01:08:36,0 days,off-peak
01:11:59,0 days,off-peak
01:12:01,0 days,off-peak
01:13:39,0 days,off-peak
01:15:19,1 days,advance
01:16:47,0 days,off-peak
01:35:14,1 days,advance
01:39:30,8 days,advance
01:55:38,0 days,off-peak
01:57:58,1 days,advance
02:15:53,1 days,advance
02:23:43,0 days,off-peak
02:25:14,1 days,advance
02:31:55,1 days,advance
02:36:00,0 days,off-peak
03:01:43,0 days,off-peak
03:02:52,0 days,off-peak
03:11:00,1 days,advance
03:36:03,0 days,off-peak
03:36:57,0 days,off-peak
03:37:41,1 days,advance
03:39:21,0 days,off-peak
03:40:32,0 days,off-peak
03:48:54,8 days,advance
03:50:57,1 days,advance
03:58:40,0 days,off-peak
04:06:09,0 days,off-peak
04:22:29,1 days,advance
04:45:34,0 days,anytime
04:51:04,0 days,anytime
04:51:44,0 days,anytime
04:51:59,0 days,anytime
04:53:19,0 days,anytime
04:53:39,0 days,anytime
04:54:25,0 days,anytime
04:58:31,0 days,anytime
04:58:49,0 days,anytime
04:59:32,0 days,anytime
05:00:14,0 days,anytime
05:01:38,0 days,anytime
05:04:45,0 days,anytime
05:07:20,1 days,advance
05:09:08,0 days,anytime
05:12:54,0 days,anytime
05:14:46,0 days,anytime
05:18:35,0 days,anytime
05:20:54,0 days,anytime
05:21:27,12 days,advance
05:45:02,1 days,advance
05:45:03,0 days,anytime
05:48:22,1 days,advance
05:48:23,1 days,advance
05:50:54,11 days,advance
05:51:48,0 days,anytime
05:56:09,2 days,advance
06:10:05,0 days,anytime
06:10:26,0 days,anytime
06:10:40,0 days,anytime
06:12:40,0 days,anytime
06:13:25,0 days,anytime
06:16:37,0 days,anytime
06:20:44,1 days,advance
06:31:19,0 days,anytime
06:31:40,0 days,anytime
06:38:32,0 days,anytime
06:41:55,0 days,anytime
06:46:44,0 days,anytime
07:08:08,0 days,anytime
07:16:00,0 days,anytime
07:18:22,1 days,advance
07:21:45,0 days,anytime
07:29:11,1 days,advance
07:33:01,1 days,advance
07:36:09,1 days,advance
07:40:44,0 days,off-peak
07:41:43,0 days,off-peak
07:44:15,0 days,off-peak
07:46:13,1 days,advance
07:51:27,0 days,off-peak
07:53:08,0 days,anytime
07:53:39,1 days,advance
07:56:21,5 days,advance
07:56:30,1 days,advance
07:59:12,1 days,advance
08:05:56,5 days,advance
08:09:02,4 days,advance
08:13:44,1 days,advance
08:13:44,1 days,advance
08:15:37,1 days,advance
08:16:12,1 days,advance
08:16:39,1 days,advance
08:17:27,0 days,off-peak
08:20:17,1 days,advance
08:22:30,1 days,advance
08:22:42,10 days,advance
08:23:30,1 days,advance
08:24:26,1 days,advance
08:26:10,0 days,off-peak
08:26:47,1 days,advance
08:26:50,2 days,advance
08:28:24,1 days,advance
09:00:02,0 days,off-peak
09:02:02,1 days,advance
09:07:51,1 days,advance
09:08:24,1 days,advance
09:11:50,1 days,advance
09:13:18,1 days,advance
09:14:53,0 days,off-peak
09:15:33,0 days,off-peak
09:21:59,1 days,advance
09:29:50,1 days,advance
09:30:29,0 days,off-peak
09:31:43,1 days,advance
09:34:56,0 days,off-peak
09:35:22,1 days,advance
09:40:58,1 days,advance
09:43:26,1 days,advance
09:44:32,1 days,advance
09:59:21,0 days,off-peak
10:05:48,7 days,advance
10:23:57,0 days,off-peak
10:24:15,1 days,advance
10:28:40,0 days,off-peak
10:31:50,1 days,advance
10:35:30,0 days,off-peak
10:35:53,10 days,advance
10:43:18,1 days,advance
11:13:49,0 days,off-peak
11:26:30,0 days,off-peak
11:37:14,0 days,off-peak
11:39:42,0 days,off-peak
11:42:56,1 days,advance
11:44:55,0 days,off-peak
11:45:22,1 days,advance
11:45:51,0 days,off-peak
11:52:20,1 days,advance
11:54:54,1 days,advance
11:59:17,0 days,off-peak
11:59:46,0 days,off-peak
12:08:28,1 days,advance
12:09:18,1 days,advance
12:33:07,1 days,advance
12:33:19,1 days,advance
12:36:39,5 days,advance
12:36:43,1 days,advance
12:43:05,1 days,advance
12:43:08,0 days,off-peak
12:43:26,1 days,advance
13:07:18,0 days,off-peak
13:10:50,0 days,off-peak
13:16:11,0 days,off-peak
13:22:14,0 days,off-peak
13:24:19,0 days,off-peak
13:24:25,0 days,off-peak
13:24:32,1 days,advance
13:25:50,0 days,off-peak
13:27:54,0 days,off-peak
13:29:14,1 days,advance
13:29:51,0 days,off-peak
13:34:05,1 days,advance
13:40:15,7 days,advance
14:01:02,0 days,off-peak
14:01:12,0 days,off-peak
14:14:46,0 days,off-peak
14:18:34,0 days,off-peak
14:29:14,0 days,off-peak
14:34:38,0 days,anytime
14:35:56,0 days,anytime
14:37:52,0 days,anytime
14:41:18,0 days,anytime
14:44:28,0 days,anytime
14:45:55,0 days,anytime
15:00:02,1 days,advance
15:08:03,0 days,off-peak
15:10:07,1 days,advance
15:13:33,0 days,anytime
15:14:31,0 days,anytime
15:19:12,1 days,advance
15:21:00,0 days,anytime
15:29:43,1 days,advance
15:30:48,1 days,advance
15:32:46,0 days,anytime
15:58:11,0 days,anytime
16:02:36,0 days,anytime
16:07:09,0 days,anytime
16:07:14,0 days,anytime
16:09:51,0 days,anytime
16:10:57,1 days,advance
16:11:13,0 days,anytime
16:14:57,0 days,anytime
16:20:52,1 days,advance
16:24:15,0 days,anytime
16:32:12,1 days,advance
16:32:56,1 days,advance
16:35:10,1 days,advance
16:37:20,1 days,advance
17:05:25,0 days,anytime
17:09:06,1 days,advance
17:09:57,0 days,anytime
17:12:19,1 days,advance
17:13:39,0 days,anytime
17:15:00,0 days,anytime
17:16:43,0 days,anytime
17:17:32,0 days,anytime
17:19:08,0 days,anytime
17:20:10,1 days,advance
17:21:25,0 days,anytime
17:22:17,0 days,anytime
17:22:19,0 days,anytime
17:25:17,0 days,anytime
17:25:47,1 days,advance
17:26:54,0 days,anytime
17:27:40,0 days,anytime
17:29:34,0 days,anytime
17:32:57,1 days,advance
17:34:35,1 days,advance
17:39:28,0 days,off-peak
17:46:43,1 days,advance
17:46:50,1 days,advance
17:53:08,1 days,advance
17:58:33,1 days,advance
18:13:41,0 days,anytime
18:31:18,1 days,advance
18:44:20,1 days,advance
18:52:12,1 days,advance
18:59:15,17 days,advance
18:59:51,0 days,off-peak
19:26:57,5 days,advance
19:30:09,1 days,advance
19:32:03,2 days,advance
19:32:22,1 days,advance
19:33:09,1 days,advance
19:33:28,1 days,advance
19:35:33,1 days,advance
19:40:16,1 days,advance
19:41:18,1 days,advance
19:53:49,1 days,advance
20:07:05,1 days,advance
20:07:36,1 days,advance
20:16:36,1 days,advance
20:20:29,1 days,advance
20:21:07,1 days,advance
20:23:13,4 days,advance
20:23:55,1 days,advance
20:24:54,3 days,advance
20:25:23,1 days,advance
20:26:00,1 days,advance
20:26:46,1 days,advance
20:26:52,1 days,advance
20:31:30,16 days,advance
20:34:36,0 days,off-peak
20:46:41,1 days,advance
20:57:32,7 days,advance
21:15:54,1 days,advance
21:26:56,1 days,advance
21:40:57,1 days,advance
21:50:04,1 days,advance
21:53:02,1 days,advance
22:07:35,1 days,advance
22:32:26,8 days,advance
22:47:49,1 days,advance
23:14:31,1 days,advance
23:32:21,1 days,advance
23:36:51,1 days,advance
23:55:25,1 days,advance
23:56:59,1 days,advance
23:57:55,1 days,advance
00:03:26,0 days,off-peak
00:03:54,2 days,advance
00:06:54,0 days,off-peak
00:14:28,1 days,advance
00:21:21,2 days,advance
00:22:40,1 days,advance
00:24:17,0 days,off-peak
00:26:47,0 days,off-peak
00:33:27,0 days,off-peak
00:39:25,0 days,off-peak
01:00:06,0 days,off-peak
01:06:38,26 days,advance
01:10:57,5 days,advance
01:11:49,1 days,advance
01:16:13,0 days,off-peak
01:18:09,18 days,advance
01:19:39,1 days,advance
01:20:50,11 days,advance
01:24:27,0 days,off-peak
01:24:36,0 days,off-peak
01:27:37,25 days,advance
01:28:04,12 days,advance
01:34:00,6 days,advance
01:34:33,1 days,advance
01:36:26,1 days,advance
01:36:44,10 days,advance
01:38:51,1 days,advance
01:40:17,20 days,advance
01:42:54,1 days,advance
01:43:09,11 days,advance
01:43:24,1 days,advance
01:44:11,27 days,advance
01:55:05,1 days,advance
01:56:06,7 days,advance
01:57:21,1 days,advance
02:02:20,26 days,advance
02:02:41,1 days,advance
02:02:42,23 days,advance
02:02:49,0 days,off-peak
02:03:47,0 days,off-peak
02:07:19,0 days,off-peak
02:07:52,4 days,advance
02:10:13,18 days,advance
02:39:00,24 days,advance
02:54:02,1 days,advance
03:03:02,3 days,advance
03:03:24,6 days,advance
03:05:13,0 days,off-peak
03:12:03,0 days,off-peak
03:12:10,10 days,advance
03:14:39,1 days,advance
03:15:05,18 days,advance
03:16:14,0 days,off-peak
03:22:49,0 days,off-peak
03:22:53,22 days,advance
03:23:23,1 days,advance
03:25:08,1 days,advance
03:27:07,1 days,advance
03:30:53,2 days,advance
03:34:45,27 days,advance
03:35:58,15 days,advance
03:37:42,15 days,advance
03:39:24,22 days,advance
03:40:57,12 days,advance
03:44:23,1 days,advance
03:47:46,0 days,off-peak
03:50:32,1 days,advance
03:57:17,0 days,off-peak
03:58:47,18 days,advance
04:15:14,1 days,advance
04:18:30,1 days,advance
04:21:12,4 days,advance
04:26:32,0 days,off-peak
04:39:28,9 days,advance
04:40:33,2 days,advance
04:45:41,0 days,anytime
04:52:22,0 days,anytime
04:52:46,0 days,anytime
04:55:27,0 days,anytime
05:02:37,26 days,advance
05:05:40,0 days,anytime
05:08:12,0 days,anytime
05:10:39,0 days,anytime
05:10:43,0 days,anytime
05:12:38,14 days,advance
05:13:46,0 days,anytime
05:20:45,1 days,advance
05:22:16,0 days,anytime
05:24:10,1 days,advance
05:25:14,0 days,anytime
05:26:18,24 days,advance
05:36:28,6 days,advance
05:37:47,15 days,advance
05:42:35,9 days,advance
05:47:31,0 days,anytime
05:47:35,16 days,advance
05:49:13,0 days,anytime
05:52:51,14 days,advance
05:56:47,0 days,anytime
06:00:17,0 days,anytime
06:02:25,0 days,anytime
06:02:38,22 days,advance
06:04:10,9 days,advance
06:04:55,27 days,advance
06:05:56,22 days,advance
06:06:52,1 days,advance
06:09:36,27 days,advance
06:10:17,0 days,anytime
06:10:27,8 days,advance
06:10:52,16 days,advance
06:11:05,17 days,advance
06:11:54,0 days,anytime
06:17:12,12 days,advance
06:29:36,25 days,advance
06:30:15,0 days,anytime
06:30:41,0 days,anytime
06:31:18,0 days,anytime
06:35:12,1 days,advance
06:35:29,0 days,anytime
06:36:36,0 days,anytime
06:41:28,14 days,advance
06:41:42,0 days,anytime
06:42:12,22 days,advance
06:42:53,2 days,advance
06:43:21,0 days,anytime
06:44:14,0 days,anytime
06:45:45,0 days,anytime
06:50:31,0 days,anytime
06:58:43,0 days,anytime
06:59:14,0 days,anytime
06:59:35,23 days,advance
07:15:36,0 days,anytime
07:16:52,18 days,advance
07:23:33,0 days,anytime
07:25:04,0 days,anytime
07:28:42,0 days,anytime
07:34:52,23 days,advance
07:35:38,12 days,advance
07:40:03,21 days,advance
07:44:17,13 days,advance
07:45:15,0 days,off-peak
07:45:36,24 days,advance
07:47:37,1 days,advance
07:49:13,5 days,advance
07:49:40,1 days,advance
07:50:36,18 days,advance
07:53:25,1 days,advance
07:53:31,19 days,advance
07:53:37,1 days,advance
07:54:11,6 days,advance
07:54:20,12 days,advance
07:54:21,13 days,advance
07:54:58,7 days,advance
07:56:42,16 days,advance
07:56:56,17 days,advance
07:57:22,27 days,advance
07:58:01,1 days,advance
07:58:07,1 days,advance
07:59:59,18 days,advance
08:00:06,17 days,advance
08:00:58,25 days,advance
08:01:19,27 days,advance
08:05:52,5 days,advance
08:06:01,18 days,advance
08:08:30,27 days,advance
08:08:34,19 days,advance
08:10:36,27 days,advance
08:10:37,11 days,advance
08:11:40,4 days,advance
08:12:16,1 days,advance
08:12:52,17 days,advance
08:13:56,15 days,advance
08:16:24,5 days,advance
08:17:12,10 days,advance
08:17:33,17 days,advance
08:19:10,15 days,advance
08:19:23,14 days,advance
08:19:44,16 days,advance
08:20:41,14 days,advance
08:20:52,1 days,advance
08:20:54,11 days,advance
08:20:59,1 days,advance
08:21:31,1 days,advance
08:22:40,11 days,advance
08:23:06,26 days,advance
08:23:10,21 days,advance
08:23:11,2 days,advance
08:23:11,20 days,advance
08:23:12,14 days,advance
08:23:28,13 days,advance
08:23:55,24 days,advance
08:24:38,1 days,advance
08:25:45,27 days,advance
08:26:59,12 days,advance
08:27:26,19 days,advance
08:27:32,10 days,advance
08:28:18,10 days,advance
08:28:30,18 days,advance
08:29:32,1 days,advance
08:29:58,3 days,advance
08:32:42,20 days,advance
08:37:55,1 days,advance
08:41:45,7 days,advance
08:44:08,15 days,advance
08:44:12,21 days,advance
08:50:04,8 days,advance
08:53:11,11 days,advance
09:00:56,0 days,off-peak
09:06:38,1 days,advance
09:06:43,1 days,advance
09:07:12,0 days,off-peak
09:07:21,0 days,off-peak
09:08:37,1 days,advance
09:08:57,25 days,advance
09:09:46,2 days,advance
09:10:01,0 days,off-peak
09:10:33,27 days,advance
09:10:39,1 days,advance
09:11:52,23 days,advance
09:14:17,4 days,advance
09:15:28,6 days,advance
09:30:15,0 days,off-peak
09:32:16,17 days,advance
09:33:23,11 days,advance
09:33:51,1 days,advance
09:33:53,7 days,advance
09:34:26,27 days,advance
09:37:55,1 days,advance
09:38:19,1 days,advance
09:38:20,8 days,advance
09:39:28,16 days,advance
09:40:17,1 days,advance
09:41:13,2 days,advance
09:41:19,22 days,advance
09:42:18,1 days,advance
09:42:31,13 days,advance
09:42:41,1 days,advance
09:43:36,1 days,advance
09:44:28,25 days,advance
09:44:29,1 days,advance
09:51:51,0 days,off-peak
09:59:42,3 days,advance
10:01:35,0 days,off-peak
10:12:05,1 days,advance
10:16:21,0 days,off-peak
10:16:52,1 days,advance
10:18:44,0 days,off-peak
10:19:50,0 days,off-peak
10:20:02,6 days,advance
10:21:42,5 days,advance
10:22:55,21 days,advance
10:24:48,0 days,off-peak
10:25:27,12 days,advance
10:25:42,0 days,off-peak
10:26:04,24 days,advance
10:29:49,23 days,advance
10:33:22,0 days,off-peak
10:38:09,3 days,advance
10:38:15,2 days,advance
10:41:56,20 days,advance
10:46:02,16 days,advance
10:47:26,23 days,advance
10:59:55,7 days,advance
11:15:32,0 days,off-peak
11:17:50,1 days,advance
11:17:56,0 days,off-peak
11:39:40,0 days,off-peak
11:44:44,17 days,advance
11:53:56,0 days,off-peak
11:54:11,0 days,off-peak
11:55:57,21 days,advance
12:00:34,1 days,advance
12:01:24,12 days,advance
12:02:32,1 days,advance
12:07:50,0 days,off-peak
12:22:01,14 days,advance
12:22:39,19 days,advance
12:29:05,0 days,off-peak
12:30:07,25 days,advance
12:32:28,1 days,advance
12:35:01,1 days,advance
12:37:54,16 days,advance
12:38:42,1 days,advance
12:43:09,19 days,advance
12:51:12,22 days,advance
12:55:44,18 days,advance
13:00:27,27 days,advance
13:16:05,1 days,advance
13:17:04,0 days,off-peak
13:18:14,14 days,advance
13:20:25,19 days,advance
13:24:19,0 days,off-peak
13:29:41,23 days,advance
13:30:54,1 days,advance
13:33:06,1 days,advance
13:34:09,15 days,advance
14:02:26,0 days,off-peak
14:02:29,22 days,advance
14:03:49,0 days,off-peak
14:04:29,0 days,off-peak
14:06:03,0 days,off-peak
14:08:28,3 days,advance
14:15:38,12 days,advance
14:18:28,1 days,advance
14:20:00,16 days,advance
14:21:18,0 days,off-peak
14:22:45,11 days,advance
14:23:20,1 days,advance
14:24:38,1 days,advance
14:28:05,23 days,advance
14:37:57,0 days,anytime
14:38:03,0 days,anytime
14:39:38,11 days,advance
14:44:07,0 days,anytime
14:46:45,3 days,advance
14:54:45,21 days,advance
14:58:36,22 days,advance
15:04:05,23 days,advance
15:06:50,1 days,advance
15:08:51,8 days,advance
15:11:06,0 days,anytime
15:12:50,18 days,advance
15:17:25,20 days,advance
15:19:51,0 days,anytime
15:20:39,0 days,anytime
15:21:31,0 days,anytime
15:24:58,0 days,anytime
15:26:06,1 days,advance
15:26:33,0 days,anytime
15:39:50,0 days,anytime
15:40:10,1 days,advance
15:44:38,25 days,advance
15:45:14,3 days,advance
15:49:33,1 days,advance
15:50:05,1 days,advance
15:54:54,2 days,advance
15:58:26,0 days,anytime
16:03:50,0 days,anytime
16:07:18,0 days,anytime
16:09:12,7 days,advance
16:10:09,0 days,anytime
16:10:39,22 days,advance
16:11:16,0 days,anytime
16:29:28,0 days,anytime
16:43:53,1 days,advance
16:45:34,8 days,advance
16:50:09,18 days,advance
16:55:46,1 days,advance
17:00:26,20 days,advance
17:02:04,11 days,advance
17:02:28,1 days,advance
17:03:07,14 days,advance
17:05:40,15 days,advance
17:07:13,1 days,advance
17:07:20,4 days,advance
17:15:35,0 days,anytime
17:17:03,9 days,advance
17:18:13,19 days,advance
17:18:35,3 days,advance
17:19:47,2 days,advance
17:20:36,0 days,anytime
17:20:56,0 days,anytime
17:21:29,8 days,advance
17:21:52,0 days,anytime
17:22:10,0 days,anytime
17:22:30,1 days,advance
17:24:15,0 days,anytime
17:24:16,0 days,anytime
17:24:40,0 days,anytime
17:25:16,20 days,advance
17:25:18,0 days,anytime
17:26:34,0 days,anytime
17:27:09,0 days,anytime
17:28:58,0 days,anytime
17:29:39,12 days,advance
17:29:52,1 days,advance
17:30:45,5 days,advance
17:31:20,27 days,advance
17:33:48,1 days,advance
17:34:28,2 days,advance
17:36:11,16 days,advance
17:38:21,1 days,advance
17:40:20,8 days,advance
17:41:31,2 days,advance
17:43:43,1 days,advance
17:45:01,1 days,advance
17:46:49,17 days,advance
17:47:28,7 days,advance
17:47:39,11 days,advance
17:48:05,20 days,advance
17:49:10,20 days,advance
17:49:33,1 days,advance
17:52:09,4 days,advance
17:53:56,22 days,advance
17:55:06,15 days,advance
17:55:41,13 days,advance
17:56:40,9 days,advance
18:09:55,7 days,advance
18:11:47,0 days,anytime
18:13:01,3 days,advance
18:13:32,7 days,advance
18:18:44,0 days,off-peak
18:24:05,0 days,anytime
18:24:37,0 days,anytime
18:26:41,0 days,off-peak
18:31:06,7 days,advance
18:31:13,1 days,advance
18:31:40,11 days,advance
18:31:42,0 days,off-peak
18:32:36,1 days,advance
18:33:39,1 days,advance
18:37:24,2 days,advance
18:37:49,0 days,off-peak
18:38:32,1 days,advance
18:41:05,1 days,advance
18:42:40,16 days,advance
18:44:30,1 days,advance
18:44:38,0 days,off-peak
18:45:34,12 days,advance
18:45:46,0 days,off-peak
18:46:28,2 days,advance
18:47:19,1 days,advance
18:54:32,0 days,off-peak
18:56:15,16 days,advance
18:57:42,0 days,off-peak
18:59:05,13 days,advance
19:10:13,1 days,advance
19:22:36,1 days,advance
19:25:21,3 days,advance
19:25:59,1 days,advance
19:29:31,4 days,advance
19:30:47,2 days,advance
19:31:15,22 days,advance
19:31:19,1 days,advance
19:31:22,20 days,advance
19:32:15,1 days,advance
19:32:46,1 days,advance
19:33:16,25 days,advance
19:33:35,27 days,advance
19:35:31,12 days,advance
19:36:19,13 days,advance
19:39:29,2 days,advance
19:40:55,20 days,advance
19:41:38,26 days,advance
19:42:17,19 days,advance
19:53:26,1 days,advance
19:58:56,22 days,advance
20:10:24,14 days,advance
20:16:29,10 days,advance
20:17:28,17 days,advance
20:19:13,19 days,advance
20:19:18,13 days,advance
20:19:24,5 days,advance
20:19:35,22 days,advance
20:22:11,1 days,advance
20:22:52,10 days,advance
20:22:58,16 days,advance
20:23:01,1 days,advance
20:23:12,13 days,advance
20:23:18,15 days,advance
20:23:31,20 days,advance
20:23:47,5 days,advance
20:24:47,7 days,advance
20:25:42,24 days,advance
20:26:08,3 days,advance
20:26:18,11 days,advance
20:27:43,17 days,advance
20:27:51,20 days,advance
20:28:22,10 days,advance
20:28:26,23 days,advance
20:28:53,21 days,advance
20:29:15,1 days,advance
20:29:34,3 days,advance
20:30:15,1 days,advance
20:32:07,1 days,advance
20:32:25,20 days,advance
20:34:16,24 days,advance
20:34:18,20 days,advance
20:34:24,1 days,advance
20:40:25,1 days,advance
20:41:50,1 days,advance
20:44:57,0 days,off-peak
20:52:37,0 days,off-peak
21:07:50,4 days,advance
21:20:03,1 days,advance
21:28:32,17 days,advance
21:34:24,1 days,advance
21:34:35,1 days,advance
21:34:42,8 days,advance
21:36:24,1 days,advance
21:37:56,1 days,advance
21:40:42,22 days,advance
21:45:16,1 days,advance
21:46:05,6 days,advance
21:46:48,2 days,advance
21:47:38,1 days,advance
21:48:29,17 days,advance
21:49:21,19 days,advance
21:49:27,1 days,advance
21:54:56,11 days,advance
21:55:24,24 days,advance
21:55:45,1 days,advance
22:45:26,27 days,advance
23:01:35,13 days,advance
23:10:33,21 days,advance
23:11:31,1 days,advance
23:13:44,1 days,advance
23:14:19,1 days,advance
23:20:38,1 days,advance
23:32:05,14 days,advance
23:39:05,25 days,advance
23:40:41,1 days,advance
23:47:49,4 days,advance
00:01:09,9 days,advance
00:02:01,0 days,off-peak
00:04:33,0 days,off-peak
00:04:51,0 days,off-peak
00:05:28,24 days,advance
00:12:55,0 days,off-peak
00:20:00,0 days,off-peak
00:28:41,0 days,off-peak
00:29:56,2 days,advance
00:44:30,1 days,advance
00:49:13,0 days,off-peak
00:57:51,0 days,off-peak
01:01:26,1 days,advance
01:07:54,6 days,advance
01:09:14,0 days,off-peak
01:15:03,2 days,advance
01:15:14,0 days,off-peak
01:15:23,1 days,advance
01:17:30,0 days,off-peak
01:21:27,0 days,off-peak
01:22:44,25 days,advance
01:23:44,22 days,advance
01:33:19,17 days,advance
01:35:05,1 days,advance
01:36:32,14 days,advance
01:36:51,1 days,advance
01:41:49,1 days,advance
01:43:21,1 days,advance
01:51:01,1 days,advance
01:59:34,15 days,advance
02:00:19,0 days,off-peak
02:07:33,4 days,advance
02:08:33,0 days,off-peak
02:12:02,22 days,advance
02:14:23,26 days,advance
02:15:20,0 days,off-peak
02:18:03,0 days,off-peak
02:18:57,0 days,off-peak
02:34:31,9 days,advance
02:40:54,15 days,advance
02:54:49,13 days,advance
02:55:02,1 days,advance
03:00:16,0 days,off-peak
03:05:31,0 days,off-peak
03:21:54,1 days,advance
03:24:41,8 days,advance
03:25:33,9 days,advance
03:32:01,25 days,advance
03:34:26,21 days,advance
03:37:26,7 days,advance
03:39:18,12 days,advance
03:44:32,0 days,off-peak
03:46:06,25 days,advance
03:48:28,0 days,off-peak
03:49:05,15 days,advance
03:52:02,1 days,advance
03:53:13,7 days,advance
03:55:13,1 days,advance
03:58:18,1 days,advance
04:01:22,0 days,off-peak
04:19:04,1 days,advance
04:19:23,1 days,advance
04:20:03,0 days,off-peak
04:21:03,1 days,advance
04:35:07,0 days,off-peak
04:43:52,1 days,advance
04:48:20,26 days,advance
04:57:56,0 days,off-peak
04:59:15,0 days,off-peak
04:59:57,0 days,off-peak
05:00:26,0 days,off-peak
05:01:08,5 days,advance
05:02:28,23 days,advance
05:02:32,0 days,off-peak
05:03:41,0 days,off-peak
05:05:49,25 days,advance
05:06:04,12 days,advance
05:09:27,0 days,off-peak
05:10:09,12 days,advance
05:10:38,0 days,off-peak
05:10:42,0 days,off-peak
05:13:54,0 days,off-peak
05:14:10,1 days,advance
05:14:31,0 days,off-peak
05:18:18,1 days,advance
05:24:15,0 days,off-peak
05:36:50,3 days,advance
05:45:16,1 days,advance
05:50:40,0 days,off-peak
05:51:16,11 days,advance
05:57:53,1 days,advance
05:59:18,20 days,advance
05:59:35,1 days,advance
06:01:36,1 days,advance
06:02:07,0 days,off-peak
06:02:12,1 days,advance
06:02:48,1 days,advance
06:05:00,0 days,off-peak
06:06:25,0 days,off-peak
06:08:01,22 days,advance
06:08:52,13 days,advance
06:13:18,0 days,off-peak
06:14:31,19 days,advance
06:30:19,4 days,advance
06:31:37,0 days,off-peak
06:33:23,0 days,off-peak
06:34:56,13 days,advance
06:35:39,0 days,off-peak
06:35:42,0 days,off-peak
06:38:22,1 days,advance
06:42:50,0 days,off-peak
06:43:57,0 days,off-peak
06:50:18,6 days,advance
06:55:18,23 days,advance
06:58:17,1 days,advance
06:59:35,1 days,advance
07:08:22,0 days,off-peak
07:16:53,0 days,off-peak
07:21:14,26 days,advance
07:22:03,0 days,off-peak
07:22:25,0 days,off-peak
07:22:47,0 days,off-peak
07:27:11,5 days,advance
07:29:02,0 days,off-peak
07:31:06,16 days,advance
07:31:36,20 days,advance
07:36:44,5 days,advance
07:38:04,0 days,off-peak
07:42:01,0 days,off-peak
07:44:20,0 days,off-peak
07:45:25,1 days,advance
07:45:36,1 days,advance
07:48:52,1 days,advance
07:49:47,13 days,advance
07:50:01,0 days,off-peak
07:51:28,7 days,advance
07:51:47,0 days,off-peak
07:53:57,8 days,advance
07:54:47,15 days,advance
07:58:30,21 days,advance
08:00:42,1 days,advance
08:00:48,25 days,advance
08:00:52,1 days,advance
08:01:46,10 days,advance
08:02:55,19 days,advance
08:03:04,1 days,advance
08:03:11,1 days,advance
08:03:54,25 days,advance
08:05:37,1 days,advance
08:06:22,24 days,advance
08:07:52,10 days,advance
08:08:24,8 days,advance
08:09:26,4 days,advance
08:10:49,22 days,advance
08:10:49,20 days,advance
08:10:57,22 days,advance
08:13:52,20 days,advance
08:17:19,17 days,advance
08:17:30,18 days,advance
08:18:46,26 days,advance
08:18:53,25 days,advance
08:19:49,1 days,advance
08:20:40,5 days,advance
08:20:56,6 days,advance
08:22:35,1 days,advance
08:24:18,10 days,advance
08:25:10,6 days,advance
08:28:57,3 days,advance
08:29:02,1 days,advance
08:45:12,1 days,advance
08:47:27,0 days,off-peak
08:59:03,10 days,advance
08:59:53,1 days,advance
09:00:05,1 days,advance
09:00:33,1 days,advance
09:00:52,9 days,advance
09:03:11,1 days,advance
09:04:39,3 days,advance
09:04:45,16 days,advance
09:06:00,20 days,advance
09:06:32,7 days,advance
09:09:16,1 days,advance
09:10:44,21 days,advance
09:11:08,1 days,advance
09:13:06,0 days,off-peak
09:13:52,1 days,advance
09:14:53,6 days,advance
09:28:40,0 days,off-peak
09:30:00,0 days,off-peak
09:30:13,1 days,advance
09:32:54,13 days,advance
09:33:23,10 days,advance
09:33:50,21 days,advance
09:33:51,1 days,advance
09:34:08,0 days,off-peak
09:36:08,1 days,advance
09:36:12,0 days,off-peak
09:36:19,18 days,advance
09:36:42,3 days,advance
09:37:22,12 days,advance
09:39:54,1 days,advance
09:43:16,1 days,advance
09:47:53,2 days,advance
09:52:04,6 days,advance
09:52:57,13 days,advance
09:54:27,10 days,advance
09:55:06,20 days,advance
09:57:01,1 days,advance
09:59:09,22 days,advance
10:06:48,24 days,advance
10:16:10,21 days,advance
10:17:51,1 days,advance
10:18:09,1 days,advance
10:19:35,1 days,advance
10:20:06,1 days,advance
10:20:37,14 days,advance
10:23:59,1 days,advance
10:28:49,13 days,advance
10:30:34,1 days,advance
10:30:46,0 days,off-peak
10:31:06,1 days,advance
10:31:14,4 days,advance
10:31:43,5 days,advance
10:35:16,1 days,advance
10:35:31,24 days,advance
10:35:52,0 days,off-peak
10:38:05,24 days,advance
10:41:25,23 days,advance
10:41:47,1 days,advance
10:47:24,1 days,advance
10:52:06,0 days,off-peak
10:53:33,16 days,advance
10:58:37,1 days,advance
11:21:27,24 days,advance
11:22:56,0 days,off-peak
11:24:53,17 days,advance
11:28:37,0 days,off-peak
11:39:31,0 days,off-peak
11:40:46,0 days,off-peak
11:44:35,0 days,off-peak
11:46:52,0 days,off-peak
11:53:14,0 days,off-peak
11:55:15,1 days,advance
11:56:18,1 days,advance
11:57:50,0 days,off-peak
12:00:25,8 days,advance
12:03:53,8 days,advance
12:11:54,4 days,advance
12:16:16,1 days,advance
12:16:37,9 days,advance
12:22:55,0 days,off-peak
12:37:16,14 days,advance
12:42:31,4 days,advance
12:48:45,1 days,advance
12:51:26,17 days,advance
12:52:01,0 days,off-peak
12:56:54,7 days,advance
13:02:57,0 days,off-peak
13:11:19,25 days,advance
13:17:39,5 days,advance
13:21:19,10 days,advance
13:23:21,5 days,advance
13:23:30,1 days,advance
13:27:15,0 days,off-peak
13:27:31,1 days,advance
13:29:07,8 days,advance
13:31:41,6 days,advance
13:31:46,1 days,advance
13:33:27,9 days,advance
13:38:21,23 days,advance
13:49:42,18 days,advance
14:08:55,1 days,advance
14:14:14,22 days,advance
14:16:47,9 days,advance
14:27:13,7 days,advance
14:31:42,0 days,off-peak
14:31:48,0 days,off-peak
14:34:57,1 days,advance
14:36:37,0 days,off-peak
14:38:28,0 days,off-peak
14:38:42,0 days,off-peak
14:40:17,0 days,off-peak
14:40:20,0 days,off-peak
14:40:50,1 days,advance
14:41:10,0 days,off-peak
14:43:05,19 days,advance
14:44:53,0 days,off-peak
14:47:07,9 days,advance
14:48:05,1 days,advance
14:48:54,17 days,advance
14:49:08,1 days,advance
14:50:04,0 days,off-peak
14:50:18,0 days,off-peak
14:53:32,1 days,advance
14:53:48,1 days,advance
14:56:57,1 days,advance
14:58:47,3 days,advance
14:59:44,16 days,advance
15:09:43,24 days,advance
15:11:10,1 days,advance
15:12:14,0 days,off-peak
15:22:32,17 days,advance
15:25:10,1 days,advance
15:32:58,0 days,off-peak
15:35:08,0 days,off-peak
15:36:53,0 days,off-peak
15:42:18,0 days,off-peak
15:44:42,0 days,off-peak
15:53:52,0 days,off-peak
15:58:07,25 days,advance
16:00:16,0 days,off-peak
16:00:27,1 days,advance
16:03:20,0 days,off-peak
16:04:05,26 days,advance
16:10:05,0 days,off-peak
16:10:19,0 days,off-peak
16:11:11,0 days,off-peak
16:11:27,0 days,off-peak
16:13:29,18 days,advance
16:14:50,1 days,advance
16:15:44,0 days,off-peak
16:16:04,0 days,off-peak
16:16:16,0 days,off-peak
16:17:54,1 days,advance
16:22:03,8 days,advance
16:30:31,6 days,advance
16:35:10,7 days,advance
16:38:37,0 days,off-peak
16:55:03,17 days,advance
16:59:53,0 days,off-peak
17:02:08,0 days,off-peak
17:13:37,0 days,off-peak
17:16:22,1 days,advance
17:17:59,0 days,off-peak
17:20:19,14 days,advance
17:20:47,0 days,off-peak
17:23:00,0 days,off-peak
17:24:58,0 days,off-peak
17:25:10,0 days,off-peak
17:26:30,9 days,advance
17:27:11,1 days,advance
17:28:29,14 days,advance
17:29:23,0 days,off-peak
17:32:28,1 days,advance
17:34:00,21 days,advance
17:34:19,0 days,off-peak
17:35:50,4 days,advance
17:37:41,26 days,advance
17:38:56,12 days,advance
17:41:28,7 days,advance
17:41:32,1 days,advance
17:41:51,1 days,advance
17:42:43,20 days,advance
17:42:45,0 days,off-peak
17:42:49,1 days,advance
17:42:56,26 days,advance
17:44:45,18 days,advance
17:50:52,1 days,advance
17:51:06,2 days,advance
17:51:46,3 days,advance
17:51:59,22 days,advance
17:52:58,1 days,advance
17:54:06,11 days,advance
17:57:55,1 days,advance
17:59:41,0 days,off-peak
18:02:33,15 days,advance
18:05:19,7 days,advance
18:12:45,9 days,advance
18:12:51,23 days,advance
18:13:00,0 days,off-peak
18:14:23,1 days,advance
18:31:57,0 days,off-peak
18:36:38,17 days,advance
18:37:25,9 days,advance
18:41:24,16 days,advance
18:44:51,26 days,advance
18:45:03,0 days,off-peak
18:45:42,0 days,off-peak
18:46:23,1 days,advance
18:47:22,1 days,advance
18:50:57,1 days,advance
18:51:26,1 days,advance
18:56:33,17 days,advance
18:58:34,26 days,advance
19:06:48,1 days,advance
19:20:54,11 days,advance
19:21:51,1 days,advance
19:24:11,25 days,advance
19:25:56,12 days,advance
19:29:21,10 days,advance
19:29:22,15 days,advance
19:29:59,1 days,advance
19:31:16,7 days,advance
19:31:57,1 days,advance
19:32:27,1 days,advance
19:33:29,1 days,advance
19:33:34,4 days,advance
19:34:19,1 days,advance
19:34:43,1 days,advance
19:34:49,19 days,advance
19:36:27,15 days,advance
19:36:31,1 days,advance
19:38:24,10 days,advance
19:41:53,2 days,advance
19:43:27,6 days,advance
19:43:38,3 days,advance
19:45:27,25 days,advance
19:56:18,13 days,advance
19:59:53,1 days,advance
20:01:39,25 days,advance
20:03:02,0 days,off-peak
20:03:44,0 days,off-peak
20:03:45,8 days,advance
20:08:38,1 days,advance
20:12:39,7 days,advance
20:12:56,1 days,advance
20:13:00,1 days,advance
20:14:47,0 days,off-peak
20:15:39,24 days,advance
20:17:17,1 days,advance
20:17:56,12 days,advance
20:18:39,1 days,advance
20:18:53,10 days,advance
20:19:09,7 days,advance
20:19:26,21 days,advance
20:19:38,22 days,advance
20:20:30,12 days,advance
20:20:46,1 days,advance
20:20:55,6 days,advance
20:21:25,1 days,advance
20:21:26,20 days,advance
20:22:03,6 days,advance
20:22:20,5 days,advance
20:23:14,1 days,advance
20:24:31,1 days,advance
20:24:35,1 days,advance
20:24:36,21 days,advance
20:25:14,1 days,advance
20:25:41,24 days,advance
20:25:48,12 days,advance
20:25:53,1 days,advance
20:25:56,5 days,advance
20:26:08,9 days,advance
20:26:52,23 days,advance
20:27:05,2 days,advance
20:28:41,6 days,advance
20:29:05,23 days,advance
20:29:50,15 days,advance
20:30:36,6 days,advance
20:30:57,9 days,advance
20:33:39,15 days,advance
20:33:43,11 days,advance
20:34:46,1 days,advance
20:37:16,1 days,advance
20:46:10,1 days,advance
21:24:03,1 days,advance
21:26:49,6 days,advance
21:31:48,7 days,advance
21:33:10,1 days,advance
21:34:07,2 days,advance
21:34:49,15 days,advance
21:35:15,23 days,advance
21:37:47,5 days,advance
21:38:19,22 days,advance
21:38:25,2 days,advance
21:38:26,21 days,advance
21:41:42,1 days,advance
21:42:01,9 days,advance
21:48:07,12 days,advance
21:48:23,3 days,advance
21:48:58,14 days,advance
21:49:37,24 days,advance
21:51:39,18 days,advance
21:53:07,1 days,advance
21:53:15,8 days,advance
21:54:59,17 days,advance
21:57:46,17 days,advance
21:58:17,1 days,advance
21:59:00,6 days,advance
21:59:54,1 days,advance
22:21:58,1 days,advance
22:30:21,23 days,advance
22:34:06,1 days,advance
22:34:14,1 days,advance
22:38:46,1 days,advance
22:58:36,1 days,advance
23:04:35,1 days,advance
23:10:01,3 days,advance
23:11:13,1 days,advance
23:14:10,17 days,advance
23:30:35,1 days,advance
23:39:48,3 days,advance
23:51:45,1 days,advance
00:03:18,0 days,off-peak
00:07:32,2 days,advance
00:07:59,0 days,off-peak
00:09:40,0 days,off-peak
00:14:59,1 days,advance
00:20:09,0 days,off-peak
00:28:38,18 days,advance
00:29:41,6 days,advance
00:30:03,21 days,advance
00:37:28,13 days,advance
00:49:30,0 days,off-peak
01:01:16,1 days,advance
01:10:20,1 days,advance
01:21:10,0 days,off-peak
01:23:56,16 days,advance
01:24:21,1 days,advance
01:25:19,1 days,advance
01:29:22,0 days,off-peak
01:36:36,21 days,advance
01:36:47,0 days,off-peak
01:42:48,1 days,advance
01:48:32,8 days,advance
02:01:37,1 days,advance
02:08:49,1 days,advance
02:23:29,25 days,advance
02:27:34,17 days,advance
02:49:42,23 days,advance
02:57:09,0 days,off-peak
03:03:01,0 days,off-peak
03:03:22,1 days,advance
03:10:53,0 days,off-peak
03:12:12,16 days,advance
03:12:23,0 days,off-peak
03:23:32,9 days,advance
03:26:10,8 days,advance
03:29:30,1 days,advance
03:33:52,18 days,advance
03:37:56,1 days,advance
03:40:40,0 days,off-peak
03:45:04,18 days,advance
03:47:32,0 days,off-peak
03:48:48,2 days,advance
03:51:27,1 days,advance
03:56:47,2 days,advance
04:03:30,5 days,advance
04:12:40,7 days,advance
04:28:03,1 days,advance
04:28:05,0 days,off-peak
04:28:57,6 days,advance
04:45:16,24 days,advance
04:47:36,0 days,off-peak
04:57:21,5 days,advance
05:00:40,0 days,off-peak
05:03:49,0 days,off-peak
05:04:47,0 days,off-peak
05:05:45,0 days,off-peak
05:05:49,0 days,off-peak
05:05:59,18 days,advance
05:08:35,11 days,advance
05:09:19,0 days,off-peak
05:11:17,0 days,off-peak
05:11:25,0 days,off-peak
05:11:51,0 days,off-peak
05:15:32,0 days,off-peak
05:17:52,1 days,advance
05:26:12,25 days,advance
05:34:40,12 days,advance
05:36:11,0 days,off-peak
05:42:01,24 days,advance
05:42:54,0 days,off-peak
05:48:02,1 days,advance
05:50:05,0 days,off-peak
05:52:47,14 days,advance
05:52:54,0 days,off-peak
06:01:21,15 days,advance
06:01:26,0 days,off-peak
06:01:26,0 days,off-peak
06:02:36,13 days,advance
06:08:17,0 days,off-peak
06:10:02,0 days,off-peak
06:10:03,0 days,off-peak
06:10:10,23 days,advance
06:11:05,21 days,advance
06:11:38,0 days,off-peak
06:13:57,9 days,advance
06:14:31,0 days,off-peak
06:19:33,1 days,advance
06:21:43,8 days,advance
06:25:56,15 days,advance
06:31:23,0 days,off-peak
06:33:46,0 days,off-peak
06:33:57,2 days,advance
06:36:03,1 days,advance
06:38:48,17 days,advance
06:41:17,1 days,advance
06:41:40,19 days,advance
06:43:14,0 days,off-peak
06:43:44,0 days,off-peak
06:45:01,16 days,advance
06:50:01,0 days,off-peak
06:53:34,0 days,off-peak
06:59:42,11 days,advance
06:59:51,3 days,advance
07:07:20,16 days,advance
07:15:29,0 days,off-peak
07:17:17,0 days,off-peak
07:17:38,2 days,advance
07:23:21,0 days,off-peak
07:23:30,0 days,off-peak
07:25:56,4 days,advance
07:26:23,0 days,off-peak
07:28:30,0 days,off-peak
07:28:55,0 days,off-peak
07:34:26,0 days,off-peak
07:38:31,15 days,advance
07:38:51,0 days,off-peak
07:46:51,0 days,off-peak
07:49:05,10 days,advance
07:49:53,22 days,advance
07:50:05,2 days,advance
07:50:20,1 days,advance
07:51:06,22 days,advance
07:51:34,21 days,advance
07:53:09,0 days,off-peak
07:55:38,1 days,advance
08:00:23,1 days,advance
08:01:22,24 days,advance
08:02:08,12 days,advance
08:03:01,10 days,advance
08:04:34,21 days,advance
08:06:27,16 days,advance
08:06:52,1 days,advance
08:07:04,2 days,advance
08:09:20,1 days,advance
08:13:06,7 days,advance
08:15:05,9 days,advance
08:15:38,1 days,advance
08:15:58,5 days,advance
08:16:03,14 days,advance
08:16:50,1 days,advance
08:16:53,22 days,advance
08:17:38,16 days,advance
08:18:46,10 days,advance
08:19:35,1 days,advance
08:19:52,2 days,advance
08:20:01,19 days,advance
08:20:36,21 days,advance
08:21:17,17 days,advance
08:23:57,1 days,advance
08:26:04,24 days,advance
08:26:51,1 days,advance
08:29:09,22 days,advance
08:31:06,1 days,advance
08:31:28,22 days,advance
08:43:04,3 days,advance
08:48:21,25 days,advance
08:57:01,1 days,advance
08:57:09,17 days,advance
09:03:08,12 days,advance
09:03:46,2 days,advance
09:04:35,24 days,advance
09:04:40,4 days,advance
09:07:26,1 days,advance
09:08:05,0 days,off-peak
09:08:54,5 days,advance
09:09:19,25 days,advance
09:13:37,15 days,advance
09:13:44,1 days,advance
09:14:52,8 days,advance
09:20:25,5 days,advance
09:24:53,21 days,advance
09:30:29,7 days,advance
09:30:37,17 days,advance
09:30:42,5 days,advance
09:31:52,1 days,advance
09:32:37,8 days,advance
09:33:13,0 days,off-peak
09:35:16,18 days,advance
09:35:50,24 days,advance
09:37:38,16 days,advance
09:38:03,9 days,advance
09:38:10,17 days,advance
09:39:09,0 days,off-peak
09:39:19,18 days,advance
09:41:11,1 days,advance
09:42:31,14 days,advance
09:43:24,10 days,advance
09:43:55,12 days,advance
09:44:21,16 days,advance
09:49:11,3 days,advance
09:57:39,0 days,off-peak
09:58:22,1 days,advance
10:21:02,0 days,off-peak
10:23:58,1 days,advance
10:25:29,15 days,advance
10:25:34,8 days,advance
10:26:20,1 days,advance
10:27:44,18 days,advance
10:27:53,14 days,advance
10:28:08,0 days,off-peak
10:29:28,0 days,off-peak
10:34:55,17 days,advance
10:39:07,5 days,advance
10:40:50,9 days,advance
10:40:53,25 days,advance
10:44:51,1 days,advance
10:49:04,0 days,off-peak
10:55:53,12 days,advance
10:57:10,4 days,advance
11:13:42,1 days,advance
11:14:30,0 days,off-peak
11:49:54,0 days,off-peak
11:50:29,1 days,advance
11:53:01,17 days,advance
11:54:04,0 days,off-peak
11:57:17,0 days,off-peak
12:13:35,0 days,off-peak
12:18:11,0 days,off-peak
12:18:20,19 days,advance
12:33:24,7 days,advance
12:33:39,6 days,advance
12:33:43,25 days,advance
12:33:59,17 days,advance
12:39:54,12 days,advance
12:40:52,8 days,advance
12:46:11,3 days,advance
12:46:49,4 days,advance
12:50:25,0 days,off-peak
12:53:02,10 days,advance
12:55:51,15 days,advance
13:00:18,15 days,advance
13:05:58,0 days,off-peak
13:11:15,0 days,off-peak
13:16:54,1 days,advance
13:20:27,22 days,advance
13:25:46,0 days,off-peak
13:26:28,19 days,advance
13:27:26,2 days,advance
13:28:58,0 days,off-peak
13:33:20,1 days,advance
13:34:06,19 days,advance
13:38:56,17 days,advance
13:43:25,1 days,advance
13:45:40,1 days,advance
13:49:43,1 days,advance
14:01:12,19 days,advance
14:01:54,0 days,off-peak
14:15:54,0 days,off-peak
14:17:35,1 days,advance
14:18:22,1 days,advance
14:23:09,21 days,advance
14:23:51,1 days,advance
14:24:40,1 days,advance
14:29:09,17 days,advance
14:33:28,0 days,off-peak
14:33:42,24 days,advance
14:35:08,0 days,off-peak
14:36:41,0 days,off-peak
14:38:59,0 days,off-peak
14:40:03,1 days,advance
14:44:33,0 days,off-peak
14:48:37,1 days,advance
14:49:43,0 days,off-peak
14:50:46,9 days,advance
14:51:07,0 days,off-peak
14:52:15,23 days,advance
14:52:37,1 days,advance
14:53:30,2 days,advance
14:54:32,1 days,advance
14:55:59,0 days,off-peak
15:07:06,10 days,advance
15:07:22,8 days,advance
15:12:47,3 days,advance
15:14:56,0 days,off-peak
15:21:31,0 days,off-peak
15:33:49,0 days,off-peak
15:48:20,19 days,advance
15:48:50,10 days,advance
15:51:27,0 days,off-peak
15:53:00,8 days,advance
15:54:02,0 days,off-peak
15:54:43,0 days,off-peak
15:59:21,0 days,off-peak
16:00:51,0 days,off-peak
16:02:12,0 days,off-peak
16:02:56,19 days,advance
16:04:30,8 days,advance
16:08:51,0 days,off-peak
16:14:16,0 days,off-peak
16:22:44,15 days,advance
16:23:37,12 days,advance
16:34:38,2 days,advance
16:41:23,21 days,advance
16:41:51,21 days,advance
16:46:47,1 days,advance
16:47:23,8 days,advance
16:56:02,0 days,off-peak
17:02:14,25 days,advance
17:04:15,22 days,advance
17:12:54,0 days,off-peak
17:15:43,0 days,off-peak
17:15:49,16 days,advance
17:18:37,5 days,advance
17:19:15,0 days,off-peak
17:20:57,1 days,advance
17:24:01,1 days,advance
17:25:06,0 days,off-peak
17:27:25,15 days,advance
17:28:03,0 days,off-peak
17:29:19,0 days,off-peak
17:31:35,0 days,off-peak
17:33:22,15 days,advance
17:33:30,10 days,advance
17:34:11,0 days,off-peak
17:35:28,21 days,advance
17:37:56,5 days,advance
17:38:25,1 days,advance
17:38:59,1 days,advance
17:40:56,4 days,advance
17:43:03,6 days,advance
17:43:35,1 days,advance
17:46:08,1 days,advance
17:47:31,21 days,advance
17:47:36,4 days,advance
17:53:20,1 days,advance
17:53:41,1 days,advance
17:59:01,1 days,advance
18:05:13,24 days,advance
18:09:42,1 days,advance
18:10:33,7 days,advance
18:22:41,0 days,off-peak
18:23:27,0 days,off-peak
18:32:40,0 days,off-peak
18:37:03,14 days,advance
18:37:50,1 days,advance
18:38:40,18 days,advance
18:42:11,0 days,off-peak
18:50:15,1 days,advance
18:52:28,4 days,advance
18:56:25,0 days,off-peak
18:56:56,11 days,advance
18:57:14,11 days,advance
18:57:59,17 days,advance
19:02:22,3 days,advance
19:05:17,0 days,off-peak
19:10:11,6 days,advance
19:13:18,0 days,off-peak
19:24:03,2 days,advance
19:25:23,20 days,advance
19:25:55,6 days,advance
19:26:57,22 days,advance
19:27:31,1 days,advance
19:28:44,5 days,advance
19:34:00,1 days,advance
19:36:57,1 days,advance
19:37:16,1 days,advance
19:37:26,0 days,off-peak
19:38:12,14 days,advance
19:38:58,12 days,advance
19:40:16,1 days,advance
19:40:33,20 days,advance
19:42:22,1 days,advance
19:42:36,1 days,advance
20:04:34,15 days,advance
20:06:49,2 days,advance
20:06:53,0 days,off-peak
20:12:36,0 days,off-peak
20:15:54,1 days,advance
20:16:56,1 days,advance
20:18:25,25 days,advance
20:19:44,5 days,advance
20:20:00,25 days,advance
20:20:07,15 days,advance
20:20:39,1 days,advance
20:21:41,20 days,advance
20:21:47,11 days,advance
20:22:35,9 days,advance
20:24:56,1 days,advance
20:25:17,3 days,advance
20:26:26,1 days,advance
20:26:32,1 days,advance
20:27:24,10 days,advance
20:27:40,8 days,advance
20:27:42,10 days,advance
20:27:46,1 days,advance
20:28:52,22 days,advance
20:29:51,1 days,advance
20:33:52,20 days,advance
20:42:22,0 days,off-peak
20:44:30,1 days,advance
20:49:21,0 days,off-peak
20:54:56,0 days,off-peak
21:21:51,1 days,advance
21:24:33,16 days,advance
21:27:35,14 days,advance
21:36:40,14 days,advance
21:37:26,4 days,advance
21:39:14,15 days,advance
21:43:28,23 days,advance
21:46:14,3 days,advance
21:49:34,16 days,advance
21:53:57,15 days,advance
22:04:59,13 days,advance
22:05:22,17 days,advance
22:14:29,21 days,advance
22:22:01,1 days,advance
22:31:31,1 days,advance
22:55:06,20 days,advance
23:00:12,1 days,advance
23:10:24,1 days,advance
23:10:48,19 days,advance
23:11:35,13 days,advance
23:12:26,23 days,advance
23:13:14,1 days,advance
23:14:37,10 days,advance
23:46:34,1 days,advance
23:47:05,1 days,advance
23:48:39,25 days,advance
23:54:20,1 days,advance
23:56:50,15 days,advance
23:57:29,10 days,advance
00:03:07,0 days,off-peak
00:07:00,0 days,off-peak
00:07:17,0 days,off-peak
00:15:13,23 days,advance
00:18:28,0 days,off-peak
00:19:24,0 days,off-peak
00:25:55,0 days,off-peak
00:30:12,0 days,off-peak
00:34:00,9 days,advance
00:34:29,0 days,off-peak
00:38:14,0 days,off-peak
00:45:22,0 days,off-peak
00:52:17,5 days,advance
00:54:01,0 days,off-peak
01:01:02,13 days,advance
01:03:56,0 days,off-peak
01:06:44,0 days,off-peak
01:14:36,3 days,advance
01:27:08,16 days,advance
01:28:02,10 days,advance
01:29:50,0 days,off-peak
01:36:14,23 days,advance
01:39:09,18 days,advance
01:41:29,4 days,advance
02:02:17,0 days,off-peak
02:03:04,23 days,advance
02:06:00,0 days,off-peak
02:09:27,1 days,advance
02:11:20,1 days,advance
02:11:40,1 days,advance
02:14:27,1 days,advance
02:14:52,25 days,advance
02:33:33,10 days,advance
02:49:19,0 days,off-peak
03:05:56,0 days,off-peak
03:17:30,1 days,advance
03:33:06,3 days,advance
03:36:52,4 days,advance
03:39:58,14 days,advance
03:40:52,0 days,off-peak
03:45:53,13 days,advance
03:47:40,7 days,advance
03:59:54,20 days,advance
04:15:35,1 days,advance
04:17:52,1 days,advance
04:21:16,11 days,advance
04:30:14,1 days,advance
04:39:10,21 days,advance
04:39:17,0 days,anytime
04:52:05,0 days,anytime
04:54:16,0 days,anytime
05:00:07,21 days,advance
05:00:53,0 days,anytime
05:01:09,0 days,anytime
05:01:24,14 days,advance
05:01:41,0 days,anytime
05:02:46,1 days,advance
05:03:55,24 days,advance
05:04:21,0 days,anytime
05:05:39,1 days,advance
05:06:55,0 days,anytime
05:07:10,1 days,advance
05:08:21,0 days,anytime
05:09:34,0 days,anytime
05:10:13,0 days,anytime
05:11:37,0 days,anytime
05:16:00,0 days,anytime
05:18:33,1 days,advance
05:29:24,18 days,advance
05:35:00,1 days,advance
05:44:53,0 days,off-peak
05:47:35,1 days,advance
05:49:35,2 days,advance
05:58:22,1 days,advance
06:01:05,1 days,advance
06:04:17,0 days,anytime
06:05:43,3 days,advance
06:07:54,1 days,advance
06:07:56,1 days,advance
06:08:08,0 days,anytime
06:08:49,17 days,advance
06:10:51,1 days,advance
06:12:10,23 days,advance
06:12:37,5 days,advance
06:13:59,0 days,anytime
06:14:25,1 days,advance
06:14:28,0 days,anytime
06:14:35,0 days,anytime
06:14:48,0 days,anytime
06:14:59,1 days,advance
06:15:07,18 days,advance
06:24:15,15 days,advance
06:32:47,0 days,anytime
06:32:53,0 days,anytime
06:41:30,23 days,advance
06:44:00,0 days,anytime
06:44:34,19 days,advance
06:45:49,17 days,advance
06:53:19,0 days,anytime
07:02:02,0 days,anytime
07:11:52,10 days,advance
07:17:48,0 days,anytime
07:17:51,0 days,anytime
07:21:27,0 days,anytime
07:22:40,0 days,anytime
07:26:57,1 days,advance
07:29:38,0 days,anytime
07:35:05,0 days,off-peak
07:35:34,2 days,advance
07:35:52,0 days,off-peak
07:38:39,0 days,off-peak
07:45:32,0 days,off-peak
07:45:50,10 days,advance
07:47:54,6 days,advance
07:49:16,20 days,advance
07:50:23,11 days,advance
07:51:25,0 days,off-peak
07:56:06,1 days,advance
08:00:34,1 days,advance
08:02:50,14 days,advance
08:04:27,1 days,advance
08:04:46,10 days,advance
08:05:23,13 days,advance
08:06:05,15 days,advance
08:07:45,19 days,advance
08:08:46,13 days,advance
08:09:03,15 days,advance
08:09:16,1 days,advance
08:09:50,1 days,advance
08:10:03,2 days,advance
08:11:09,19 days,advance
08:11:20,22 days,advance
08:12:47,4 days,advance
08:16:00,1 days,advance
08:18:18,18 days,advance
08:19:47,11 days,advance
08:19:52,7 days,advance
08:21:32,1 days,advance
08:22:09,1 days,advance
08:23:31,1 days,advance
08:23:40,1 days,advance
08:24:12,1 days,advance
08:24:35,23 days,advance
08:25:16,20 days,advance
08:25:49,13 days,advance
08:26:37,16 days,advance
08:27:21,15 days,advance
08:28:06,24 days,advance
08:29:21,4 days,advance
08:30:00,5 days,advance
08:38:35,4 days,advance
09:03:43,6 days,advance
09:06:44,11 days,advance
09:08:24,23 days,advance
09:11:07,18 days,advance
09:11:12,16 days,advance
09:12:18,17 days,advance
09:12:50,22 days,advance
09:14:51,1 days,advance
09:30:56,16 days,advance
09:31:25,1 days,advance
09:32:09,9 days,advance
09:32:22,3 days,advance
09:33:34,20 days,advance
09:34:13,18 days,advance
09:36:39,1 days,advance
09:39:00,16 days,advance
09:39:28,17 days,advance
09:41:05,9 days,advance
09:41:22,13 days,advance
09:41:31,1 days,advance
09:41:32,1 days,advance
09:44:23,1 days,advance
09:46:25,3 days,advance
09:47:17,1 days,advance
09:56:05,14 days,advance
09:58:28,0 days,off-peak
10:03:42,6 days,advance
10:05:58,3 days,advance
10:15:54,7 days,advance
10:16:09,1 days,advance
10:17:09,23 days,advance
10:17:20,0 days,off-peak
10:18:17,1 days,advance
10:27:26,16 days,advance
10:32:54,8 days,advance
10:34:04,1 days,advance
10:34:31,0 days,off-peak
10:34:45,8 days,advance
10:36:24,24 days,advance
10:38:39,2 days,advance
10:42:19,0 days,off-peak
10:43:10,7 days,advance
10:43:14,0 days,off-peak
10:44:46,20 days,advance
10:45:48,0 days,off-peak
10:46:01,12 days,advance
10:50:41,1 days,advance
10:51:44,3 days,advance
10:58:33,11 days,advance
11:02:10,5 days,advance
11:18:38,1 days,advance
11:21:35,0 days,off-peak
11:38:09,0 days,off-peak
11:53:48,0 days,off-peak
11:56:42,7 days,advance
12:03:34,24 days,advance
12:04:23,0 days,off-peak
12:04:53,6 days,advance
12:08:26,1 days,advance
12:10:28,1 days,advance
12:13:12,8 days,advance
12:17:18,0 days,off-peak
12:29:48,13 days,advance
12:33:54,1 days,advance
12:37:41,1 days,advance
12:41:05,5 days,advance
12:45:42,0 days,off-peak
12:51:32,6 days,advance
12:51:45,0 days,off-peak
12:57:03,18 days,advance
13:00:00,0 days,off-peak
13:17:29,20 days,advance
13:20:48,21 days,advance
13:24:37,0 days,off-peak
13:27:58,4 days,advance
13:28:16,0 days,off-peak
13:32:14,2 days,advance
13:32:53,16 days,advance
13:39:31,1 days,advance
13:40:35,3 days,advance
13:41:43,1 days,advance
14:06:11,1 days,advance
14:06:36,0 days,off-peak
14:08:57,0 days,off-peak
14:14:21,3 days,advance
14:18:43,22 days,advance
14:21:24,1 days,advance
14:23:01,7 days,advance
14:24:43,14 days,advance
14:25:56,0 days,off-peak
14:26:51,18 days,advance
14:27:18,11 days,advance
14:28:36,0 days,off-peak
14:33:54,0 days,anytime
14:35:49,6 days,advance
14:43:09,23 days,advance
14:43:27,19 days,advance
14:44:40,19 days,advance
14:47:21,1 days,advance
14:48:02,0 days,anytime
14:50:07,0 days,anytime
14:51:59,1 days,advance
14:54:14,6 days,advance
14:58:02,0 days,anytime
14:58:05,9 days,advance
15:01:07,9 days,advance
15:03:06,9 days,advance
15:20:03,22 days,advance
15:20:15,6 days,advance
15:21:04,0 days,anytime
15:30:50,0 days,anytime
15:31:06,6 days,advance
15:33:14,1 days,advance
15:35:48,0 days,anytime
15:38:39,0 days,anytime
15:38:47,0 days,anytime
15:47:26,1 days,advance
15:50:34,1 days,advance
15:51:12,18 days,advance
15:59:58,0 days,anytime
16:08:12,10 days,advance
16:08:48,0 days,anytime
16:09:47,23 days,advance
16:18:28,0 days,anytime
16:37:11,23 days,advance
16:42:07,16 days,advance
16:45:16,1 days,advance
17:02:53,23 days,advance
17:07:31,6 days,advance
17:07:47,0 days,anytime
17:11:03,0 days,anytime
17:14:17,7 days,advance
17:18:07,5 days,advance
17:21:22,0 days,anytime
17:24:25,0 days,anytime
17:24:33,1 days,advance
17:24:35,0 days,anytime
17:24:45,23 days,advance
17:24:45,0 days,anytime
17:24:56,0 days,anytime
17:25:13,7 days,advance
17:27:18,0 days,anytime
17:28:34,0 days,anytime
17:30:27,0 days,off-peak
17:33:08,1 days,advance
17:34:02,1 days,advance
17:34:55,1 days,advance
17:35:22,7 days,advance
17:35:23,11 days,advance
17:36:11,9 days,advance
17:44:47,3 days,advance
17:46:33,1 days,advance
17:48:17,1 days,advance
17:52:19,9 days,advance
17:54:22,18 days,advance
17:54:46,1 days,advance
17:57:02,6 days,advance
17:57:39,20 days,advance
18:01:55,11 days,advance
18:02:27,3 days,advance
18:04:33,1 days,advance
18:11:37,1 days,advance
18:30:18,0 days,off-peak
18:31:32,1 days,advance
18:34:36,0 days,off-peak
18:37:41,0 days,off-peak
18:43:33,13 days,advance
18:49:16,1 days,advance
18:53:11,0 days,off-peak
18:53:41,1 days,advance
18:56:04,3 days,advance
18:59:16,22 days,advance
19:16:37,20 days,advance
19:23:08,15 days,advance
19:25:42,1 days,advance
19:26:10,9 days,advance
19:26:49,0 days,off-peak
19:30:05,1 days,advance
19:32:39,9 days,advance
19:32:46,1 days,advance
19:34:10,12 days,advance
19:34:17,23 days,advance
19:34:26,1 days,advance
19:36:13,1 days,advance
19:36:40,12 days,advance
19:37:39,4 days,advance
19:38:47,0 days,off-peak
19:38:58,1 days,advance
19:40:13,19 days,advance
19:44:04,14 days,advance
19:48:50,6 days,advance
19:55:24,1 days,advance
19:57:44,12 days,advance
19:59:39,14 days,advance
20:01:00,1 days,advance
20:01:27,1 days,advance
20:03:44,8 days,advance
20:09:34,19 days,advance
20:13:11,23 days,advance
20:15:30,16 days,advance
20:16:59,1 days,advance
20:17:15,20 days,advance
20:17:41,12 days,advance
20:18:28,1 days,advance
20:18:35,10 days,advance
20:18:47,1 days,advance
20:19:53,15 days,advance
20:20:29,1 days,advance
20:21:35,1 days,advance
20:23:05,1 days,advance
20:24:04,1 days,advance
20:25:00,23 days,advance
20:25:19,1 days,advance
20:25:36,9 days,advance
20:25:53,22 days,advance
20:27:42,11 days,advance
20:29:41,8 days,advance
20:34:50,7 days,advance
20:44:23,1 days,advance
20:47:13,2 days,advance
20:51:55,0 days,off-peak
20:59:36,1 days,advance
21:18:04,3 days,advance
21:19:50,5 days,advance
21:30:24,6 days,advance
21:30:42,1 days,advance
21:35:16,1 days,advance
21:42:21,10 days,advance
21:43:28,1 days,advance
21:43:59,12 days,advance
21:55:16,1 days,advance
22:02:47,1 days,advance
22:03:21,1 days,advance
22:30:55,1 days,advance
22:36:05,1 days,advance
22:39:56,24 days,advance
23:05:37,1 days,advance
23:07:15,1 days,advance
23:08:54,1 days,advance
23:09:37,1 days,advance
23:12:56,11 days,advance
23:13:52,1 days,advance
23:43:32,19 days,advance
23:43:45,18 days,advance
23:58:38,1 days,advance
23:59:24,4 days,advance
00:01:01,1 days,advance
00:04:03,21 days,advance
00:08:42,0 days,off-peak
00:09:23,0 days,off-peak
00:34:05,3 days,advance
00:40:58,0 days,off-peak
01:04:12,19 days,advance
01:15:05,1 days,advance
01:16:59,0 days,off-peak
01:18:36,16 days,advance
01:22:25,21 days,advance
01:24:24,1 days,advance
01:25:15,0 days,off-peak
01:35:08,16 days,advance
01:38:39,1 days,advance
01:41:33,10 days,advance
01:43:06,2 days,advance
01:43:32,11 days,advance
01:43:56,14 days,advance
01:45:14,1 days,advance
01:56:27,11 days,advance
02:05:12,2 days,advance
02:06:57,18 days,advance
02:15:57,1 days,advance
02:21:13,0 days,off-peak
02:30:46,1 days,advance
02:38:56,22 days,advance
02:59:41,1 days,advance
03:00:05,0 days,off-peak
03:01:19,0 days,off-peak
03:02:08,0 days,off-peak
03:04:58,0 days,off-peak
03:05:41,0 days,off-peak
03:26:18,16 days,advance
03:31:29,0 days,off-peak
03:33:14,3 days,advance
03:33:44,0 days,off-peak
03:35:26,0 days,off-peak
03:39:29,2 days,advance
03:40:36,5 days,advance
03:41:46,9 days,advance
03:44:09,1 days,advance
03:45:03,1 days,advance
03:48:34,9 days,advance
03:51:01,1 days,advance
03:54:49,1 days,advance
04:00:00,1 days,advance
04:14:16,1 days,advance
04:20:12,0 days,off-peak
04:26:52,23 days,advance
04:45:39,0 days,anytime
04:46:37,0 days,anytime
04:48:22,1 days,advance
04:48:40,0 days,anytime
04:48:42,0 days,anytime
04:49:57,0 days,anytime
04:54:33,0 days,anytime
04:55:58,0 days,anytime
04:56:10,0 days,anytime
04:56:56,0 days,anytime
04:57:48,0 days,anytime
05:00:46,0 days,anytime
05:01:05,23 days,advance
05:01:06,0 days,anytime
05:03:07,0 days,anytime
05:03:38,4 days,advance
05:08:11,0 days,anytime
05:11:33,0 days,anytime
05:12:01,0 days,anytime
05:14:29,0 days,anytime
05:15:33,1 days,advance
05:16:01,5 days,advance
05:23:40,15 days,advance
05:34:08,0 days,anytime
05:45:38,21 days,advance
05:48:09,11 days,advance
05:51:16,21 days,advance
05:55:43,2 days,advance
05:57:32,4 days,advance
06:03:30,0 days,anytime
06:04:34,0 days,anytime
06:05:59,3 days,advance
06:06:02,0 days,anytime
06:10:53,0 days,anytime
06:12:46,0 days,anytime
06:37:07,0 days,anytime
06:38:00,0 days,anytime
06:39:26,0 days,anytime
06:39:32,0 days,anytime
06:40:07,0 days,anytime
06:42:36,0 days,anytime
06:42:40,0 days,anytime
06:42:55,0 days,anytime
06:43:41,0 days,anytime
06:44:05,13 days,advance
06:44:54,11 days,advance
06:48:02,0 days,anytime
06:59:21,1 days,advance
07:01:00,16 days,advance
07:04:23,0 days,anytime
07:14:56,2 days,advance
07:15:05,0 days,anytime
07:17:33,0 days,anytime
07:29:46,1 days,advance
07:32:56,0 days,off-peak
07:34:01,0 days,off-peak
07:45:11,0 days,off-peak
07:47:01,0 days,anytime
07:49:24,4 days,advance
07:49:34,1 days,advance
07:50:07,0 days,off-peak
07:50:12,9 days,advance
07:51:14,8 days,advance
07:52:00,15 days,advance
07:53:14,12 days,advance
07:53:50,15 days,advance
07:54:04,19 days,advance
07:57:55,4 days,advance
07:59:34,1 days,advance
07:59:44,20 days,advance
08:01:39,1 days,advance
08:02:05,4 days,advance
08:04:09,1 days,advance
08:04:23,6 days,advance
08:05:04,1 days,advance
08:05:07,10 days,advance
08:06:55,1 days,advance
08:08:06,19 days,advance
08:08:18,17 days,advance
08:08:20,1 days,advance
08:08:25,14 days,advance
08:08:47,2 days,advance
08:09:04,1 days,advance
08:11:28,20 days,advance
08:13:25,23 days,advance
08:13:34,19 days,advance
08:14:49,14 days,advance
08:15:35,22 days,advance
08:16:21,3 days,advance
08:20:15,13 days,advance
08:22:48,1 days,advance
08:25:11,12 days,advance
08:25:25,14 days,advance
08:25:26,6 days,advance
08:27:06,3 days,advance
08:28:55,15 days,advance
08:41:45,17 days,advance
08:46:44,19 days,advance
08:49:10,2 days,advance
08:49:48,4 days,advance
09:03:29,1 days,advance
09:05:00,1 days,advance
09:05:27,2 days,advance
09:05:30,22 days,advance
09:05:49,14 days,advance
09:06:26,14 days,advance
09:08:02,3 days,advance
09:08:25,2 days,advance
09:10:06,1 days,advance
09:10:09,1 days,advance
09:11:04,3 days,advance
09:11:35,13 days,advance
09:16:24,19 days,advance
09:24:16,8 days,advance
09:28:24,0 days,off-peak
09:30:28,4 days,advance
09:30:53,19 days,advance
09:31:05,3 days,advance
09:31:19,1 days,advance
09:32:24,12 days,advance
09:33:10,1 days,advance
09:33:19,17 days,advance
09:34:58,1 days,advance
09:35:00,1 days,advance
09:37:19,23 days,advance
09:37:24,23 days,advance
09:39:01,1 days,advance
09:39:42,19 days,advance
09:40:38,8 days,advance
09:42:42,13 days,advance
09:42:53,15 days,advance
09:44:34,6 days,advance
09:48:29,13 days,advance
09:48:58,1 days,advance
09:51:15,6 days,advance
09:54:51,11 days,advance
09:58:06,17 days,advance
10:10:35,0 days,off-peak
10:16:21,1 days,advance
10:17:17,1 days,advance
10:19:46,1 days,advance
10:31:41,5 days,advance
10:34:00,9 days,advance
10:36:49,7 days,advance
10:39:58,13 days,advance
10:42:43,0 days,off-peak
10:44:33,6 days,advance
10:46:13,10 days,advance
10:48:36,0 days,off-peak
10:49:20,0 days,off-peak
10:50:59,2 days,advance
10:51:17,19 days,advance
10:51:21,11 days,advance
10:53:24,0 days,off-peak
10:58:04,15 days,advance
11:08:08,2 days,advance
11:17:41,2 days,advance
11:18:54,3 days,advance
11:21:38,15 days,advance
11:36:01,16 days,advance
11:38:59,0 days,off-peak
11:39:44,1 days,advance
11:55:24,1 days,advance
11:55:29,0 days,off-peak
11:55:54,7 days,advance
12:02:18,0 days,off-peak
12:04:51,13 days,advance
12:11:38,2 days,advance
12:14:56,0 days,off-peak
12:29:39,15 days,advance
12:30:13,6 days,advance
12:30:54,1 days,advance
12:31:59,20 days,advance
12:33:54,22 days,advance
12:36:15,6 days,advance
12:37:35,13 days,advance
12:41:43,1 days,advance
12:46:36,14 days,advance
12:49:14,14 days,advance
12:51:44,0 days,off-peak
12:51:51,1 days,advance
12:55:11,4 days,advance
12:55:26,1 days,advance
13:30:35,0 days,off-peak
13:30:43,1 days,advance
13:34:19,22 days,advance
13:46:08,0 days,off-peak
13:52:53,16 days,advance
14:09:16,5 days,advance
14:17:35,18 days,advance
14:18:46,18 days,advance
14:20:46,0 days,off-peak
14:22:22,22 days,advance
14:23:22,1 days,advance
14:23:44,0 days,off-peak
14:34:18,0 days,anytime
14:36:12,0 days,anytime
14:41:51,15 days,advance
14:43:34,10 days,advance
14:44:31,15 days,advance
14:44:46,3 days,advance
14:47:40,0 days,anytime
14:48:26,1 days,advance
14:57:03,5 days,advance
14:58:00,0 days,anytime
15:05:33,0 days,anytime
15:10:46,0 days,anytime
15:14:27,0 days,anytime
15:17:08,1 days,advance
15:17:34,0 days,anytime
15:18:34,0 days,anytime
15:21:21,0 days,anytime
15:33:56,0 days,anytime
15:44:19,0 days,anytime
15:49:44,0 days,anytime
15:51:02,0 days,anytime
15:54:20,19 days,advance
16:00:27,0 days,anytime
16:13:34,1 days,advance
16:17:05,1 days,advance
16:23:07,7 days,advance
16:34:32,4 days,advance
16:35:13,0 days,anytime
16:44:00,3 days,advance
17:03:26,0 days,anytime
17:07:31,0 days,anytime
17:07:40,1 days,advance
17:10:22,12 days,advance
17:12:03,0 days,anytime
17:14:10,1 days,advance
17:15:23,0 days,anytime
17:17:45,0 days,anytime
17:19:02,17 days,advance
17:19:38,0 days,anytime
17:20:21,1 days,advance
17:22:43,0 days,anytime
17:25:31,1 days,advance
17:26:47,0 days,anytime
17:27:36,0 days,anytime
17:28:04,1 days,advance
17:29:25,0 days,anytime
17:29:54,0 days,anytime
17:31:15,1 days,advance
17:32:04,5 days,advance
17:35:41,1 days,advance
17:38:45,1 days,advance
17:39:54,4 days,advance
17:41:04,2 days,advance
17:43:32,4 days,advance
17:43:56,23 days,advance
17:46:38,12 days,advance
17:46:46,1 days,advance
17:47:22,1 days,advance
17:50:13,16 days,advance
17:50:53,6 days,advance
17:55:55,13 days,advance
17:56:54,10 days,advance
18:03:10,1 days,advance
18:03:52,1 days,advance
18:08:48,1 days,advance
18:08:53,21 days,advance
18:13:15,0 days,off-peak
18:30:52,11 days,advance
18:32:44,1 days,advance
18:33:53,3 days,advance
18:36:09,7 days,advance
18:41:00,9 days,advance
18:43:53,2 days,advance
18:52:30,1 days,advance
18:53:45,1 days,advance
18:58:07,14 days,advance
19:09:11,16 days,advance
19:17:48,1 days,advance
19:20:51,1 days,advance
19:21:26,9 days,advance
19:23:44,3 days,advance
19:24:37,10 days,advance
19:26:38,18 days,advance
19:31:02,5 days,advance
19:31:39,1 days,advance
19:32:29,1 days,advance
19:32:40,1 days,advance
19:33:08,16 days,advance
19:33:26,7 days,advance
19:38:45,1 days,advance
19:38:57,1 days,advance
19:43:28,0 days,off-peak
19:44:03,7 days,advance
19:44:59,1 days,advance
20:06:27,1 days,advance
20:06:48,5 days,advance
20:09:17,6 days,advance
20:10:04,1 days,advance
20:12:04,14 days,advance
20:12:34,1 days,advance
20:13:46,1 days,advance
20:14:19,13 days,advance
20:15:31,12 days,advance
20:16:58,3 days,advance
20:17:17,22 days,advance
20:18:44,19 days,advance
20:19:18,14 days,advance
20:20:13,9 days,advance
20:20:44,9 days,advance
20:21:03,17 days,advance
20:21:47,1 days,advance
20:21:48,8 days,advance
20:23:07,10 days,advance
20:23:17,20 days,advance
20:23:28,1 days,advance
20:23:48,5 days,advance
20:23:52,11 days,advance
20:23:53,1 days,advance
20:24:28,19 days,advance
20:25:16,21 days,advance
20:26:47,1 days,advance
20:27:18,2 days,advance
20:27:20,1 days,advance
20:28:21,20 days,advance
20:28:24,2 days,advance
20:29:11,13 days,advance
20:29:20,1 days,advance
20:29:33,16 days,advance
20:29:37,1 days,advance
20:31:28,6 days,advance
20:31:39,21 days,advance
20:33:54,9 days,advance
20:40:37,0 days,off-peak
20:41:49,18 days,advance
20:44:49,0 days,off-peak
21:06:22,8 days,advance
21:31:44,1 days,advance
21:39:13,1 days,advance
21:39:52,10 days,advance
21:40:24,4 days,advance
21:43:22,1 days,advance
21:49:31,14 days,advance
21:52:43,10 days,advance
21:53:31,15 days,advance
21:54:19,14 days,advance
21:58:05,10 days,advance
22:13:41,1 days,advance
22:33:33,1 days,advance
22:41:04,15 days,advance
22:46:14,12 days,advance
22:52:44,20 days,advance
23:00:39,1 days,advance
23:01:06,11 days,advance
23:03:36,4 days,advance
23:03:56,1 days,advance
23:14:09,15 days,advance
23:32:06,4 days,advance
23:35:16,1 days,advance
23:37:48,1 days,advance
23:45:14,23 days,advance
23:53:26,16 days,advance
23:54:57,12 days,advance
23:55:41,21 days,advance
23:59:21,21 days,advance
00:03:56,16 days,advance
00:10:07,6 days,advance
00:11:28,4 days,advance
00:12:38,1 days,advance
00:14:59,0 days,off-peak
00:20:24,0 days,off-peak
00:24:13,2 days,advance
00:30:44,15 days,advance
00:33:49,0 days,off-peak
01:22:24,1 days,advance
01:23:28,10 days,advance
01:28:46,0 days,off-peak
01:31:16,0 days,off-peak
01:34:07,19 days,advance
01:37:43,1 days,advance
01:53:37,8 days,advance
01:56:29,5 days,advance
01:57:42,1 days,advance
02:08:25,8 days,advance
02:11:33,19 days,advance
02:26:42,0 days,off-peak
02:42:46,4 days,advance
02:49:02,0 days,off-peak
03:04:28,0 days,off-peak
03:15:09,21 days,advance
03:15:12,0 days,off-peak
03:15:20,1 days,advance
03:21:28,1 days,advance
03:22:14,4 days,advance
03:23:14,1 days,advance
03:26:54,1 days,advance
03:31:04,8 days,advance
03:33:05,18 days,advance
03:37:33,16 days,advance
03:43:57,1 days,advance
03:45:11,0 days,off-peak
03:59:35,22 days,advance
04:06:45,0 days,off-peak
04:39:49,0 days,anytime
04:49:18,0 days,anytime
04:53:11,0 days,anytime
04:56:55,0 days,anytime
05:00:49,0 days,anytime
05:02:05,21 days,advance
05:03:00,0 days,anytime
05:10:53,0 days,anytime
05:12:08,0 days,anytime
05:14:47,0 days,anytime
05:15:54,0 days,anytime
05:18:17,0 days,anytime
05:22:43,0 days,anytime
05:27:27,0 days,anytime
05:41:00,1 days,advance
05:46:52,19 days,advance
05:46:59,7 days,advance
05:49:15,17 days,advance
05:49:47,21 days,advance
05:49:48,10 days,advance
05:50:40,0 days,off-peak
05:52:32,16 days,advance
05:54:48,10 days,advance
05:56:54,15 days,advance
05:57:44,22 days,advance
05:59:33,1 days,advance
06:01:41,0 days,anytime
06:01:51,16 days,advance
06:02:32,0 days,anytime
06:03:56,8 days,advance
06:08:19,14 days,advance
06:08:24,18 days,advance
06:08:43,0 days,anytime
06:11:02,0 days,anytime
06:12:55,0 days,anytime
06:21:58,0 days,anytime
06:34:43,5 days,advance
06:35:45,0 days,anytime
06:38:03,1 days,advance
06:39:21,0 days,anytime
06:42:09,0 days,anytime
06:44:00,8 days,advance
06:47:53,11 days,advance
06:57:58,0 days,anytime
06:58:37,1 days,advance
07:16:45,0 days,anytime
07:16:50,0 days,anytime
07:17:03,6 days,advance
07:21:44,0 days,anytime
07:21:57,0 days,anytime
07:23:20,0 days,anytime
07:25:17,0 days,anytime
07:33:33,0 days,off-peak
07:45:33,1 days,advance
07:45:51,2 days,advance
07:47:00,18 days,advance
07:50:04,0 days,anytime
07:50:34,7 days,advance
07:50:34,1 days,advance
07:51:41,18 days,advance
07:52:07,19 days,advance
07:52:25,8 days,advance
07:53:31,18 days,advance
07:54:18,19 days,advance
07:54:46,7 days,advance
07:55:41,1 days,advance
07:55:43,17 days,advance
07:55:49,17 days,advance
07:56:08,1 days,advance
07:56:34,2 days,advance
07:56:50,1 days,advance
08:01:16,1 days,advance
08:01:17,1 days,advance
08:01:49,19 days,advance
08:03:37,16 days,advance
08:04:01,3 days,advance
08:04:15,11 days,advance
08:05:09,13 days,advance
08:05:23,2 days,advance
08:07:57,17 days,advance
08:08:14,3 days,advance
08:08:48,13 days,advance
08:09:10,21 days,advance
08:12:42,8 days,advance
08:13:52,19 days,advance
08:13:56,15 days,advance
08:14:20,13 days,advance
08:14:59,11 days,advance
08:16:29,5 days,advance
08:16:58,1 days,advance
08:17:08,14 days,advance
08:17:57,11 days,advance
08:17:59,17 days,advance
08:18:07,1 days,advance
08:18:13,9 days,advance
08:18:39,1 days,advance
08:19:01,9 days,advance
08:19:22,8 days,advance
08:19:42,19 days,advance
08:21:17,13 days,advance
08:21:36,10 days,advance
08:21:58,14 days,advance
08:22:08,14 days,advance
08:23:22,10 days,advance
08:24:41,7 days,advance
08:26:04,18 days,advance
08:27:19,22 days,advance
08:28:18,1 days,advance
08:29:01,2 days,advance
08:29:02,1 days,advance
08:29:04,4 days,advance
08:32:13,1 days,advance
08:35:31,1 days,advance
08:36:12,8 days,advance
08:46:04,0 days,off-peak
08:50:22,4 days,advance
08:51:45,11 days,advance
09:00:17,9 days,advance
09:00:58,5 days,advance
09:12:29,5 days,advance
09:13:04,20 days,advance
09:13:45,9 days,advance
09:25:02,10 days,advance
09:30:11,0 days,off-peak
09:30:11,1 days,advance
09:30:35,8 days,advance
09:30:57,0 days,off-peak
09:33:13,5 days,advance
09:33:54,1 days,advance
09:34:36,1 days,advance
09:35:21,18 days,advance
09:35:51,1 days,advance
09:37:19,1 days,advance
09:38:17,19 days,advance
09:38:25,16 days,advance
09:40:22,17 days,advance
09:40:23,11 days,advance
09:42:37,19 days,advance
09:43:26,1 days,advance
09:44:31,1 days,advance
09:44:51,1 days,advance
09:46:59,1 days,advance
09:50:53,8 days,advance
09:52:00,17 days,advance
09:54:47,1 days,advance
09:56:11,1 days,advance
09:58:54,20 days,advance
09:59:08,22 days,advance
10:02:36,1 days,advance
10:04:23,21 days,advance
10:16:58,0 days,off-peak
10:19:06,1 days,advance
10:19:27,16 days,advance
10:26:47,5 days,advance
10:29:04,4 days,advance
10:29:48,0 days,off-peak
10:32:28,0 days,off-peak
10:35:06,2 days,advance
10:40:33,9 days,advance
10:41:48,13 days,advance
10:42:45,18 days,advance
10:54:05,12 days,advance
11:00:27,20 days,advance
11:00:46,7 days,advance
11:17:45,8 days,advance
11:22:18,15 days,advance
11:27:58,16 days,advance
11:42:01,1 days,advance
11:48:34,11 days,advance
11:51:56,0 days,off-peak
11:53:05,1 days,advance
11:54:04,1 days,advance
11:54:08,0 days,off-peak
11:54:24,0 days,off-peak
11:54:40,0 days,off-peak
11:57:38,14 days,advance
11:59:06,0 days,off-peak
12:02:26,14 days,advance
12:05:42,0 days,off-peak
12:07:02,2 days,advance
12:20:30,0 days,off-peak
12:23:42,11 days,advance
12:25:26,7 days,advance
12:30:19,5 days,advance
12:32:18,6 days,advance
12:32:26,11 days,advance
12:37:40,21 days,advance
12:39:12,0 days,off-peak
12:41:34,21 days,advance
12:41:42,1 days,advance
12:41:54,1 days,advance
12:44:26,1 days,advance
12:46:08,0 days,off-peak
12:46:33,1 days,advance
13:23:00,18 days,advance
13:27:52,8 days,advance
13:29:31,20 days,advance
13:39:51,1 days,advance
13:43:37,1 days,advance
14:05:10,17 days,advance
14:05:58,0 days,off-peak
14:18:05,19 days,advance
14:20:27,0 days,off-peak
14:34:53,0 days,anytime
14:39:42,16 days,advance
14:45:38,0 days,anytime
14:47:31,10 days,advance
14:47:45,3 days,advance
14:51:45,11 days,advance
15:00:00,3 days,advance
15:12:12,18 days,advance
15:12:41,16 days,advance
15:16:21,0 days,anytime
15:17:13,0 days,anytime
15:19:24,0 days,anytime
15:22:15,0 days,anytime
15:24:13,13 days,advance
15:24:35,0 days,anytime
15:24:39,17 days,advance
15:36:48,0 days,anytime
15:39:13,1 days,advance
15:41:16,1 days,advance
15:45:40,1 days,advance
15:48:29,20 days,advance
15:51:24,0 days,anytime
15:54:57,1 days,advance
15:56:51,12 days,advance
16:06:34,0 days,anytime
16:06:40,0 days,anytime
16:07:23,2 days,advance
16:09:51,11 days,advance
16:14:50,1 days,advance
16:28:46,0 days,anytime
16:37:45,2 days,advance
16:38:21,8 days,advance
16:40:12,0 days,anytime
16:40:34,4 days,advance
16:44:04,0 days,anytime
16:58:43,14 days,advance
17:01:58,0 days,anytime
17:02:41,1 days,advance
17:12:19,12 days,advance
17:13:58,0 days,anytime
17:17:38,1 days,advance
17:18:14,0 days,anytime
17:18:26,21 days,advance
17:20:55,0 days,anytime
17:23:32,0 days,anytime
17:24:31,0 days,anytime
17:24:41,1 days,advance
17:27:39,0 days,anytime
17:28:00,0 days,anytime
17:29:31,0 days,anytime
17:30:13,1 days,advance
17:33:08,2 days,advance
17:34:31,14 days,advance
17:35:51,21 days,advance
17:39:57,7 days,advance
17:40:02,16 days,advance
17:40:50,7 days,advance
17:42:26,0 days,off-peak
17:42:57,13 days,advance
17:47:53,1 days,advance
17:49:09,9 days,advance
17:50:05,6 days,advance
17:52:20,5 days,advance
17:54:18,1 days,advance
18:04:14,9 days,advance
18:11:26,2 days,advance
18:13:55,0 days,anytime
18:15:36,0 days,anytime
18:16:46,5 days,advance
18:18:33,0 days,off-peak
18:19:10,0 days,anytime
18:36:41,0 days,off-peak
18:41:43,1 days,advance
18:46:52,0 days,off-peak
18:47:24,1 days,advance
18:48:28,1 days,advance
18:49:23,0 days,off-peak
18:50:23,22 days,advance
18:50:33,19 days,advance
18:51:29,1 days,advance
18:51:55,4 days,advance
18:51:56,0 days,off-peak
18:52:47,0 days,off-peak
18:53:12,2 days,advance
18:54:01,14 days,advance
18:54:19,10 days,advance
18:54:34,8 days,advance
18:56:38,12 days,advance
18:58:08,13 days,advance
18:58:57,19 days,advance
18:59:13,9 days,advance
19:16:31,10 days,advance
19:17:16,1 days,advance
19:20:08,10 days,advance
19:21:54,1 days,advance
19:22:14,18 days,advance
19:22:29,6 days,advance
19:24:55,14 days,advance
19:24:59,19 days,advance
19:26:18,16 days,advance
19:27:55,21 days,advance
19:29:46,1 days,advance
19:30:48,10 days,advance
19:32:41,14 days,advance
19:33:01,1 days,advance
19:33:25,2 days,advance
19:33:25,21 days,advance
19:35:07,13 days,advance
19:40:36,1 days,advance
19:41:10,3 days,advance
19:42:00,13 days,advance
19:53:25,1 days,advance
19:59:48,0 days,off-peak
20:06:04,2 days,advance
20:07:24,0 days,off-peak
20:13:52,15 days,advance
20:14:36,11 days,advance
20:16:45,11 days,advance
20:18:06,1 days,advance
20:18:47,1 days,advance
20:19:19,5 days,advance
20:19:43,18 days,advance
20:21:06,1 days,advance
20:22:14,7 days,advance
20:22:34,21 days,advance
20:23:17,14 days,advance
20:24:08,22 days,advance
20:24:20,1 days,advance
20:24:44,4 days,advance
20:24:54,1 days,advance
20:25:31,1 days,advance
20:25:55,6 days,advance
20:26:16,1 days,advance
20:26:21,1 days,advance
20:26:31,21 days,advance
20:26:53,21 days,advance
20:28:09,1 days,advance
20:28:15,5 days,advance
20:28:34,6 days,advance
20:28:58,2 days,advance
20:29:53,2 days,advance
20:29:59,1 days,advance
20:30:13,1 days,advance
20:31:16,22 days,advance
20:33:12,22 days,advance
20:33:48,1 days,advance
20:34:32,3 days,advance
20:44:50,7 days,advance
20:45:45,15 days,advance
20:51:03,0 days,off-peak
20:57:12,11 days,advance
21:02:18,4 days,advance
21:23:52,1 days,advance
21:31:34,1 days,advance
21:43:58,3 days,advance
21:47:40,15 days,advance
21:52:37,6 days,advance
22:09:55,11 days,advance
22:19:31,1 days,advance
22:24:44,22 days,advance
22:31:01,1 days,advance
22:32:13,1 days,advance
22:37:15,18 days,advance
22:37:43,1 days,advance
22:52:08,7 days,advance
23:02:20,1 days,advance
23:12:26,1 days,advance
23:14:31,1 days,advance
23:29:34,16 days,advance
23:34:06,16 days,advance
23:35:43,1 days,advance
23:41:06,7 days,advance
23:49:45,14 days,advance
23:59:43,1 days,advance
00:01:16,20 days,advance
00:04:46,1 days,advance
00:11:51,0 days,off-peak
00:12:06,1 days,advance
00:19:11,0 days,off-peak
00:19:25,12 days,advance
00:20:21,5 days,advance
00:23:04,0 days,off-peak
00:27:45,4 days,advance
00:30:09,0 days,off-peak
00:30:45,12 days,advance
00:37:35,0 days,off-peak
00:49:11,0 days,off-peak
01:05:21,3 days,advance
01:21:42,20 days,advance
01:34:50,10 days,advance
01:42:53,19 days,advance
01:46:46,0 days,off-peak
02:02:00,21 days,advance
02:06:56,1 days,advance
02:45:07,1 days,advance
02:50:16,0 days,off-peak
03:00:32,0 days,off-peak
03:06:26,0 days,off-peak
03:11:32,1 days,advance
03:17:09,19 days,advance
03:25:22,10 days,advance
03:27:47,9 days,advance
03:31:57,15 days,advance
03:43:15,1 days,advance
03:58:39,3 days,advance
04:02:28,0 days,off-peak
04:28:29,14 days,advance
04:37:54,1 days,advance
04:51:08,0 days,anytime
04:56:14,1 days,advance
04:57:15,0 days,anytime
04:59:56,0 days,anytime
05:03:08,0 days,anytime
05:03:30,0 days,anytime
05:08:45,1 days,advance
05:11:46,0 days,anytime
05:23:12,7 days,advance
05:29:22,3 days,advance
05:32:12,11 days,advance
05:32:40,13 days,advance
05:45:51,0 days,anytime
05:51:38,0 days,anytime
05:54:33,2 days,advance
06:00:28,0 days,anytime
06:03:31,0 days,anytime
06:05:42,8 days,advance
06:05:48,5 days,advance
06:07:53,0 days,anytime
06:09:32,4 days,advance
06:12:17,20 days,advance
06:12:53,16 days,advance
06:12:59,16 days,advance
06:31:29,0 days,anytime
06:33:58,14 days,advance
06:37:57,0 days,anytime
06:40:22,0 days,anytime
06:45:36,0 days,anytime
06:49:57,6 days,advance
06:52:00,0 days,anytime
06:54:11,0 days,anytime
06:55:34,21 days,advance
06:55:46,0 days,anytime
07:15:45,17 days,advance
07:19:27,19 days,advance
07:19:38,0 days,anytime
07:20:25,0 days,anytime
07:22:39,0 days,anytime
07:24:49,1 days,advance
07:26:09,0 days,anytime
07:28:07,0 days,anytime
07:29:30,0 days,anytime
07:30:33,0 days,off-peak
07:30:47,0 days,off-peak
07:37:26,1 days,advance
07:42:46,13 days,advance
07:43:05,0 days,anytime
07:47:31,12 days,advance
07:50:15,18 days,advance
07:52:40,18 days,advance
07:52:43,0 days,off-peak
07:55:50,12 days,advance
07:58:33,1 days,advance
07:59:08,2 days,advance
07:59:21,1 days,advance
08:03:03,20 days,advance
08:03:45,20 days,advance
08:03:56,21 days,advance
08:04:16,14 days,advance
08:06:26,6 days,advance
08:07:12,6 days,advance
08:07:16,1 days,advance
08:09:20,16 days,advance
08:09:24,9 days,advance
08:10:07,1 days,advance
08:11:41,18 days,advance
08:13:42,9 days,advance
08:14:09,9 days,advance
08:15:05,1 days,advance
08:16:38,2 days,advance
08:19:24,12 days,advance
08:19:50,13 days,advance
08:20:04,1 days,advance
08:21:27,18 days,advance
08:22:12,1 days,advance
08:22:50,4 days,advance
08:23:30,10 days,advance
08:25:24,1 days,advance
08:26:48,19 days,advance
08:27:07,1 days,advance
08:29:01,14 days,advance
08:29:37,15 days,advance
08:32:58,1 days,advance
08:34:57,6 days,advance
08:36:55,2 days,advance
08:54:49,0 days,off-peak
09:00:14,1 days,advance
09:01:01,0 days,off-peak
09:01:39,2 days,advance
09:01:43,0 days,off-peak
09:02:21,21 days,advance
09:03:32,0 days,off-peak
09:04:49,1 days,advance
09:05:33,21 days,advance
09:08:02,5 days,advance
09:11:00,15 days,advance
09:11:19,0 days,off-peak
09:13:14,8 days,advance
09:13:46,6 days,advance
09:15:30,0 days,off-peak
09:20:00,17 days,advance
09:28:23,0 days,off-peak
09:29:41,0 days,off-peak
09:30:28,6 days,advance
09:31:11,1 days,advance
09:31:21,1 days,advance
09:31:25,5 days,advance
09:31:32,1 days,advance
09:34:02,1 days,advance
09:34:48,0 days,off-peak
09:37:39,1 days,advance
09:38:46,4 days,advance
09:40:06,1 days,advance
09:42:26,1 days,advance
09:42:50,1 days,advance
09:42:50,1 days,advance
09:43:07,0 days,off-peak
09:43:11,1 days,advance
09:43:26,15 days,advance
09:44:02,20 days,advance
09:46:10,0 days,off-peak
09:46:33,3 days,advance
09:48:09,1 days,advance
09:59:58,1 days,advance
10:12:16,17 days,advance
10:16:11,20 days,advance
10:17:28,0 days,off-peak
10:17:40,1 days,advance
10:28:41,4 days,advance
10:30:57,0 days,off-peak
10:33:33,0 days,off-peak
10:33:35,0 days,off-peak
10:33:39,11 days,advance
10:41:02,1 days,advance
10:45:45,0 days,off-peak
10:52:44,7 days,advance
10:53:53,4 days,advance
10:57:09,1 days,advance
10:59:47,12 days,advance
11:20:01,5 days,advance
11:20:13,18 days,advance
11:28:40,0 days,off-peak
11:49:53,16 days,advance
11:50:38,9 days,advance
12:00:35,1 days,advance
12:00:41,0 days,off-peak
12:02:04,1 days,advance
12:03:02,0 days,off-peak
12:03:53,18 days,advance
12:06:16,1 days,advance
12:20:52,0 days,off-peak
12:53:33,0 days,off-peak
12:56:39,0 days,off-peak
12:58:13,1 days,advance
13:05:32,1 days,advance
13:25:12,16 days,advance
13:25:37,1 days,advance
13:35:12,0 days,off-peak
13:37:53,0 days,off-peak
13:43:08,7 days,advance
13:44:31,0 days,off-peak
13:46:05,5 days,advance
13:56:34,15 days,advance
14:07:45,0 days,off-peak
14:17:04,8 days,advance
14:19:09,0 days,off-peak
14:24:41,20 days,advance
14:24:57,2 days,advance
14:26:18,0 days,off-peak
14:27:36,0 days,off-peak
14:33:42,15 days,advance
14:34:46,0 days,anytime
14:35:12,10 days,advance
14:38:11,0 days,anytime
14:40:20,0 days,anytime
14:45:11,15 days,advance
14:49:35,0 days,anytime
14:52:19,0 days,anytime
14:57:57,1 days,advance
14:59:03,1 days,advance
14:59:58,0 days,anytime
15:03:34,0 days,anytime
15:06:50,0 days,anytime
15:07:56,8 days,advance
15:11:04,0 days,anytime
15:12:24,0 days,anytime
15:12:53,0 days,anytime
15:15:08,6 days,advance
15:44:49,0 days,anytime
15:49:36,0 days,anytime
15:51:39,13 days,advance
16:02:15,0 days,anytime
16:03:14,1 days,advance
16:03:41,0 days,anytime
16:07:15,0 days,anytime
16:10:18,1 days,advance
16:10:45,0 days,anytime
16:13:42,0 days,anytime
16:13:44,0 days,anytime
16:15:35,5 days,advance
16:17:19,8 days,advance
16:21:29,3 days,advance
16:27:58,11 days,advance
16:28:51,0 days,anytime
16:43:06,19 days,advance
16:44:00,0 days,anytime
16:56:42,1 days,advance
16:57:36,7 days,advance
17:00:22,3 days,advance
17:00:39,0 days,anytime
17:03:50,0 days,anytime
17:06:29,14 days,advance
17:17:09,0 days,anytime
17:17:45,6 days,advance
17:18:19,0 days,anytime
17:21:14,15 days,advance
17:22:11,0 days,anytime
17:23:07,3 days,advance
17:24:30,0 days,anytime
17:25:03,0 days,anytime
17:27:46,0 days,anytime
17:31:50,1 days,advance
17:32:13,1 days,advance
17:33:04,6 days,advance
17:33:17,1 days,advance
17:37:18,3 days,advance
17:37:54,9 days,advance
17:38:06,1 days,advance
17:38:36,7 days,advance
17:39:01,14 days,advance
17:39:56,13 days,advance
17:40:49,1 days,advance
17:45:17,6 days,advance
17:47:16,11 days,advance
17:47:46,1 days,advance
17:48:09,1 days,advance
17:49:23,1 days,advance
17:49:33,1 days,advance
17:55:18,15 days,advance
17:55:34,10 days,advance
17:56:36,4 days,advance
17:59:04,1 days,advance
18:00:40,12 days,advance
18:04:07,11 days,advance
18:04:16,1 days,advance
18:08:21,14 days,advance
18:30:08,12 days,advance
18:36:05,20 days,advance
18:38:46,4 days,advance
18:41:37,12 days,advance
18:49:28,0 days,off-peak
18:50:55,7 days,advance
18:52:53,0 days,off-peak
18:58:24,0 days,off-peak
19:00:48,0 days,off-peak
19:03:43,10 days,advance
19:04:36,0 days,off-peak
19:23:09,2 days,advance
19:24:58,18 days,advance
19:26:29,13 days,advance
19:27:24,17 days,advance
19:27:40,1 days,advance
19:29:27,21 days,advance
19:31:31,9 days,advance
19:33:28,4 days,advance
19:34:13,1 days,advance
19:36:09,8 days,advance
19:37:45,7 days,advance
19:38:14,1 days,advance
19:39:10,13 days,advance
19:39:56,8 days,advance
19:42:29,7 days,advance
19:44:40,3 days,advance
20:07:53,0 days,off-peak
20:10:06,9 days,advance
20:16:52,1 days,advance
20:17:26,1 days,advance
20:17:39,4 days,advance
20:19:46,12 days,advance
20:19:51,11 days,advance
20:20:38,1 days,advance
20:21:23,1 days,advance
20:22:16,21 days,advance
20:22:31,1 days,advance
20:22:44,7 days,advance
20:22:56,2 days,advance
20:24:19,16 days,advance
20:25:10,7 days,advance
20:26:58,14 days,advance
20:27:01,15 days,advance
20:27:22,11 days,advance
20:28:08,2 days,advance
20:28:37,10 days,advance
20:28:50,16 days,advance
20:29:05,8 days,advance
20:29:08,15 days,advance
20:29:19,11 days,advance
20:29:20,1 days,advance
20:29:33,7 days,advance
20:30:13,20 days,advance
20:30:24,8 days,advance
20:30:41,18 days,advance
20:31:52,15 days,advance
20:34:15,6 days,advance
20:43:07,12 days,advance
20:44:06,0 days,off-peak
20:51:54,0 days,off-peak
20:52:46,1 days,advance
21:04:49,5 days,advance
21:28:38,13 days,advance
21:30:45,19 days,advance
21:33:19,5 days,advance
21:33:44,1 days,advance
21:34:41,2 days,advance
21:39:44,3 days,advance
21:40:36,1 days,advance
21:46:15,7 days,advance
21:48:25,8 days,advance
21:49:07,1 days,advance
21:49:28,1 days,advance
21:49:52,1 days,advance
21:51:00,6 days,advance
21:51:11,21 days,advance
21:52:10,4 days,advance
21:54:38,12 days,advance
21:54:59,1 days,advance
21:56:08,4 days,advance
21:56:35,2 days,advance
21:57:22,20 days,advance
22:07:36,15 days,advance
22:11:56,14 days,advance
22:30:45,1 days,advance
22:39:54,1 days,advance
22:45:46,1 days,advance
23:02:59,1 days,advance
23:03:47,1 days,advance
23:10:42,1 days,advance
23:40:20,21 days,advance
23:49:13,12 days,advance
23:56:11,12 days,advance
23:57:23,8 days,advance
00:00:22,0 days,off-peak
00:10:15,4 days,advance
00:10:56,0 days,off-peak
00:34:32,0 days,off-peak
00:40:21,0 days,off-peak
00:51:14,0 days,off-peak
00:59:49,14 days,advance
01:01:46,0 days,off-peak
01:06:31,10 days,advance
01:17:57,1 days,advance
01:29:36,0 days,off-peak
01:30:27,10 days,advance
01:30:45,0 days,off-peak
01:33:10,14 days,advance
01:37:50,15 days,advance
01:40:24,10 days,advance
01:46:48,15 days,advance
01:48:53,18 days,advance
01:55:00,8 days,advance
02:12:00,15 days,advance
02:12:37,1 days,advance
02:14:31,1 days,advance
02:21:25,0 days,off-peak
02:32:10,0 days,off-peak
02:45:32,0 days,off-peak
02:55:38,0 days,off-peak
02:57:59,0 days,off-peak
03:05:02,0 days,off-peak
03:08:34,0 days,off-peak
03:09:51,0 days,off-peak
03:19:55,0 days,off-peak
03:20:18,1 days,advance
03:23:24,7 days,advance
03:26:08,1 days,advance
03:38:27,1 days,advance
03:40:48,15 days,advance
03:41:38,1 days,advance
03:50:13,13 days,advance
04:04:46,1 days,advance
04:19:48,16 days,advance
04:20:26,17 days,advance
04:43:19,16 days,advance
04:45:23,1 days,advance
04:48:59,0 days,anytime
04:51:33,0 days,anytime
05:00:16,2 days,advance
05:05:30,0 days,anytime
05:07:31,0 days,anytime
05:08:19,2 days,advance
05:11:18,0 days,anytime
05:11:49,0 days,anytime
05:13:45,6 days,advance
05:14:02,0 days,anytime
05:14:25,1 days,advance
05:14:59,0 days,anytime
05:15:04,1 days,advance
05:19:07,0 days,anytime
05:22:29,0 days,anytime
05:25:40,0 days,anytime
05:27:11,0 days,anytime
05:40:27,15 days,advance
05:43:27,0 days,off-peak
05:44:36,20 days,advance
05:47:49,0 days,anytime
05:52:35,1 days,advance
05:53:38,13 days,advance
05:55:37,4 days,advance
06:01:22,0 days,anytime
06:02:52,0 days,anytime
06:04:12,10 days,advance
06:04:42,19 days,advance
06:06:51,19 days,advance
06:08:15,0 days,anytime
06:08:48,7 days,advance
06:10:28,13 days,advance
06:14:44,13 days,advance
06:23:56,0 days,anytime
06:24:43,5 days,advance
06:30:59,0 days,anytime
06:33:04,0 days,anytime
06:33:10,0 days,anytime
06:35:29,19 days,advance
06:36:20,0 days,anytime
06:42:28,0 days,anytime
06:43:26,0 days,anytime
06:59:39,14 days,advance
07:00:47,1 days,advance
07:26:25,0 days,anytime
07:27:30,1 days,advance
07:28:42,18 days,advance
07:32:35,0 days,off-peak
07:34:01,1 days,advance
07:34:23,0 days,off-peak
07:41:36,19 days,advance
07:43:27,0 days,off-peak
07:45:04,3 days,advance
07:45:56,16 days,advance
07:48:02,0 days,off-peak
07:49:48,1 days,advance
07:51:55,15 days,advance
07:53:47,0 days,off-peak
07:54:57,0 days,off-peak
07:56:29,3 days,advance
07:56:32,1 days,advance
07:57:30,12 days,advance
07:58:11,11 days,advance
08:00:32,14 days,advance
08:00:56,16 days,advance
08:02:08,5 days,advance
08:03:26,17 days,advance
08:04:44,10 days,advance
08:05:42,1 days,advance
08:06:32,4 days,advance
08:06:39,1 days,advance
08:08:08,17 days,advance
08:08:35,16 days,advance
08:09:10,1 days,advance
08:10:05,1 days,advance
08:11:25,15 days,advance
08:11:26,3 days,advance
08:12:17,7 days,advance
08:14:22,17 days,advance
08:14:25,1 days,advance
08:16:12,1 days,advance
08:17:03,2 days,advance
08:17:25,15 days,advance
08:17:55,19 days,advance
08:18:10,9 days,advance
08:18:28,9 days,advance
08:19:37,10 days,advance
08:19:44,3 days,advance
08:21:55,1 days,advance
08:23:44,1 days,advance
08:25:34,2 days,advance
08:28:10,1 days,advance
08:28:11,3 days,advance
08:29:30,12 days,advance
08:40:24,16 days,advance
08:47:18,1 days,advance
08:54:45,5 days,advance
08:57:03,1 days,advance
08:57:50,14 days,advance
09:01:20,7 days,advance
09:01:31,19 days,advance
09:02:06,1 days,advance
09:02:19,1 days,advance
09:05:33,1 days,advance
09:07:31,20 days,advance
09:08:01,1 days,advance
09:12:54,9 days,advance
09:13:34,3 days,advance
09:15:41,1 days,advance
09:30:23,7 days,advance
09:31:01,1 days,advance
09:33:01,1 days,advance
09:33:06,18 days,advance
09:34:16,0 days,off-peak
09:35:00,7 days,advance
09:36:28,1 days,advance
09:37:10,2 days,advance
09:37:54,1 days,advance
09:41:36,1 days,advance
09:43:43,0 days,off-peak
09:43:49,12 days,advance
09:43:57,1 days,advance
09:45:28,9 days,advance
09:47:50,10 days,advance
09:49:22,14 days,advance
09:53:42,13 days,advance
09:54:45,17 days,advance
09:55:16,1 days,advance
09:56:33,8 days,advance
09:56:36,1 days,advance
10:02:01,0 days,off-peak
10:16:02,0 days,off-peak
10:24:55,1 days,advance
10:29:10,11 days,advance
10:32:50,1 days,advance
10:35:27,0 days,off-peak
10:35:51,0 days,off-peak
10:35:54,18 days,advance
10:42:43,0 days,off-peak
10:44:52,0 days,off-peak
10:46:17,17 days,advance
10:54:18,1 days,advance
10:55:51,12 days,advance
10:57:05,11 days,advance
11:20:47,18 days,advance
11:21:12,7 days,advance
11:22:36,1 days,advance
11:28:43,1 days,advance
11:28:48,0 days,off-peak
11:34:39,0 days,off-peak
11:44:07,2 days,advance
11:53:34,1 days,advance
11:53:49,7 days,advance
11:55:06,13 days,advance
11:57:14,11 days,advance
11:59:26,0 days,off-peak
12:04:54,3 days,advance
12:12:21,1 days,advance
12:13:35,12 days,advance
12:16:54,6 days,advance
12:20:33,0 days,off-peak
12:24:32,0 days,off-peak
12:31:49,10 days,advance
12:35:03,1 days,advance
12:39:14,9 days,advance
12:51:47,2 days,advance
12:53:12,17 days,advance
12:57:22,15 days,advance
13:19:17,5 days,advance
13:22:39,0 days,off-peak
13:28:54,0 days,off-peak
13:30:31,9 days,advance
13:39:37,1 days,advance
13:40:12,1 days,advance
13:43:03,4 days,advance
13:44:25,6 days,advance
13:48:28,11 days,advance
13:48:38,15 days,advance
14:15:07,11 days,advance
14:17:25,0 days,off-peak
14:20:14,4 days,advance
14:21:43,21 days,advance
14:23:48,0 days,off-peak
14:24:48,0 days,off-peak
14:25:12,19 days,advance
14:26:02,1 days,advance
14:27:55,1 days,advance
14:29:42,0 days,off-peak
14:35:51,0 days,anytime
14:38:32,3 days,advance
14:40:44,0 days,anytime
14:43:11,0 days,anytime
14:44:37,11 days,advance
14:47:00,6 days,advance
14:47:16,19 days,advance
14:49:27,0 days,anytime
14:52:20,0 days,anytime
14:52:50,7 days,advance
14:54:15,9 days,advance
14:57:31,1 days,advance
15:04:09,1 days,advance
15:04:40,5 days,advance
15:06:40,1 days,advance
15:12:32,0 days,anytime
15:14:22,1 days,advance
15:17:05,20 days,advance
15:21:19,1 days,advance
15:21:46,0 days,anytime
15:33:13,1 days,advance
15:47:45,0 days,anytime
15:49:07,0 days,anytime
15:49:28,1 days,advance
15:51:53,17 days,advance
15:55:53,0 days,anytime
16:00:04,0 days,anytime
16:08:55,0 days,anytime
16:26:05,3 days,advance
16:26:15,15 days,advance
16:30:24,12 days,advance
16:38:56,1 days,advance
16:43:54,4 days,advance
16:47:30,14 days,advance
17:03:05,2 days,advance
17:13:19,16 days,advance
17:14:57,20 days,advance
17:16:23,0 days,anytime
17:18:46,0 days,anytime
17:19:22,0 days,anytime
17:21:04,0 days,anytime
17:21:37,1 days,advance
17:21:53,0 days,anytime
17:22:45,0 days,anytime
17:23:37,0 days,anytime
17:24:49,1 days,advance
17:25:18,11 days,advance
17:27:35,15 days,advance
17:29:56,2 days,advance
17:32:27,3 days,advance
17:34:02,10 days,advance
17:34:45,0 days,off-peak
17:35:02,1 days,advance
17:42:10,10 days,advance
17:42:36,8 days,advance
17:43:07,7 days,advance
17:45:47,1 days,advance
17:46:32,5 days,advance
17:46:46,19 days,advance
17:47:12,1 days,advance
17:50:01,15 days,advance
17:52:43,0 days,off-peak
17:56:21,20 days,advance
17:57:46,1 days,advance
18:03:28,0 days,off-peak
18:06:33,5 days,advance
18:13:37,7 days,advance
18:15:29,0 days,anytime
18:19:01,0 days,anytime
18:35:52,0 days,off-peak
18:37:21,0 days,off-peak
18:37:25,6 days,advance
18:43:15,1 days,advance
18:45:52,10 days,advance
18:46:03,0 days,off-peak
18:51:29,16 days,advance
18:54:02,1 days,advance
19:12:02,0 days,off-peak
19:19:19,1 days,advance
19:20:25,1 days,advance
19:24:29,13 days,advance
19:29:03,19 days,advance
19:30:12,13 days,advance
19:30:26,7 days,advance
19:31:21,1 days,advance
19:31:59,13 days,advance
19:32:47,4 days,advance
19:33:05,1 days,advance
19:33:09,12 days,advance
19:33:27,4 days,advance
19:34:35,13 days,advance
19:34:52,14 days,advance
19:35:27,12 days,advance
19:35:33,8 days,advance
19:35:34,17 days,advance
19:36:49,19 days,advance
19:37:59,14 days,advance
19:38:23,15 days,advance
19:41:33,1 days,advance
19:44:45,0 days,off-peak
19:56:46,7 days,advance
19:59:02,1 days,advance
20:01:22,0 days,off-peak
20:02:28,18 days,advance
20:06:19,0 days,off-peak
20:07:44,4 days,advance
20:11:38,0 days,off-peak
20:17:56,3 days,advance
20:18:12,10 days,advance
20:19:20,16 days,advance
20:19:41,1 days,advance
20:20:28,17 days,advance
20:20:59,1 days,advance
20:22:03,18 days,advance
20:22:46,6 days,advance
20:24:06,15 days,advance
20:24:37,7 days,advance
20:25:25,11 days,advance
20:25:29,4 days,advance
20:25:34,4 days,advance
20:25:43,19 days,advance
20:26:35,8 days,advance
20:26:48,6 days,advance
20:26:57,18 days,advance
20:27:40,1 days,advance
20:28:52,15 days,advance
20:30:13,12 days,advance
20:32:59,13 days,advance
20:33:02,3 days,advance
20:34:31,3 days,advance
20:42:19,22 days,advance
20:44:17,0 days,off-peak
20:45:57,15 days,advance
20:46:07,0 days,off-peak
20:48:30,0 days,off-peak
20:57:38,11 days,advance
21:26:52,2 days,advance
21:27:55,12 days,advance
21:43:12,1 days,advance
21:46:55,1 days,advance
21:50:22,3 days,advance
21:52:02,18 days,advance
21:53:42,11 days,advance
21:54:08,11 days,advance
21:54:16,8 days,advance
21:56:45,1 days,advance
21:57:41,3 days,advance
21:58:09,1 days,advance
21:58:58,17 days,advance
22:12:39,5 days,advance
22:45:06,3 days,advance
23:05:14,2 days,advance
23:05:53,4 days,advance
23:05:58,1 days,advance
23:12:24,1 days,advance
23:17:07,19 days,advance
23:26:14,1 days,advance
23:33:02,1 days,advance
23:33:53,1 days,advance
23:38:53,1 days,advance
23:43:13,1 days,advance
23:55:43,1 days,advance
00:07:51,1 days,advance
00:16:15,0 days,off-peak
00:20:08,18 days,advance
00:22:03,16 days,advance
00:24:43,0 days,off-peak
00:29:19,6 days,advance
00:46:30,8 days,advance
00:47:05,0 days,off-peak
00:55:57,0 days,off-peak
01:10:29,12 days,advance
01:10:40,0 days,off-peak
01:18:10,1 days,advance
01:19:35,0 days,off-peak
01:24:37,0 days,off-peak
01:25:55,1 days,advance
01:26:43,11 days,advance
01:27:39,0 days,off-peak
01:28:04,0 days,off-peak
01:28:08,1 days,advance
01:29:17,5 days,advance
01:36:05,1 days,advance
01:39:13,15 days,advance
02:10:29,0 days,off-peak
02:17:47,0 days,off-peak
02:33:08,13 days,advance
02:46:33,0 days,off-peak
02:53:26,0 days,off-peak
03:15:57,1 days,advance
03:18:13,16 days,advance
03:21:19,18 days,advance
03:31:16,0 days,off-peak
03:31:28,1 days,advance
03:32:01,1 days,advance
03:40:03,18 days,advance
03:50:20,1 days,advance
03:50:57,2 days,advance
03:57:39,1 days,advance
04:22:22,3 days,advance
04:24:29,0 days,off-peak
04:27:14,0 days,off-peak
04:29:44,18 days,advance
04:48:20,0 days,off-peak
05:03:12,0 days,off-peak
05:03:12,0 days,off-peak
05:06:26,0 days,off-peak
05:07:46,0 days,off-peak
05:08:50,0 days,off-peak
05:13:51,0 days,off-peak
05:14:14,4 days,advance
05:19:48,0 days,off-peak
05:24:50,1 days,advance
05:26:03,1 days,advance
05:28:10,1 days,advance
05:32:51,1 days,advance
05:46:03,9 days,advance
05:52:49,5 days,advance
05:53:43,1 days,advance
05:54:13,19 days,advance
05:54:54,15 days,advance
06:00:12,0 days,off-peak
06:07:28,3 days,advance
06:07:37,0 days,off-peak
06:08:41,0 days,off-peak
06:10:15,1 days,advance
06:10:27,0 days,off-peak
06:11:04,18 days,advance
06:12:43,1 days,advance
06:28:00,1 days,advance
06:30:18,0 days,off-peak
06:30:22,0 days,off-peak
06:38:50,1 days,advance
06:39:08,1 days,advance
06:42:32,0 days,off-peak
06:43:19,10 days,advance
06:43:57,0 days,off-peak
06:56:17,2 days,advance
07:15:13,0 days,off-peak
07:15:44,0 days,off-peak
07:18:34,0 days,off-peak
07:31:34,0 days,off-peak
07:35:56,0 days,off-peak
07:47:21,0 days,off-peak
07:48:16,11 days,advance
07:50:27,0 days,off-peak
07:51:59,7 days,advance
07:52:04,8 days,advance
07:56:31,0 days,off-peak
07:56:52,11 days,advance
07:57:48,19 days,advance
08:00:00,1 days,advance
08:00:02,10 days,advance
08:00:15,11 days,advance
08:01:23,15 days,advance
08:01:34,1 days,advance
08:02:12,17 days,advance
08:02:41,1 days,advance
08:03:36,19 days,advance
08:03:54,8 days,advance
08:05:39,19 days,advance
08:08:55,8 days,advance
08:09:35,1 days,advance
08:09:37,9 days,advance
08:10:28,1 days,advance
08:12:00,2 days,advance
08:12:08,4 days,advance
08:15:10,18 days,advance
08:16:37,13 days,advance
08:17:23,1 days,advance
08:19:14,12 days,advance
08:20:02,5 days,advance
08:20:19,2 days,advance
08:20:57,1 days,advance
08:21:12,4 days,advance
08:22:05,1 days,advance
08:23:19,17 days,advance
08:23:30,4 days,advance
08:23:41,16 days,advance
08:25:39,7 days,advance
08:28:16,3 days,advance
08:29:15,8 days,advance
08:29:40,11 days,advance
08:33:21,4 days,advance
08:33:42,1 days,advance
08:41:02,4 days,advance
08:46:17,7 days,advance
08:46:37,1 days,advance
08:55:40,5 days,advance
08:57:08,1 days,advance
09:02:52,8 days,advance
09:08:32,3 days,advance
09:11:15,0 days,off-peak
09:12:26,1 days,advance
09:13:26,14 days,advance
09:13:38,1 days,advance
09:13:41,0 days,off-peak
09:19:06,0 days,off-peak
09:21:11,0 days,off-peak
09:30:49,5 days,advance
09:33:05,2 days,advance
09:35:18,1 days,advance
09:35:38,5 days,advance
09:35:50,10 days,advance
09:35:50,15 days,advance
09:37:10,1 days,advance
09:37:37,1 days,advance
09:38:20,13 days,advance
09:41:02,7 days,advance
09:41:19,4 days,advance
09:42:16,17 days,advance
09:42:24,1 days,advance
09:44:55,4 days,advance
09:52:33,1 days,advance
10:10:38,8 days,advance
10:17:34,13 days,advance
10:18:48,0 days,off-peak
10:19:58,1 days,advance
10:21:22,12 days,advance
10:21:24,1 days,advance
10:28:53,0 days,off-peak
10:30:44,7 days,advance
10:31:56,8 days,advance
10:33:24,2 days,advance
10:35:27,10 days,advance
10:38:47,17 days,advance
10:40:18,10 days,advance
10:41:13,13 days,advance
10:42:39,0 days,off-peak
10:45:56,17 days,advance
10:48:57,3 days,advance
10:51:07,0 days,off-peak
11:15:58,0 days,off-peak
11:17:35,11 days,advance
11:40:52,0 days,off-peak
11:47:14,0 days,off-peak
11:52:22,0 days,off-peak
11:59:44,0 days,off-peak
12:03:19,1 days,advance
12:05:10,14 days,advance
12:09:21,5 days,advance
12:09:31,5 days,advance
12:11:28,19 days,advance
12:12:47,14 days,advance
12:14:12,1 days,advance
12:25:15,1 days,advance
12:29:29,1 days,advance
12:30:57,1 days,advance
12:32:32,1 days,advance
12:34:53,0 days,off-peak
12:38:47,1 days,advance
12:40:18,1 days,advance
12:50:33,0 days,off-peak
12:52:08,12 days,advance
13:12:19,10 days,advance
13:15:01,14 days,advance
13:19:02,11 days,advance
13:29:25,1 days,advance
13:30:43,1 days,advance
13:31:03,1 days,advance
13:32:04,1 days,advance
13:32:19,10 days,advance
13:33:27,11 days,advance
13:34:29,1 days,advance
13:39:42,1 days,advance
13:56:16,14 days,advance
14:05:18,1 days,advance
14:17:26,19 days,advance
14:32:13,0 days,off-peak
14:32:46,0 days,off-peak
14:38:16,1 days,advance
14:38:47,0 days,off-peak
14:39:16,0 days,off-peak
14:40:35,0 days,off-peak
14:45:17,0 days,off-peak
14:52:52,0 days,off-peak
14:57:29,0 days,off-peak
14:58:25,0 days,off-peak
15:12:06,0 days,off-peak
15:15:51,8 days,advance
15:16:26,11 days,advance
15:16:55,0 days,off-peak
15:17:57,20 days,advance
15:21:58,1 days,advance
15:23:08,1 days,advance
15:24:17,0 days,off-peak
15:26:30,14 days,advance
15:26:44,2 days,advance
15:29:37,1 days,advance
15:37:28,14 days,advance
15:38:58,16 days,advance
15:44:10,0 days,off-peak
15:48:26,0 days,off-peak
16:03:11,1 days,advance
16:09:10,2 days,advance
16:10:26,8 days,advance
16:10:28,0 days,off-peak
16:13:45,0 days,off-peak
16:14:02,0 days,off-peak
16:15:56,0 days,off-peak
16:22:43,16 days,advance
16:42:39,1 days,advance
17:01:22,5 days,advance
17:04:10,5 days,advance
17:07:33,0 days,off-peak
17:10:26,0 days,off-peak
17:10:29,10 days,advance
17:14:42,4 days,advance
17:15:10,0 days,off-peak
17:16:54,0 days,off-peak
17:18:37,0 days,off-peak
17:19:16,0 days,off-peak
17:24:43,0 days,off-peak
17:25:24,0 days,off-peak
17:25:24,0 days,off-peak
17:28:20,1 days,advance
17:29:15,0 days,off-peak
17:29:35,0 days,off-peak
17:29:50,0 days,off-peak
17:30:11,7 days,advance
17:31:46,11 days,advance
17:35:28,11 days,advance
17:35:43,16 days,advance
17:37:19,1 days,advance
17:38:01,1 days,advance
17:42:42,1 days,advance
17:45:05,8 days,advance
17:48:07,16 days,advance
17:52:46,14 days,advance
17:56:58,2 days,advance
17:59:47,8 days,advance
18:05:51,2 days,advance
18:08:14,17 days,advance
18:09:53,1 days,advance
18:13:26,0 days,off-peak
18:13:42,3 days,advance
18:31:31,1 days,advance
18:35:07,19 days,advance
18:35:23,10 days,advance
18:35:23,17 days,advance
18:36:56,1 days,advance
18:42:48,1 days,advance
18:44:05,10 days,advance
18:46:49,1 days,advance
18:46:54,17 days,advance
18:51:03,5 days,advance
18:53:56,1 days,advance
18:54:02,0 days,off-peak
18:56:30,18 days,advance
18:59:29,18 days,advance
19:15:09,0 days,off-peak
19:16:54,1 days,advance
19:22:04,5 days,advance
19:26:33,3 days,advance
19:30:51,3 days,advance
19:33:54,2 days,advance
19:34:25,3 days,advance
19:34:41,1 days,advance
19:34:49,11 days,advance
19:43:37,1 days,advance
19:44:53,14 days,advance
20:02:43,18 days,advance
20:06:40,0 days,off-peak
20:15:41,3 days,advance
20:16:10,17 days,advance
20:22:46,1 days,advance
20:25:22,2 days,advance
20:25:33,3 days,advance
20:25:46,17 days,advance
20:27:34,5 days,advance
20:29:06,9 days,advance
20:29:45,3 days,advance
20:29:59,18 days,advance
20:30:11,10 days,advance
20:32:50,13 days,advance
20:33:16,6 days,advance
20:33:56,2 days,advance
20:35:54,6 days,advance
20:38:38,10 days,advance
20:38:47,17 days,advance
20:47:56,1 days,advance
20:49:47,1 days,advance
20:59:48,0 days,off-peak
21:25:45,7 days,advance
21:32:20,15 days,advance
21:41:11,1 days,advance
21:45:10,4 days,advance
21:57:04,1 days,advance
21:59:35,6 days,advance
22:07:50,13 days,advance
22:13:05,7 days,advance
22:13:16,16 days,advance
22:41:26,1 days,advance
22:49:57,8 days,advance
22:50:59,1 days,advance
23:01:48,1 days,advance
23:07:34,1 days,advance
23:08:10,6 days,advance
23:10:13,16 days,advance
23:24:48,14 days,advance
23:34:50,10 days,advance
23:36:19,11 days,advance
23:36:47,19 days,advance
23:41:53,19 days,advance
23:48:46,10 days,advance
00:05:09,0 days,off-peak
00:06:36,2 days,advance
00:07:36,0 days,off-peak
00:31:29,11 days,advance
00:41:10,0 days,off-peak
00:44:08,0 days,off-peak
01:03:56,0 days,off-peak
01:04:28,1 days,advance
01:16:53,0 days,off-peak
01:24:42,17 days,advance
01:31:49,0 days,off-peak
01:33:54,14 days,advance
01:35:32,0 days,off-peak
01:43:16,1 days,advance
01:55:08,3 days,advance
02:04:04,12 days,advance
02:06:32,3 days,advance
02:08:37,1 days,advance
02:14:53,1 days,advance
02:23:01,0 days,off-peak
02:29:39,13 days,advance
02:52:36,0 days,off-peak
03:06:14,0 days,off-peak
03:07:44,0 days,off-peak
03:23:50,1 days,advance
03:25:21,12 days,advance
03:30:50,1 days,advance
03:39:45,1 days,advance
03:41:06,10 days,advance
03:48:13,12 days,advance
03:49:54,18 days,advance
03:50:35,0 days,off-peak
03:51:14,6 days,advance
03:53:39,1 days,advance
03:54:54,7 days,advance
03:56:14,1 days,advance
03:59:01,1 days,advance
04:28:18,1 days,advance
04:39:24,0 days,off-peak
04:47:00,4 days,advance
04:48:01,0 days,off-peak
04:50:53,0 days,off-peak
04:53:49,4 days,advance
04:54:29,0 days,off-peak
04:56:05,0 days,off-peak
05:00:57,0 days,off-peak
05:01:39,0 days,off-peak
05:14:50,0 days,off-peak
05:21:56,1 days,advance
05:23:21,1 days,advance
05:30:35,0 days,off-peak
05:31:21,0 days,off-peak
05:58:37,0 days,off-peak
06:01:45,9 days,advance
06:02:28,0 days,off-peak
06:07:59,0 days,off-peak
06:10:13,0 days,off-peak
06:11:13,10 days,advance
06:11:18,0 days,off-peak
06:12:33,16 days,advance
06:13:10,0 days,off-peak
06:15:08,14 days,advance
06:20:50,8 days,advance
06:24:37,0 days,off-peak
06:29:57,0 days,off-peak
06:33:28,3 days,advance
06:33:40,15 days,advance
06:34:37,1 days,advance
06:52:04,18 days,advance
07:10:11,12 days,advance
07:24:39,13 days,advance
07:25:54,0 days,off-peak
07:26:54,0 days,off-peak
07:28:10,0 days,off-peak
07:30:52,0 days,off-peak
07:32:38,0 days,off-peak
07:35:54,0 days,off-peak
07:39:06,9 days,advance
07:40:04,15 days,advance
07:41:10,1 days,advance
07:41:33,1 days,advance
07:43:20,18 days,advance
07:47:31,12 days,advance
07:48:46,6 days,advance
07:50:31,1 days,advance
07:54:34,1 days,advance
07:55:26,15 days,advance
07:58:36,3 days,advance
07:58:41,1 days,advance
07:59:37,4 days,advance
07:59:45,13 days,advance
07:59:54,15 days,advance
08:00:20,17 days,advance
08:04:56,1 days,advance
08:05:28,9 days,advance
08:06:00,1 days,advance
08:07:07,1 days,advance
08:07:58,12 days,advance
08:08:17,11 days,advance
08:08:19,10 days,advance
08:08:38,5 days,advance
08:10:07,12 days,advance
08:10:10,1 days,advance
08:10:36,1 days,advance
08:10:48,18 days,advance
08:11:55,17 days,advance
08:12:38,2 days,advance
08:15:01,0 days,off-peak
08:15:57,12 days,advance
08:16:53,1 days,advance
08:18:11,1 days,advance
08:18:38,2 days,advance
08:18:41,1 days,advance
08:18:56,1 days,advance
08:19:48,15 days,advance
08:20:27,1 days,advance
08:20:58,7 days,advance
08:22:16,7 days,advance
08:23:06,10 days,advance
08:23:32,2 days,advance
08:23:39,0 days,off-peak
08:23:51,7 days,advance
08:26:25,2 days,advance
08:27:42,13 days,advance
08:38:31,2 days,advance
08:48:09,10 days,advance
08:49:25,7 days,advance
08:53:16,1 days,advance
08:56:48,1 days,advance
09:00:14,1 days,advance
09:01:09,2 days,advance
09:02:30,14 days,advance
09:04:53,17 days,advance
09:05:04,1 days,advance
09:08:08,1 days,advance
09:10:32,14 days,advance
09:12:28,1 days,advance
09:25:00,9 days,advance
09:31:25,17 days,advance
09:32:02,0 days,off-peak
09:32:38,7 days,advance
09:35:10,11 days,advance
09:37:55,1 days,advance
09:42:48,15 days,advance
09:43:20,10 days,advance
09:44:16,10 days,advance
09:44:33,1 days,advance
09:48:21,13 days,advance
09:54:27,1 days,advance
09:55:18,0 days,off-peak
09:57:38,11 days,advance
09:58:34,1 days,advance
10:23:54,1 days,advance
10:24:20,10 days,advance
10:25:41,16 days,advance
10:26:15,14 days,advance
10:27:21,13 days,advance
10:31:15,1 days,advance
10:31:41,1 days,advance
10:33:06,0 days,off-peak
10:33:41,14 days,advance
10:34:30,18 days,advance
10:35:14,1 days,advance
10:36:05,8 days,advance
10:36:07,1 days,advance
10:36:27,1 days,advance
10:36:30,15 days,advance
10:40:50,13 days,advance
10:43:41,0 days,off-peak
10:44:16,0 days,off-peak
10:47:24,4 days,advance
10:50:41,9 days,advance
10:51:49,3 days,advance
10:52:39,0 days,off-peak
10:53:17,5 days,advance
10:58:25,16 days,advance
10:58:57,3 days,advance
11:20:10,12 days,advance
11:21:08,0 days,off-peak
11:24:50,0 days,off-peak
11:26:49,0 days,off-peak
11:50:08,0 days,off-peak
12:06:13,0 days,off-peak
12:11:12,0 days,off-peak
12:13:10,3 days,advance
12:22:43,13 days,advance
12:40:19,17 days,advance
12:42:35,7 days,advance
12:44:41,4 days,advance
12:49:12,9 days,advance
13:06:22,0 days,off-peak
13:16:05,1 days,advance
13:17:21,4 days,advance
13:21:10,0 days,off-peak
13:27:07,4 days,advance
13:31:02,1 days,advance
13:35:35,1 days,advance
13:39:25,1 days,advance
13:44:31,16 days,advance
14:07:11,1 days,advance
14:09:24,0 days,off-peak
14:22:08,1 days,advance
14:23:13,2 days,advance
14:25:37,8 days,advance
14:25:40,0 days,off-peak
14:25:44,11 days,advance
14:29:44,1 days,advance
14:29:49,15 days,advance
14:31:23,0 days,off-peak
14:31:44,1 days,advance
14:35:16,0 days,off-peak
14:35:19,0 days,off-peak
14:52:12,4 days,advance
14:53:08,9 days,advance
14:56:29,2 days,advance
15:00:53,10 days,advance
15:01:56,2 days,advance
15:02:22,9 days,advance
15:09:16,12 days,advance
15:12:09,0 days,off-peak
15:16:26,1 days,advance
15:22:24,0 days,off-peak
15:31:56,4 days,advance
15:32:58,0 days,off-peak
15:33:19,0 days,off-peak
15:38:49,8 days,advance
15:44:17,0 days,off-peak
15:46:45,1 days,advance
15:51:24,11 days,advance
15:53:14,0 days,off-peak
15:54:41,3 days,advance
15:56:52,0 days,off-peak
16:01:22,1 days,advance
16:02:29,0 days,off-peak
16:04:05,11 days,advance
16:04:17,0 days,off-peak
16:10:05,14 days,advance
16:12:39,0 days,off-peak
16:15:48,0 days,off-peak
16:19:28,1 days,advance
16:20:36,15 days,advance
16:33:03,2 days,advance
16:41:02,16 days,advance
16:48:04,18 days,advance
16:58:16,0 days,off-peak
17:09:24,0 days,off-peak
17:16:04,8 days,advance
17:20:14,3 days,advance
17:20:24,3 days,advance
17:22:37,0 days,off-peak
17:26:59,0 days,off-peak
17:27:15,1 days,advance
17:28:08,0 days,off-peak
17:29:29,0 days,off-peak
17:31:22,0 days,off-peak
17:32:55,16 days,advance
17:35:34,1 days,advance
17:35:46,1 days,advance
17:36:08,0 days,off-peak
17:37:29,0 days,off-peak
17:43:35,1 days,advance
17:43:40,5 days,advance
17:43:46,15 days,advance
17:45:51,3 days,advance
17:46:04,7 days,advance
17:49:27,1 days,advance
17:49:54,9 days,advance
17:53:01,9 days,advance
17:55:00,1 days,advance
17:58:31,2 days,advance
17:59:56,7 days,advance
18:00:26,11 days,advance
18:10:23,6 days,advance
18:11:08,0 days,off-peak
18:12:53,0 days,off-peak
18:14:40,1 days,advance
18:34:53,0 days,off-peak
18:35:23,9 days,advance
18:35:26,17 days,advance
18:48:09,10 days,advance
18:56:45,1 days,advance
18:56:55,1 days,advance
18:56:57,18 days,advance
18:57:26,15 days,advance
18:58:46,3 days,advance
19:04:03,4 days,advance
19:21:37,1 days,advance
19:27:30,1 days,advance
19:27:54,11 days,advance
19:29:27,9 days,advance
19:29:50,3 days,advance
19:31:08,7 days,advance
19:31:18,2 days,advance
19:33:27,1 days,advance
19:34:49,1 days,advance
19:35:26,1 days,advance
19:42:42,12 days,advance
19:50:01,0 days,off-peak
19:57:55,11 days,advance
20:01:40,16 days,advance
20:03:56,1 days,advance
20:05:15,0 days,off-peak
20:15:17,3 days,advance
20:16:25,4 days,advance
20:16:46,11 days,advance
20:17:45,5 days,advance
20:19:19,1 days,advance
20:20:54,3 days,advance
20:22:26,3 days,advance
20:22:28,13 days,advance
20:25:46,12 days,advance
20:26:40,13 days,advance
20:27:22,17 days,advance
20:28:31,13 days,advance
20:28:34,1 days,advance
20:29:14,18 days,advance
20:29:32,15 days,advance
20:29:49,1 days,advance
20:32:29,0 days,off-peak
20:34:00,5 days,advance
21:31:44,1 days,advance
21:32:54,8 days,advance
21:33:36,10 days,advance
21:38:12,4 days,advance
21:47:12,10 days,advance
21:55:11,1 days,advance
22:35:15,1 days,advance
23:07:09,12 days,advance
23:08:50,13 days,advance
23:11:08,1 days,advance
23:14:20,17 days,advance
23:47:36,14 days,advance
23:49:37,16 days,advance
23:56:06,13 days,advance
23:56:17,17 days,advance
00:00:44,0 days,off-peak
00:01:48,8 days,advance
00:02:06,17 days,advance
00:09:01,0 days,off-peak
00:11:30,12 days,advance
00:13:35,9 days,advance
00:24:02,8 days,advance
00:27:31,0 days,off-peak
00:28:48,4 days,advance
00:31:16,0 days,off-peak
00:34:43,0 days,off-peak
00:35:43,4 days,advance
00:45:11,0 days,off-peak
00:48:30,0 days,off-peak
01:11:49,16 days,advance
01:15:02,0 days,off-peak
01:18:55,0 days,off-peak
01:24:56,0 days,off-peak
01:40:14,11 days,advance
01:44:44,1 days,advance
02:07:01,0 days,off-peak
02:17:47,1 days,advance
03:05:17,14 days,advance
03:09:00,0 days,off-peak
03:19:47,12 days,advance
03:29:23,16 days,advance
03:33:38,1 days,advance
03:34:34,7 days,advance
03:35:28,0 days,off-peak
03:35:36,13 days,advance
03:37:51,5 days,advance
03:49:39,3 days,advance
03:54:59,10 days,advance
03:57:58,11 days,advance
04:03:02,17 days,advance
04:04:47,7 days,advance
04:24:36,0 days,off-peak
04:28:09,0 days,off-peak
04:29:26,0 days,off-peak
04:42:58,0 days,anytime
04:54:34,10 days,advance
05:02:10,3 days,advance
05:06:59,6 days,advance
05:09:04,15 days,advance
05:11:05,0 days,anytime
05:13:41,15 days,advance
05:15:42,14 days,advance
05:27:12,0 days,anytime
05:27:19,0 days,anytime
05:31:31,14 days,advance
05:42:43,0 days,anytime
05:49:13,6 days,advance
05:57:11,6 days,advance
06:00:12,1 days,advance
06:00:33,2 days,advance
06:00:37,3 days,advance
06:01:45,7 days,advance
06:02:50,10 days,advance
06:03:49,10 days,advance
06:04:03,0 days,anytime
06:04:21,1 days,advance
06:06:52,0 days,anytime
06:08:56,0 days,anytime
06:10:22,13 days,advance
06:30:00,1 days,advance
06:30:46,0 days,anytime
06:32:22,1 days,advance
06:34:38,0 days,anytime
06:38:13,0 days,anytime
06:45:13,0 days,anytime
06:53:19,0 days,anytime
06:54:25,9 days,advance
06:59:46,17 days,advance
07:19:00,8 days,advance
07:19:57,0 days,anytime
07:21:22,1 days,advance
07:22:28,0 days,anytime
07:22:38,0 days,anytime
07:22:56,0 days,anytime
07:29:12,8 days,advance
07:36:07,3 days,advance
07:38:03,0 days,off-peak
07:39:27,0 days,off-peak
07:45:31,8 days,advance
07:47:04,0 days,anytime
07:48:09,13 days,advance
07:49:48,16 days,advance
07:51:47,4 days,advance
07:52:06,1 days,advance
07:53:42,8 days,advance
07:54:34,1 days,advance
07:55:06,5 days,advance
08:00:28,5 days,advance
08:03:47,13 days,advance
08:05:01,7 days,advance
08:05:25,6 days,advance
08:09:18,1 days,advance
08:10:26,16 days,advance
08:12:11,6 days,advance
08:14:18,1 days,advance
08:15:50,1 days,advance
08:17:11,7 days,advance
08:19:34,1 days,advance
08:20:40,10 days,advance
08:21:07,3 days,advance
08:22:46,1 days,advance
08:22:55,13 days,advance
08:25:14,3 days,advance
08:25:27,1 days,advance
08:26:10,0 days,off-peak
08:26:21,0 days,off-peak
08:26:41,6 days,advance
08:27:47,6 days,advance
08:28:24,1 days,advance
08:29:35,15 days,advance
08:37:30,1 days,advance
08:39:12,17 days,advance
08:41:25,1 days,advance
09:00:44,15 days,advance
09:00:51,1 days,advance
09:02:07,13 days,advance
09:02:39,16 days,advance
09:05:10,1 days,advance
09:05:41,9 days,advance
09:09:19,12 days,advance
09:10:27,1 days,advance
09:11:52,12 days,advance
09:29:51,1 days,advance
09:30:24,17 days,advance
09:34:49,1 days,advance
09:36:06,0 days,off-peak
09:38:45,12 days,advance
09:39:58,16 days,advance
09:40:41,15 days,advance
09:42:59,3 days,advance
09:43:08,15 days,advance
09:46:02,12 days,advance
09:52:18,16 days,advance
09:55:28,1 days,advance
10:06:13,1 days,advance
10:17:53,0 days,off-peak
10:29:59,1 days,advance
10:30:40,14 days,advance
10:31:41,1 days,advance
10:43:26,10 days,advance
10:43:41,12 days,advance
10:47:10,7 days,advance
10:54:29,7 days,advance
11:13:58,6 days,advance
11:20:50,13 days,advance
11:32:26,1 days,advance
11:37:34,0 days,off-peak
11:37:36,17 days,advance
12:02:50,2 days,advance
12:06:34,14 days,advance
12:08:50,12 days,advance
12:13:31,1 days,advance
12:31:31,1 days,advance
12:31:57,16 days,advance
12:32:03,14 days,advance
12:41:16,17 days,advance
12:43:50,7 days,advance
12:51:36,11 days,advance
12:59:28,0 days,off-peak
13:16:20,0 days,off-peak
13:28:13,16 days,advance
13:37:13,0 days,off-peak
13:40:16,14 days,advance
13:54:40,15 days,advance
14:05:38,1 days,advance
14:20:43,0 days,off-peak
14:37:50,0 days,anytime
14:38:34,1 days,advance
14:43:57,1 days,advance
14:52:35,14 days,advance
14:52:57,4 days,advance
14:53:27,17 days,advance
14:57:26,0 days,anytime
15:00:37,11 days,advance
15:01:51,7 days,advance
15:12:06,0 days,anytime
15:15:00,1 days,advance
15:15:33,1 days,advance
15:16:57,10 days,advance
15:17:15,7 days,advance
15:21:47,2 days,advance
15:31:01,14 days,advance
15:39:22,0 days,anytime
15:44:11,0 days,anytime
15:54:32,0 days,anytime
15:55:19,5 days,advance
16:02:37,0 days,anytime
16:04:39,0 days,anytime
16:07:09,9 days,advance
16:07:46,1 days,advance
16:09:13,0 days,anytime
16:16:11,2 days,advance
16:16:19,16 days,advance
16:37:56,16 days,advance
16:37:59,17 days,advance
16:45:42,1 days,advance
17:06:28,1 days,advance
17:10:41,0 days,anytime
17:15:13,10 days,advance
17:15:48,0 days,anytime
17:18:19,0 days,anytime
17:22:24,0 days,anytime
17:25:50,5 days,advance
17:25:57,1 days,advance
17:26:12,0 days,anytime
17:26:15,5 days,advance
17:27:50,0 days,anytime
17:29:16,16 days,advance
17:31:16,17 days,advance
17:32:14,4 days,advance
17:35:20,8 days,advance
17:38:14,9 days,advance
17:38:36,16 days,advance
17:42:06,10 days,advance
17:42:54,6 days,advance
17:43:45,15 days,advance
17:50:43,1 days,advance
17:55:21,1 days,advance
17:59:42,17 days,advance
18:05:06,1 days,advance
18:06:27,11 days,advance
18:12:56,1 days,advance
18:15:39,0 days,anytime
18:17:14,0 days,off-peak
18:20:19,0 days,anytime
18:23:58,0 days,anytime
18:23:59,0 days,anytime
18:24:20,0 days,anytime
18:31:23,1 days,advance
18:42:25,1 days,advance
18:51:07,11 days,advance
18:51:24,1 days,advance
18:56:25,1 days,advance
18:57:16,7 days,advance
18:58:18,0 days,off-peak
18:59:00,16 days,advance
18:59:23,0 days,off-peak
18:59:30,1 days,advance
19:08:13,0 days,off-peak
19:20:25,11 days,advance
19:27:34,1 days,advance
19:28:23,8 days,advance
19:30:13,7 days,advance
19:33:57,7 days,advance
19:34:10,9 days,advance
19:34:59,6 days,advance
19:36:02,10 days,advance
19:40:34,1 days,advance
19:42:29,4 days,advance
19:44:47,8 days,advance
19:53:25,14 days,advance
19:54:08,9 days,advance
20:15:42,13 days,advance
20:16:12,9 days,advance
20:16:55,1 days,advance
20:17:21,15 days,advance
20:18:24,7 days,advance
20:20:14,1 days,advance
20:21:44,16 days,advance
20:21:57,17 days,advance
20:22:17,12 days,advance
20:22:57,9 days,advance
20:23:09,7 days,advance
20:24:02,6 days,advance
20:25:47,12 days,advance
20:26:36,1 days,advance
20:26:41,9 days,advance
20:26:49,7 days,advance
20:28:17,5 days,advance
20:28:39,8 days,advance
20:28:45,1 days,advance
20:28:56,7 days,advance
20:29:21,1 days,advance
20:31:17,14 days,advance
20:34:33,8 days,advance
20:36:35,0 days,off-peak
20:39:44,14 days,advance
20:42:07,0 days,off-peak
20:44:10,0 days,off-peak
20:45:31,0 days,off-peak
21:19:41,14 days,advance
21:32:27,6 days,advance
21:32:46,1 days,advance
21:35:15,1 days,advance
21:44:18,7 days,advance
21:44:32,6 days,advance
21:49:13,14 days,advance
21:54:14,16 days,advance
21:54:44,17 days,advance
21:56:18,11 days,advance
21:59:10,2 days,advance
22:01:50,16 days,advance
22:11:43,1 days,advance
22:43:11,1 days,advance
23:05:31,1 days,advance
23:10:27,7 days,advance
23:14:57,1 days,advance
23:33:29,1 days,advance
23:38:41,2 days,advance
23:45:06,8 days,advance
23:45:19,13 days,advance
23:54:26,2 days,advance
23:55:23,9 days,advance
23:57:48,6 days,advance
00:01:10,4 days,advance
00:11:38,14 days,advance
00:12:53,13 days,advance
00:18:27,0 days,off-peak
00:23:41,0 days,off-peak
00:25:23,14 days,advance
00:29:18,13 days,advance
00:32:15,8 days,advance
00:44:54,7 days,advance
01:07:21,1 days,advance
01:21:55,0 days,off-peak
01:29:46,1 days,advance
01:34:07,16 days,advance
01:36:38,13 days,advance
01:39:43,1 days,advance
02:01:41,1 days,advance
02:05:49,0 days,off-peak
02:11:40,9 days,advance
02:38:16,1 days,advance
02:52:46,0 days,off-peak
02:54:34,0 days,off-peak
03:04:50,6 days,advance
03:09:16,16 days,advance
03:12:02,1 days,advance
03:17:35,4 days,advance
03:18:28,13 days,advance
03:19:26,1 days,advance
03:40:45,12 days,advance
03:42:12,14 days,advance
03:42:21,14 days,advance
03:44:16,1 days,advance
03:45:14,5 days,advance
03:53:17,1 days,advance
04:03:07,15 days,advance
04:05:22,0 days,off-peak
04:05:28,3 days,advance
04:05:44,1 days,advance
04:07:32,1 days,advance
04:18:10,0 days,off-peak
04:37:59,0 days,anytime
04:43:22,1 days,advance
04:45:37,0 days,anytime
04:49:29,8 days,advance
04:50:52,0 days,anytime
05:02:43,0 days,anytime
05:03:37,0 days,anytime
05:25:04,9 days,advance
05:29:18,10 days,advance
05:51:01,1 days,advance
05:59:03,0 days,anytime
05:59:31,14 days,advance
06:02:26,0 days,anytime
06:02:45,15 days,advance
06:10:04,0 days,anytime
06:32:06,0 days,anytime
06:32:54,0 days,anytime
06:34:35,0 days,anytime
06:35:17,0 days,anytime
06:35:18,0 days,anytime
06:40:00,7 days,advance
06:44:24,7 days,advance
06:56:13,14 days,advance
07:08:48,0 days,anytime
07:15:12,0 days,anytime
07:16:14,0 days,anytime
07:18:15,0 days,anytime
07:21:21,0 days,anytime
07:25:58,0 days,anytime
07:27:25,4 days,advance
07:28:13,0 days,anytime
07:28:38,1 days,advance
07:28:59,10 days,advance
07:35:29,6 days,advance
07:39:17,12 days,advance
07:42:16,0 days,off-peak
07:46:08,9 days,advance
07:47:27,16 days,advance
07:47:53,11 days,advance
07:51:59,15 days,advance
08:01:30,4 days,advance
08:02:16,4 days,advance
08:03:25,1 days,advance
08:04:15,11 days,advance
08:04:51,12 days,advance
08:05:01,2 days,advance
08:06:19,2 days,advance
08:06:48,8 days,advance
08:07:25,4 days,advance
08:07:37,6 days,advance
08:08:47,13 days,advance
08:11:08,4 days,advance
08:12:20,14 days,advance
08:14:35,6 days,advance
08:14:42,1 days,advance
08:17:03,14 days,advance
08:18:25,16 days,advance
08:22:12,2 days,advance
08:24:04,15 days,advance
08:24:27,2 days,advance
08:25:57,10 days,advance
08:26:11,1 days,advance
08:26:18,16 days,advance
08:28:49,10 days,advance
08:29:03,14 days,advance
08:29:51,11 days,advance
08:41:45,1 days,advance
08:46:10,7 days,advance
08:59:11,7 days,advance
09:00:03,10 days,advance
09:01:00,0 days,off-peak
09:02:34,3 days,advance
09:05:16,2 days,advance
09:06:11,1 days,advance
09:11:09,1 days,advance
09:11:33,11 days,advance
09:11:35,16 days,advance
09:13:33,1 days,advance
09:23:48,4 days,advance
09:32:05,11 days,advance
09:32:21,5 days,advance
09:36:06,0 days,off-peak
09:36:24,10 days,advance
09:39:27,0 days,off-peak
09:40:48,16 days,advance
09:43:48,3 days,advance
09:44:44,1 days,advance
09:44:57,1 days,advance
09:45:44,1 days,advance
09:56:04,16 days,advance
09:57:06,1 days,advance
09:59:36,8 days,advance
10:00:39,0 days,off-peak
10:02:34,11 days,advance
10:25:20,1 days,advance
10:26:44,1 days,advance
10:27:55,0 days,off-peak
10:29:56,7 days,advance
10:31:12,14 days,advance
10:36:39,1 days,advance
10:37:06,1 days,advance
10:39:57,3 days,advance
10:46:28,12 days,advance
10:47:21,0 days,off-peak
10:56:30,15 days,advance
11:21:36,10 days,advance
11:55:52,0 days,off-peak
11:57:53,1 days,advance
12:04:15,0 days,off-peak
12:04:51,1 days,advance
12:14:05,11 days,advance
12:16:03,0 days,off-peak
12:21:50,12 days,advance
12:31:31,1 days,advance
12:33:44,11 days,advance
12:37:54,1 days,advance
12:38:41,6 days,advance
12:43:59,0 days,off-peak
12:44:20,8 days,advance
12:47:40,1 days,advance
13:25:18,3 days,advance
13:32:17,1 days,advance
13:32:38,1 days,advance
13:36:03,8 days,advance
13:36:11,0 days,off-peak
13:37:21,0 days,off-peak
13:38:06,1 days,advance
13:44:43,7 days,advance
13:57:00,0 days,off-peak
14:02:28,0 days,off-peak
14:02:49,0 days,off-peak
14:14:31,1 days,advance
14:16:48,1 days,advance
14:17:54,10 days,advance
14:22:30,16 days,advance
14:29:49,1 days,advance
14:29:54,1 days,advance
14:31:10,0 days,anytime
14:31:18,11 days,advance
14:31:33,1 days,advance
14:32:20,2 days,advance
14:35:42,0 days,anytime
14:38:48,0 days,anytime
14:40:49,0 days,anytime
14:48:42,0 days,anytime
14:49:43,1 days,advance
14:54:51,0 days,anytime
14:55:01,1 days,advance
14:55:14,1 days,advance
14:56:09,1 days,advance
14:59:09,0 days,anytime
15:01:06,12 days,advance
15:04:29,0 days,anytime
15:06:13,15 days,advance
15:09:57,9 days,advance
15:14:13,1 days,advance
15:16:32,12 days,advance
15:17:08,0 days,anytime
15:24:32,0 days,anytime
15:24:58,0 days,anytime
15:26:50,16 days,advance
15:33:21,8 days,advance
15:37:27,0 days,anytime
15:40:19,0 days,anytime
15:48:08,1 days,advance
15:48:28,9 days,advance
15:52:46,4 days,advance
16:00:23,0 days,anytime
16:02:47,1 days,advance
16:07:20,0 days,anytime
16:07:53,0 days,anytime
16:15:56,16 days,advance
16:22:15,0 days,anytime
16:24:25,6 days,advance
16:26:12,11 days,advance
16:27:28,0 days,anytime
16:32:27,6 days,advance
16:51:59,0 days,anytime
17:00:18,9 days,advance
17:05:01,0 days,anytime
17:09:34,4 days,advance
17:11:04,0 days,anytime
17:12:53,0 days,anytime
17:13:24,1 days,advance
17:13:53,0 days,anytime
17:15:00,0 days,anytime
17:15:03,0 days,anytime
17:18:03,0 days,anytime
17:19:33,16 days,advance
17:19:37,0 days,anytime
17:19:38,0 days,anytime
17:19:54,0 days,anytime
17:22:09,1 days,advance
17:24:19,0 days,anytime
17:26:25,0 days,anytime
17:30:05,4 days,advance
17:33:07,1 days,advance
17:33:52,1 days,advance
17:34:54,1 days,advance
17:36:51,8 days,advance
17:37:11,1 days,advance
17:37:40,7 days,advance
17:42:34,5 days,advance
17:43:52,8 days,advance
17:49:06,1 days,advance
17:51:23,1 days,advance
17:53:12,6 days,advance
17:55:22,15 days,advance
18:08:06,1 days,advance
18:12:11,0 days,anytime
18:12:17,13 days,advance
18:14:45,0 days,anytime
18:33:59,7 days,advance
18:40:52,14 days,advance
18:40:57,0 days,off-peak
18:45:32,13 days,advance
18:46:54,0 days,off-peak
18:50:06,15 days,advance
18:55:57,3 days,advance
18:56:42,0 days,off-peak
18:58:54,3 days,advance
19:14:47,0 days,off-peak
19:21:42,2 days,advance
19:23:21,1 days,advance
19:23:33,12 days,advance
19:24:10,9 days,advance
19:25:38,1 days,advance
19:30:15,5 days,advance
19:32:43,9 days,advance
19:35:10,1 days,advance
19:43:52,14 days,advance
19:50:26,11 days,advance
20:08:14,1 days,advance
20:16:15,1 days,advance
20:16:26,1 days,advance
20:16:27,10 days,advance
20:18:37,4 days,advance
20:18:58,1 days,advance
20:20:10,14 days,advance
20:20:50,10 days,advance
20:21:12,8 days,advance
20:21:18,3 days,advance
20:22:18,2 days,advance
20:23:40,13 days,advance
20:23:59,1 days,advance
20:24:20,2 days,advance
20:24:45,8 days,advance
20:26:51,9 days,advance
20:28:11,4 days,advance
20:33:32,13 days,advance
20:33:34,1 days,advance
20:34:28,2 days,advance
20:45:08,0 days,off-peak
20:48:19,1 days,advance
20:53:35,10 days,advance
21:08:29,16 days,advance
21:30:49,15 days,advance
21:45:37,17 days,advance
21:49:58,7 days,advance
21:54:26,10 days,advance
21:57:07,14 days,advance
21:58:23,2 days,advance
21:58:32,6 days,advance
22:25:45,1 days,advance
22:25:53,4 days,advance
23:02:01,4 days,advance
23:08:06,1 days,advance
23:09:58,3 days,advance
23:11:16,3 days,advance
23:14:25,3 days,advance
23:22:19,1 days,advance
23:34:03,1 days,advance
23:43:42,1 days,advance
23:45:18,2 days,advance
23:53:44,1 days,advance
23:55:53,7 days,advance
00:06:22,4 days,advance
00:16:35,0 days,off-peak
00:21:54,8 days,advance
00:22:14,13 days,advance
01:06:49,7 days,advance
01:08:12,0 days,off-peak
01:13:15,4 days,advance
01:14:52,0 days,off-peak
01:21:06,2 days,advance
01:24:01,12 days,advance
01:24:41,0 days,off-peak
01:25:36,0 days,off-peak
01:28:09,0 days,off-peak
01:29:17,1 days,advance
01:32:34,8 days,advance
01:40:38,4 days,advance
01:47:53,1 days,advance
01:56:13,1 days,advance
01:56:28,14 days,advance
02:03:32,8 days,advance
02:06:11,0 days,off-peak
02:11:02,1 days,advance
02:14:32,14 days,advance
02:35:43,2 days,advance
02:38:52,3 days,advance
02:55:56,0 days,off-peak
03:03:16,1 days,advance
03:03:18,0 days,off-peak
03:04:13,14 days,advance
03:07:38,0 days,off-peak
03:09:15,0 days,off-peak
03:14:08,0 days,off-peak
03:18:54,6 days,advance
03:25:51,7 days,advance
03:27:40,0 days,off-peak
03:41:17,6 days,advance
03:46:34,9 days,advance
03:46:46,5 days,advance
03:48:12,1 days,advance
03:54:08,1 days,advance
04:12:45,0 days,off-peak
04:21:56,0 days,off-peak
04:44:50,14 days,advance
04:46:49,1 days,advance
04:55:01,0 days,anytime
05:01:31,0 days,anytime
05:02:24,0 days,anytime
05:03:07,1 days,advance
05:04:03,0 days,anytime
05:06:15,0 days,anytime
05:07:39,10 days,advance
05:07:53,0 days,anytime
05:19:32,10 days,advance
05:22:15,11 days,advance
05:37:28,14 days,advance
05:46:49,1 days,advance
05:51:10,0 days,anytime
05:53:16,1 days,advance
05:53:18,10 days,advance
06:03:08,0 days,anytime
06:03:21,12 days,advance
06:10:09,1 days,advance
06:11:30,4 days,advance
06:13:52,10 days,advance
06:26:56,0 days,anytime
06:31:25,0 days,anytime
06:31:33,0 days,anytime
06:31:38,0 days,anytime
06:32:14,0 days,anytime
06:33:51,0 days,anytime
06:35:04,0 days,anytime
06:40:17,0 days,anytime
06:52:47,0 days,anytime
07:15:56,12 days,advance
07:16:34,0 days,anytime
07:18:58,0 days,anytime
07:20:34,4 days,advance
07:23:39,0 days,anytime
07:24:27,0 days,anytime
07:26:53,0 days,anytime
07:28:56,3 days,advance
07:38:03,0 days,off-peak
07:40:07,15 days,advance
07:46:02,1 days,advance
07:50:36,1 days,advance
07:53:37,14 days,advance
07:53:46,1 days,advance
07:54:40,10 days,advance
07:55:44,1 days,advance
07:56:20,5 days,advance
07:56:35,2 days,advance
07:58:04,0 days,off-peak
07:58:47,1 days,advance
08:00:43,1 days,advance
08:00:58,1 days,advance
08:02:35,1 days,advance
08:02:40,1 days,advance
08:02:47,3 days,advance
08:03:16,1 days,advance
08:03:29,11 days,advance
08:05:49,2 days,advance
08:06:29,8 days,advance
08:09:07,9 days,advance
08:10:19,9 days,advance
08:10:42,4 days,advance
08:20:09,13 days,advance
08:20:28,7 days,advance
08:22:47,11 days,advance
08:23:00,2 days,advance
08:23:13,6 days,advance
08:24:12,14 days,advance
08:25:20,8 days,advance
08:27:09,6 days,advance
08:27:45,7 days,advance
08:52:14,4 days,advance
08:55:20,2 days,advance
09:00:34,12 days,advance
09:01:55,1 days,advance
09:03:48,14 days,advance
09:06:58,4 days,advance
09:08:31,10 days,advance
09:08:47,14 days,advance
09:08:57,5 days,advance
09:12:05,8 days,advance
09:13:16,8 days,advance
09:18:18,1 days,advance
09:29:13,8 days,advance
09:29:24,14 days,advance
09:30:36,4 days,advance
09:31:04,1 days,advance
09:33:00,0 days,off-peak
09:34:17,3 days,advance
09:36:52,11 days,advance
09:37:17,9 days,advance
09:41:54,8 days,advance
09:43:27,11 days,advance
09:45:16,8 days,advance
09:53:08,1 days,advance
09:55:46,3 days,advance
10:02:40,9 days,advance
10:16:25,1 days,advance
10:25:12,2 days,advance
10:25:48,15 days,advance
10:30:33,0 days,off-peak
10:33:57,2 days,advance
10:36:30,0 days,off-peak
10:41:16,0 days,off-peak
10:53:47,1 days,advance
11:22:06,0 days,off-peak
11:27:21,0 days,off-peak
11:28:58,1 days,advance
11:38:03,0 days,off-peak
11:49:10,11 days,advance
11:51:33,10 days,advance
11:57:09,1 days,advance
12:03:14,11 days,advance
12:37:08,5 days,advance
12:37:36,1 days,advance
12:37:43,2 days,advance
12:42:12,1 days,advance
12:46:02,0 days,off-peak
12:47:43,10 days,advance
12:48:28,0 days,off-peak
12:57:40,0 days,off-peak
12:58:29,15 days,advance
12:59:22,0 days,off-peak
13:17:15,0 days,off-peak
13:20:02,1 days,advance
13:22:51,3 days,advance
13:30:08,7 days,advance
13:31:34,2 days,advance
13:43:05,3 days,advance
13:50:18,4 days,advance
13:55:08,0 days,off-peak
14:01:13,11 days,advance
14:18:22,6 days,advance
14:24:31,1 days,advance
14:29:06,11 days,advance
14:31:16,0 days,anytime
14:36:06,0 days,anytime
14:46:07,0 days,anytime
14:46:08,8 days,advance
14:49:13,12 days,advance
14:49:30,0 days,anytime
14:51:29,0 days,anytime
14:54:56,0 days,anytime
14:58:15,1 days,advance
15:17:27,6 days,advance
15:18:42,0 days,anytime
15:20:09,14 days,advance
15:21:33,0 days,anytime
15:28:26,2 days,advance
15:34:15,0 days,anytime
15:40:58,12 days,advance
15:41:25,9 days,advance
15:46:24,0 days,anytime
15:47:31,0 days,anytime
15:48:23,11 days,advance
15:53:38,0 days,anytime
15:58:50,0 days,anytime
16:02:19,10 days,advance
16:03:53,0 days,anytime
16:05:39,0 days,anytime
16:18:36,15 days,advance
16:25:13,0 days,anytime
16:25:14,14 days,advance
16:29:38,1 days,advance
16:34:51,0 days,anytime
16:34:54,4 days,advance
16:39:14,1 days,advance
16:39:35,6 days,advance
16:40:13,8 days,advance
17:00:52,0 days,anytime
17:16:40,0 days,anytime
17:18:19,1 days,advance
17:20:37,1 days,advance
17:22:33,0 days,anytime
17:24:20,0 days,anytime
17:25:19,0 days,anytime
17:25:34,10 days,advance
17:26:16,0 days,anytime
17:29:33,0 days,anytime
17:29:37,6 days,advance
17:30:32,7 days,advance
17:30:39,12 days,advance
17:31:05,5 days,advance
17:31:53,4 days,advance
17:32:26,8 days,advance
17:32:28,1 days,advance
17:32:39,4 days,advance
17:34:23,1 days,advance
17:41:16,14 days,advance
17:42:10,10 days,advance
17:42:40,1 days,advance
17:47:02,3 days,advance
17:52:13,14 days,advance
17:54:28,7 days,advance
17:56:04,8 days,advance
17:56:10,4 days,advance
17:57:03,12 days,advance
17:57:09,14 days,advance
18:04:50,7 days,advance
18:05:55,7 days,advance
18:19:08,0 days,anytime
18:19:13,0 days,off-peak
18:31:03,0 days,off-peak
18:32:14,1 days,advance
18:32:17,11 days,advance
18:33:13,0 days,off-peak
18:37:22,1 days,advance
18:37:55,1 days,advance
18:43:59,1 days,advance
18:49:25,7 days,advance
18:49:56,0 days,off-peak
18:53:11,5 days,advance
18:54:36,1 days,advance
18:55:16,11 days,advance
18:57:58,1 days,advance
19:03:11,4 days,advance
19:22:12,1 days,advance
19:22:47,7 days,advance
19:24:48,0 days,off-peak
19:25:06,9 days,advance
19:28:37,15 days,advance
19:28:57,5 days,advance
19:30:03,4 days,advance
19:31:22,5 days,advance
19:32:58,13 days,advance
19:33:16,4 days,advance
19:33:49,1 days,advance
19:34:22,7 days,advance
19:35:35,12 days,advance
19:41:23,1 days,advance
19:43:32,12 days,advance
19:44:56,1 days,advance
20:01:39,0 days,off-peak
20:04:08,0 days,off-peak
20:10:05,4 days,advance
20:11:30,8 days,advance
20:12:43,0 days,off-peak
20:15:01,13 days,advance
20:15:35,11 days,advance
20:17:07,13 days,advance
20:18:24,7 days,advance
20:20:16,1 days,advance
20:20:18,1 days,advance
20:22:29,14 days,advance
20:22:47,1 days,advance
20:24:23,7 days,advance
20:24:36,1 days,advance
20:25:21,13 days,advance
20:25:30,1 days,advance
20:27:51,3 days,advance
20:28:33,6 days,advance
20:28:44,8 days,advance
20:29:15,3 days,advance
20:29:34,1 days,advance
20:31:22,1 days,advance
20:31:22,0 days,off-peak
20:31:52,10 days,advance
20:32:07,1 days,advance
20:34:28,3 days,advance
20:34:49,5 days,advance
20:38:17,0 days,off-peak
20:56:53,5 days,advance
20:59:47,0 days,off-peak
21:19:16,13 days,advance
21:31:28,1 days,advance
21:36:42,11 days,advance
21:47:41,6 days,advance
21:47:52,7 days,advance
21:58:28,1 days,advance
22:10:43,1 days,advance
22:14:16,3 days,advance
22:35:19,1 days,advance
23:02:29,1 days,advance
23:03:05,6 days,advance
23:05:30,1 days,advance
23:08:50,1 days,advance
23:36:25,12 days,advance
23:39:36,1 days,advance
23:43:47,8 days,advance
23:47:12,3 days,advance
23:52:30,12 days,advance
23:55:13,1 days,advance
23:55:53,12 days,advance
23:57:55,10 days,advance
00:25:40,0 days,off-peak
00:26:42,0 days,off-peak
00:33:56,7 days,advance
00:41:27,0 days,off-peak
01:23:30,6 days,advance
02:01:22,12 days,advance
03:01:18,1 days,advance
03:03:35,7 days,advance
03:03:38,1 days,advance
03:03:48,9 days,advance
03:19:41,3 days,advance
03:27:28,0 days,off-peak
03:37:09,1 days,advance
03:51:45,1 days,advance
04:06:36,2 days,advance
04:17:02,0 days,off-peak
04:50:32,0 days,anytime
05:04:23,0 days,anytime
05:10:24,0 days,anytime
05:14:23,0 days,anytime
05:16:26,8 days,advance
05:26:06,5 days,advance
05:28:09,0 days,anytime
05:37:06,1 days,advance
05:46:15,7 days,advance
05:51:18,9 days,advance
06:00:28,2 days,advance
06:02:50,4 days,advance
06:03:39,1 days,advance
06:05:30,0 days,anytime
06:08:35,2 days,advance
06:09:10,1 days,advance
06:09:43,0 days,anytime
06:30:34,0 days,anytime
06:32:12,0 days,anytime
06:32:27,1 days,advance
06:32:33,0 days,anytime
06:35:36,0 days,anytime
06:37:15,0 days,anytime
06:40:14,0 days,anytime
06:50:07,0 days,anytime
06:58:50,13 days,advance
07:16:35,0 days,anytime
07:16:35,0 days,anytime
07:27:58,0 days,anytime
07:31:18,3 days,advance
07:33:31,5 days,advance
07:40:25,0 days,off-peak
07:46:29,12 days,advance
07:47:45,3 days,advance
07:48:35,0 days,anytime
07:50:38,14 days,advance
07:56:46,11 days,advance
07:59:45,5 days,advance
08:00:44,5 days,advance
08:05:04,7 days,advance
08:05:55,5 days,advance
08:08:57,14 days,advance
08:09:18,1 days,advance
08:10:18,11 days,advance
08:18:08,11 days,advance
08:20:28,8 days,advance
08:23:15,1 days,advance
08:23:48,10 days,advance
08:25:17,12 days,advance
08:36:14,0 days,off-peak
08:41:34,3 days,advance
08:43:17,1 days,advance
09:00:00,2 days,advance
09:00:30,1 days,advance
09:01:04,3 days,advance
09:03:00,3 days,advance
09:03:43,9 days,advance
09:08:30,1 days,advance
09:10:57,1 days,advance
09:14:43,11 days,advance
09:26:31,2 days,advance
09:30:28,1 days,advance
09:31:41,0 days,off-peak
09:32:20,1 days,advance
09:33:20,0 days,off-peak
09:39:47,1 days,advance
09:40:09,0 days,off-peak
09:40:11,13 days,advance
09:42:58,12 days,advance
09:54:22,8 days,advance
10:14:16,1 days,advance
10:16:51,0 days,off-peak
10:27:20,1 days,advance
10:27:56,7 days,advance
10:32:13,4 days,advance
10:34:44,9 days,advance
10:36:26,0 days,off-peak
10:40:05,1 days,advance
10:46:38,1 days,advance
10:56:58,12 days,advance
10:58:07,6 days,advance
11:00:06,11 days,advance
11:09:37,0 days,off-peak
11:15:25,11 days,advance
11:26:22,5 days,advance
11:56:14,1 days,advance
11:57:03,10 days,advance
12:02:22,1 days,advance
12:10:12,1 days,advance
12:31:20,4 days,advance
12:31:47,0 days,off-peak
12:32:17,0 days,off-peak
12:32:28,7 days,advance
12:39:38,3 days,advance
12:48:27,0 days,off-peak
12:51:07,0 days,off-peak
13:06:20,1 days,advance
13:23:20,1 days,advance
13:23:21,0 days,off-peak
13:24:56,0 days,off-peak
13:28:30,11 days,advance
13:29:53,1 days,advance
13:31:00,0 days,off-peak
13:31:50,1 days,advance
13:35:05,10 days,advance
13:36:46,1 days,advance
13:41:57,2 days,advance
13:44:45,1 days,advance
13:49:22,5 days,advance
14:11:25,0 days,off-peak
14:31:18,1 days,advance
14:34:04,13 days,advance
14:34:45,14 days,advance
14:35:55,1 days,advance
14:37:13,0 days,anytime
14:42:05,0 days,anytime
14:44:19,1 days,advance
14:44:38,0 days,anytime
14:49:31,0 days,anytime
14:50:02,0 days,anytime
14:51:32,8 days,advance
14:52:34,0 days,anytime
14:52:40,0 days,anytime
14:53:56,0 days,anytime
15:01:47,0 days,off-peak
15:02:08,1 days,advance
15:10:56,8 days,advance
15:11:24,1 days,advance
15:20:02,0 days,anytime
15:21:17,1 days,advance
15:24:54,0 days,anytime
15:28:06,11 days,advance
15:29:43,7 days,advance
15:32:48,0 days,anytime
15:34:14,7 days,advance
15:52:28,0 days,anytime
15:54:06,0 days,anytime
15:57:30,6 days,advance
16:01:05,1 days,advance
16:04:48,14 days,advance
16:05:53,1 days,advance
16:09:44,2 days,advance
16:11:24,0 days,anytime
16:12:58,0 days,anytime
16:13:45,0 days,anytime
16:16:19,0 days,anytime
16:16:28,1 days,advance
16:19:00,4 days,advance
16:32:09,2 days,advance
16:40:08,4 days,advance
17:01:41,4 days,advance
17:05:33,7 days,advance
17:05:39,0 days,anytime
17:08:58,4 days,advance
17:19:01,1 days,advance
17:20:40,3 days,advance
17:21:12,0 days,anytime
17:25:12,1 days,advance
17:25:24,7 days,advance
17:29:57,0 days,anytime
17:30:15,8 days,advance
17:31:06,1 days,advance
17:32:42,1 days,advance
17:36:37,14 days,advance
17:37:49,4 days,advance
17:38:53,7 days,advance
17:39:10,13 days,advance
17:41:28,10 days,advance
17:41:44,2 days,advance
17:43:30,1 days,advance
17:44:26,9 days,advance
17:49:36,8 days,advance
17:49:38,3 days,advance
17:50:13,1 days,advance
17:51:57,4 days,advance
17:53:04,4 days,advance
18:18:33,0 days,anytime
18:19:15,0 days,anytime
18:19:33,0 days,anytime
18:32:56,0 days,off-peak
18:35:29,13 days,advance
18:41:44,14 days,advance
18:44:50,13 days,advance
18:50:37,1 days,advance
18:57:57,4 days,advance
19:07:41,0 days,off-peak
19:14:46,1 days,advance
19:22:04,6 days,advance
19:29:40,6 days,advance
19:31:45,1 days,advance
19:33:30,11 days,advance
19:33:43,2 days,advance
19:36:44,11 days,advance
19:37:43,14 days,advance
19:38:49,10 days,advance
19:39:35,5 days,advance
19:44:29,1 days,advance
20:03:48,3 days,advance
20:15:25,3 days,advance
20:15:39,2 days,advance
20:15:54,7 days,advance
20:15:57,10 days,advance
20:16:52,5 days,advance
20:18:17,1 days,advance
20:19:42,1 days,advance
20:21:15,1 days,advance
20:23:36,1 days,advance
20:24:12,4 days,advance
20:24:38,3 days,advance
20:25:22,1 days,advance
20:26:01,1 days,advance
20:26:38,1 days,advance
20:28:21,1 days,advance
20:28:28,0 days,off-peak
20:28:51,6 days,advance
20:32:54,14 days,advance
20:37:16,9 days,advance
20:43:21,0 days,off-peak
20:46:56,1 days,advance
21:45:27,8 days,advance
21:45:42,2 days,advance
21:51:10,7 days,advance
21:53:06,3 days,advance
22:04:01,6 days,advance
22:14:48,11 days,advance
22:18:39,1 days,advance
22:57:29,1 days,advance
23:03:06,9 days,advance
23:03:16,7 days,advance
23:08:21,8 days,advance
23:08:38,3 days,advance
23:10:15,14 days,advance
23:10:17,1 days,advance
23:45:04,13 days,advance
23:59:51,1 days,advance
00:11:08,9 days,advance
00:22:36,10 days,advance
00:26:56,0 days,off-peak
00:30:37,0 days,off-peak
00:31:46,0 days,off-peak
00:32:59,12 days,advance
00:38:39,0 days,off-peak
01:15:10,8 days,advance
01:16:17,0 days,off-peak
01:27:43,0 days,off-peak
01:32:38,1 days,advance
01:56:02,12 days,advance
02:06:13,13 days,advance
02:14:21,0 days,off-peak
02:15:42,0 days,off-peak
02:54:14,1 days,advance
03:06:56,1 days,advance
03:08:35,1 days,advance
03:08:38,0 days,off-peak
03:20:47,4 days,advance
03:33:56,6 days,advance
03:35:18,9 days,advance
03:38:23,1 days,advance
03:41:44,11 days,advance
03:44:21,10 days,advance
03:53:21,0 days,off-peak
03:58:59,11 days,advance
04:05:46,4 days,advance
04:12:45,0 days,off-peak
04:20:46,0 days,off-peak
04:46:10,0 days,anytime
04:47:29,1 days,advance
05:00:40,0 days,anytime
05:10:24,0 days,anytime
05:12:16,9 days,advance
05:13:43,0 days,anytime
05:14:27,1 days,advance
05:29:35,1 days,advance
05:49:11,2 days,advance
05:52:49,1 days,advance
05:54:53,0 days,anytime
05:56:19,1 days,advance
06:05:39,0 days,anytime
06:10:10,0 days,anytime
06:12:57,11 days,advance
06:15:32,0 days,anytime
06:30:48,0 days,anytime
06:36:54,0 days,anytime
06:40:36,0 days,anytime
06:43:30,0 days,anytime
07:16:21,0 days,anytime
07:16:36,0 days,anytime
07:23:04,0 days,anytime
07:25:00,0 days,anytime
07:26:32,0 days,anytime
07:27:06,1 days,advance
07:27:44,7 days,advance
07:35:17,0 days,off-peak
07:36:35,0 days,off-peak
07:37:23,1 days,advance
07:37:50,12 days,advance
07:46:09,1 days,advance
07:47:28,4 days,advance
07:48:41,0 days,off-peak
07:49:28,2 days,advance
07:52:22,8 days,advance
07:52:35,1 days,advance
07:54:01,12 days,advance
07:54:33,13 days,advance
07:57:36,10 days,advance
08:01:01,5 days,advance
08:01:08,1 days,advance
08:04:37,9 days,advance
08:06:09,11 days,advance
08:07:02,6 days,advance
08:09:23,2 days,advance
08:10:03,5 days,advance
08:10:36,12 days,advance
08:14:12,9 days,advance
08:14:24,6 days,advance
08:16:11,1 days,advance
08:18:33,12 days,advance
08:18:58,12 days,advance
08:20:44,11 days,advance
08:20:51,3 days,advance
08:23:51,1 days,advance
08:24:45,5 days,advance
08:25:48,12 days,advance
08:27:30,12 days,advance
08:29:09,8 days,advance
08:29:28,12 days,advance
08:32:47,0 days,off-peak
08:35:49,11 days,advance
09:00:22,5 days,advance
09:01:01,1 days,advance
09:01:49,4 days,advance
09:02:45,12 days,advance
09:05:27,8 days,advance
09:07:12,3 days,advance
09:08:18,0 days,off-peak
09:08:29,1 days,advance
09:09:53,9 days,advance
09:11:36,0 days,off-peak
09:21:00,1 days,advance
09:30:38,10 days,advance
09:32:26,9 days,advance
09:34:40,13 days,advance
09:34:59,7 days,advance
09:35:18,12 days,advance
09:36:29,5 days,advance
09:41:10,12 days,advance
09:43:51,1 days,advance
09:44:07,0 days,off-peak
09:54:16,1 days,advance
09:58:34,11 days,advance
10:15:54,7 days,advance
10:21:52,0 days,off-peak
10:23:26,9 days,advance
10:26:58,13 days,advance
10:31:43,1 days,advance
10:33:03,8 days,advance
10:36:48,2 days,advance
10:37:11,1 days,advance
10:37:18,0 days,off-peak
10:38:13,7 days,advance
10:45:49,4 days,advance
10:48:01,5 days,advance
10:50:57,1 days,advance
10:52:18,11 days,advance
10:53:53,7 days,advance
11:31:26,0 days,off-peak
11:37:24,1 days,advance
11:39:35,12 days,advance
11:52:37,1 days,advance
11:56:36,6 days,advance
12:12:46,11 days,advance
12:19:28,1 days,advance
12:21:07,1 days,advance
12:24:17,6 days,advance
12:32:31,1 days,advance
13:39:34,6 days,advance
13:54:28,0 days,off-peak
14:16:28,0 days,off-peak
14:27:31,9 days,advance
14:30:01,0 days,anytime
14:31:08,8 days,advance
14:35:23,0 days,anytime
14:36:54,0 days,anytime
14:38:13,0 days,anytime
14:42:52,1 days,advance
14:44:18,11 days,advance
14:47:44,4 days,advance
14:56:36,2 days,advance
15:06:10,1 days,advance
15:12:13,2 days,advance
15:19:28,0 days,anytime
15:30:10,6 days,advance
15:36:45,0 days,anytime
15:45:19,0 days,anytime
15:48:04,0 days,anytime
15:54:36,1 days,advance
15:58:51,0 days,anytime
16:07:26,3 days,advance
16:09:39,0 days,anytime
16:45:37,0 days,anytime
16:48:05,1 days,advance
16:56:37,1 days,advance
17:01:32,1 days,advance
17:03:08,1 days,advance
17:04:07,3 days,advance
17:07:19,1 days,advance
17:18:29,9 days,advance
17:18:38,1 days,advance
17:21:28,6 days,advance
17:23:32,6 days,advance
17:29:02,0 days,anytime
17:29:59,1 days,advance
17:30:59,2 days,advance
17:35:08,9 days,advance
17:36:52,9 days,advance
17:38:21,13 days,advance
17:40:44,13 days,advance
17:41:52,11 days,advance
17:46:26,6 days,advance
17:49:05,7 days,advance
17:51:32,5 days,advance
18:03:59,7 days,advance
18:05:58,7 days,advance
18:07:38,1 days,advance
18:10:42,7 days,advance
18:24:59,0 days,anytime
18:36:43,1 days,advance
18:38:56,6 days,advance
18:42:11,0 days,off-peak
18:49:38,5 days,advance
18:58:08,13 days,advance
19:07:32,0 days,off-peak
19:20:45,1 days,advance
19:28:46,8 days,advance
19:30:26,5 days,advance
19:31:52,0 days,off-peak
19:32:41,4 days,advance
19:33:57,12 days,advance
19:37:49,8 days,advance
19:39:56,6 days,advance
19:42:51,5 days,advance
19:44:41,5 days,advance
20:04:52,1 days,advance
20:10:24,5 days,advance
20:16:15,10 days,advance
20:16:51,11 days,advance
20:18:23,5 days,advance
20:18:42,1 days,advance
20:19:24,1 days,advance
20:19:58,1 days,advance
20:20:57,11 days,advance
20:21:04,11 days,advance
20:21:21,2 days,advance
20:23:57,7 days,advance
20:25:20,1 days,advance
20:25:52,1 days,advance
20:29:38,8 days,advance
20:29:39,12 days,advance
20:29:51,1 days,advance
20:31:04,9 days,advance
20:32:05,1 days,advance
20:32:36,1 days,advance
20:33:14,3 days,advance
20:33:19,3 days,advance
20:33:52,0 days,off-peak
20:33:58,2 days,advance
20:51:50,0 days,off-peak
21:42:04,2 days,advance
21:51:45,4 days,advance
22:01:05,3 days,advance
22:33:32,1 days,advance
23:04:21,1 days,advance
23:05:19,1 days,advance
23:10:30,13 days,advance
23:11:54,12 days,advance
23:14:54,5 days,advance
23:33:49,2 days,advance
23:46:54,1 days,advance
23:50:55,9 days,advance
23:55:18,11 days,advance
00:04:05,4 days,advance
00:20:16,2 days,advance
00:34:40,0 days,off-peak
01:07:04,1 days,advance
01:07:56,0 days,off-peak
01:17:12,8 days,advance
01:24:25,1 days,advance
01:25:37,0 days,off-peak
01:25:56,0 days,off-peak
01:28:24,1 days,advance
02:07:26,1 days,advance
02:08:03,2 days,advance
02:50:41,0 days,off-peak
03:09:22,0 days,off-peak
03:13:09,0 days,off-peak
03:14:29,0 days,off-peak
03:23:02,1 days,advance
03:26:08,1 days,advance
03:26:37,6 days,advance
03:26:42,5 days,advance
03:32:20,1 days,advance
03:42:54,4 days,advance
03:47:28,1 days,advance
03:50:17,1 days,advance
03:51:08,11 days,advance
03:52:40,1 days,advance
03:58:38,0 days,off-peak
04:55:02,0 days,off-peak
04:58:11,0 days,off-peak
05:04:43,12 days,advance
05:09:22,0 days,off-peak
05:11:05,0 days,off-peak
05:33:23,0 days,off-peak
05:37:08,0 days,off-peak
05:49:22,0 days,off-peak
06:02:03,2 days,advance
06:03:29,0 days,off-peak
06:10:15,10 days,advance
06:11:26,9 days,advance
06:14:18,0 days,off-peak
06:32:28,0 days,off-peak
06:36:04,0 days,off-peak
06:44:43,0 days,off-peak
06:45:30,0 days,off-peak
07:16:24,0 days,off-peak
07:17:49,0 days,off-peak
07:24:10,0 days,off-peak
07:33:40,0 days,off-peak
07:38:05,0 days,off-peak
07:48:22,1 days,advance
07:53:01,1 days,advance
07:56:27,10 days,advance
07:58:01,8 days,advance
07:59:15,0 days,off-peak
08:00:44,4 days,advance
08:01:26,10 days,advance
08:05:51,7 days,advance
08:07:24,5 days,advance
08:08:27,1 days,advance
08:09:14,5 days,advance
08:11:43,3 days,advance
08:12:23,9 days,advance
08:15:31,7 days,advance
08:19:03,1 days,advance
08:19:19,1 days,advance
08:20:55,8 days,advance
08:22:47,1 days,advance
08:23:10,4 days,advance
08:24:05,9 days,advance
08:28:55,2 days,advance
08:29:31,1 days,advance
08:29:31,2 days,advance
08:48:56,0 days,off-peak
08:58:16,0 days,off-peak
09:01:46,1 days,advance
09:08:44,1 days,advance
09:13:15,1 days,advance
09:13:47,0 days,off-peak
09:14:32,1 days,advance
09:30:48,5 days,advance
09:32:21,3 days,advance
09:33:22,1 days,advance
09:34:59,0 days,off-peak
09:35:55,2 days,advance
09:36:11,0 days,off-peak
09:43:32,1 days,advance
09:44:51,1 days,advance
09:49:16,7 days,advance
10:13:57,10 days,advance
10:15:23,0 days,off-peak
10:19:04,10 days,advance
10:20:54,0 days,off-peak
10:27:12,11 days,advance
10:31:02,12 days,advance
10:43:41,0 days,off-peak
10:58:49,6 days,advance
11:02:24,0 days,off-peak
11:04:26,5 days,advance
11:15:27,3 days,advance
11:18:56,0 days,off-peak
11:43:59,1 days,advance
11:52:42,0 days,off-peak
11:54:31,0 days,off-peak
12:04:15,0 days,off-peak
12:07:56,0 days,off-peak
12:09:28,0 days,off-peak
12:20:45,8 days,advance
12:34:41,3 days,advance
12:56:58,4 days,advance
12:58:14,7 days,advance
13:03:38,0 days,off-peak
13:19:23,1 days,advance
13:21:20,0 days,off-peak
13:22:01,0 days,off-peak
13:31:24,0 days,off-peak
13:37:08,9 days,advance
13:38:29,1 days,advance
13:39:01,9 days,advance
13:47:20,3 days,advance
14:03:55,2 days,advance
14:14:32,0 days,off-peak
14:24:17,0 days,off-peak
14:27:31,1 days,advance
14:31:39,0 days,off-peak
14:39:04,0 days,off-peak
14:47:05,12 days,advance
14:50:19,5 days,advance
14:51:54,3 days,advance
14:52:32,0 days,off-peak
14:54:37,0 days,off-peak
14:57:50,8 days,advance
14:59:50,2 days,advance
15:02:09,1 days,advance
15:03:32,1 days,advance
15:08:40,8 days,advance
15:09:03,10 days,advance
15:18:33,0 days,off-peak
15:23:08,1 days,advance
15:41:43,0 days,off-peak
15:47:57,1 days,advance
15:57:48,0 days,off-peak
16:05:49,0 days,off-peak
16:09:21,0 days,off-peak
16:11:10,13 days,advance
16:17:02,1 days,advance
16:22:37,3 days,advance
16:28:13,6 days,advance
16:40:48,10 days,advance
17:05:52,2 days,advance
17:08:03,1 days,advance
17:14:53,11 days,advance
17:16:37,0 days,off-peak
17:21:15,0 days,off-peak
17:22:33,10 days,advance
17:23:55,0 days,off-peak
17:24:29,6 days,advance
17:26:24,1 days,advance
17:27:44,1 days,advance
17:28:33,0 days,off-peak
17:36:18,8 days,advance
17:36:25,7 days,advance
17:38:22,5 days,advance
17:42:01,2 days,advance
17:42:25,10 days,advance
17:43:45,1 days,advance
17:44:11,10 days,advance
17:49:37,1 days,advance
17:49:49,3 days,advance
17:50:28,3 days,advance
17:54:52,1 days,advance
18:04:22,4 days,advance
18:08:58,2 days,advance
18:10:10,11 days,advance
18:13:39,0 days,off-peak
18:19:34,0 days,off-peak
18:34:01,5 days,advance
18:35:56,0 days,off-peak
18:36:48,3 days,advance
18:44:27,0 days,off-peak
18:45:11,6 days,advance
19:11:30,0 days,off-peak
19:20:02,4 days,advance
19:22:36,8 days,advance
19:24:31,10 days,advance
19:25:57,1 days,advance
19:29:22,8 days,advance
19:33:47,3 days,advance
19:38:14,10 days,advance
19:40:29,2 days,advance
19:42:19,11 days,advance
19:43:32,7 days,advance
19:43:50,3 days,advance
19:53:42,1 days,advance
19:58:00,9 days,advance
20:00:48,12 days,advance
20:02:42,11 days,advance
20:08:21,11 days,advance
20:16:16,12 days,advance
20:17:55,2 days,advance
20:18:31,4 days,advance
20:19:06,10 days,advance
20:23:35,3 days,advance
20:24:48,1 days,advance
20:28:07,4 days,advance
20:28:41,2 days,advance
20:29:02,9 days,advance
20:32:14,1 days,advance
20:32:45,0 days,off-peak
20:34:21,6 days,advance
20:37:56,10 days,advance
20:46:48,1 days,advance
21:28:50,8 days,advance
21:30:05,1 days,advance
21:45:57,1 days,advance
22:41:39,8 days,advance
22:44:49,1 days,advance
22:48:20,5 days,advance
22:53:35,8 days,advance
22:59:20,3 days,advance
23:02:05,7 days,advance
23:03:30,1 days,advance
23:04:18,1 days,advance
23:23:27,6 days,advance
23:45:40,11 days,advance
23:56:47,6 days,advance
00:02:32,0 days,off-peak
00:02:33,0 days,off-peak
00:08:13,8 days,advance
00:32:06,0 days,off-peak
00:32:54,0 days,off-peak
00:33:22,4 days,advance
00:46:25,1 days,advance
01:14:04,8 days,advance
01:15:35,0 days,off-peak
01:33:13,5 days,advance
01:41:19,1 days,advance
01:43:37,1 days,advance
02:06:59,0 days,off-peak
02:38:34,0 days,off-peak
02:46:56,0 days,off-peak
03:10:19,4 days,advance
03:23:53,7 days,advance
03:25:14,2 days,advance
03:26:23,11 days,advance
03:30:22,0 days,off-peak
03:42:53,7 days,advance
03:46:31,1 days,advance
03:59:39,0 days,off-peak
04:36:54,3 days,advance
04:38:53,0 days,off-peak
04:39:00,0 days,off-peak
04:51:18,0 days,off-peak
04:51:43,0 days,off-peak
05:09:33,0 days,off-peak
05:13:58,0 days,off-peak
05:19:26,8 days,advance
05:22:39,7 days,advance
05:46:00,6 days,advance
05:46:39,1 days,advance
06:08:49,11 days,advance
06:12:22,0 days,off-peak
06:14:18,6 days,advance
06:19:42,0 days,off-peak
06:22:48,3 days,advance
06:31:33,0 days,off-peak
06:39:23,0 days,off-peak
06:39:57,0 days,off-peak
06:41:06,4 days,advance
07:16:01,2 days,advance
07:16:48,0 days,off-peak
07:17:25,0 days,off-peak
07:20:29,0 days,off-peak
07:20:33,0 days,off-peak
07:21:03,0 days,off-peak
07:21:12,0 days,off-peak
07:23:15,0 days,off-peak
07:25:29,0 days,off-peak
07:28:16,0 days,off-peak
07:31:37,2 days,advance
07:39:14,0 days,off-peak
07:40:57,4 days,advance
07:41:46,0 days,off-peak
07:45:33,9 days,advance
07:45:46,1 days,advance
07:46:00,7 days,advance
07:46:49,9 days,advance
07:47:17,1 days,advance
07:48:10,1 days,advance
07:48:27,1 days,advance
07:53:01,9 days,advance
07:54:04,1 days,advance
07:57:34,8 days,advance
07:59:43,5 days,advance
08:02:23,1 days,advance
08:04:22,8 days,advance
08:06:21,3 days,advance
08:09:35,3 days,advance
08:11:20,1 days,advance
08:15:56,7 days,advance
08:20:56,9 days,advance
08:21:12,1 days,advance
08:21:17,11 days,advance
08:25:48,1 days,advance
08:27:30,1 days,advance
08:37:38,10 days,advance
08:43:44,5 days,advance
08:54:38,1 days,advance
09:12:10,1 days,advance
09:13:34,8 days,advance
09:20:35,0 days,off-peak
09:31:29,0 days,off-peak
09:34:59,1 days,advance
09:35:31,0 days,off-peak
09:38:00,2 days,advance
09:38:34,7 days,advance
09:40:00,3 days,advance
09:43:09,4 days,advance
09:43:13,1 days,advance
09:54:22,1 days,advance
10:17:44,2 days,advance
10:21:47,2 days,advance
10:32:35,0 days,off-peak
10:37:22,10 days,advance
10:41:57,4 days,advance
10:53:09,0 days,off-peak
10:56:02,2 days,advance
11:20:27,5 days,advance
11:27:42,7 days,advance
11:53:05,1 days,advance
11:57:01,0 days,off-peak
12:29:50,0 days,off-peak
12:30:45,3 days,advance
12:32:14,5 days,advance
12:34:05,11 days,advance
12:35:03,1 days,advance
12:35:59,3 days,advance
12:37:29,9 days,advance
12:41:03,8 days,advance
12:41:49,11 days,advance
13:26:19,0 days,off-peak
13:26:32,1 days,advance
13:35:25,6 days,advance
13:47:46,0 days,off-peak
14:38:30,0 days,off-peak
14:39:14,0 days,off-peak
14:43:33,1 days,advance
14:46:22,1 days,advance
14:51:01,7 days,advance
15:04:12,2 days,advance
15:08:49,3 days,advance
15:09:32,0 days,off-peak
15:12:36,1 days,advance
15:13:43,0 days,off-peak
15:15:48,5 days,advance
15:16:23,11 days,advance
15:21:10,0 days,off-peak
15:23:24,5 days,advance
15:23:43,0 days,off-peak
15:27:58,1 days,advance
15:49:37,1 days,advance
15:57:05,1 days,advance
15:59:41,5 days,advance
16:02:14,1 days,advance
16:08:50,0 days,off-peak
16:14:08,0 days,off-peak
16:25:08,5 days,advance
16:35:22,0 days,off-peak
16:57:10,0 days,off-peak
17:05:47,10 days,advance
17:07:33,6 days,advance
17:18:48,0 days,off-peak
17:20:53,0 days,off-peak
17:21:09,10 days,advance
17:23:51,0 days,off-peak
17:24:14,0 days,off-peak
17:31:21,2 days,advance
17:32:50,6 days,advance
17:32:53,1 days,advance
17:37:27,9 days,advance
17:41:58,9 days,advance
17:46:56,3 days,advance
17:53:38,9 days,advance
17:56:29,0 days,off-peak
17:57:18,2 days,advance
18:12:08,1 days,advance
18:14:40,2 days,advance
18:32:21,1 days,advance
18:33:28,8 days,advance
18:34:04,9 days,advance
18:50:08,0 days,off-peak
18:52:02,3 days,advance
18:52:15,1 days,advance
19:07:52,2 days,advance
19:24:12,1 days,advance
19:25:13,7 days,advance
19:26:13,1 days,advance
19:30:19,5 days,advance
19:32:11,6 days,advance
19:56:43,1 days,advance
20:00:25,0 days,off-peak
20:01:55,0 days,off-peak
20:05:11,0 days,off-peak
20:07:37,11 days,advance
20:11:25,0 days,off-peak
20:12:49,0 days,off-peak
20:15:41,1 days,advance
20:19:03,9 days,advance
20:19:25,3 days,advance
20:22:16,1 days,advance
20:22:20,1 days,advance
20:23:45,4 days,advance
20:23:49,6 days,advance
20:24:53,7 days,advance
20:25:21,9 days,advance
20:25:22,11 days,advance
20:25:48,1 days,advance
20:25:59,1 days,advance
20:27:38,3 days,advance
20:28:14,2 days,advance
20:31:28,5 days,advance
20:37:12,0 days,off-peak
20:47:09,0 days,off-peak
21:14:16,2 days,advance
21:40:08,8 days,advance
21:44:19,1 days,advance
21:52:51,1 days,advance
22:29:03,6 days,advance
22:32:15,1 days,advance
22:44:09,5 days,advance
22:50:51,9 days,advance
22:57:29,1 days,advance
23:03:39,1 days,advance
23:07:30,1 days,advance
23:11:40,1 days,advance
23:34:18,2 days,advance
00:08:36,10 days,advance
00:15:42,0 days,off-peak
00:22:23,0 days,off-peak
00:23:09,8 days,advance
00:24:07,0 days,off-peak
00:31:04,10 days,advance
00:40:42,0 days,off-peak
01:16:25,1 days,advance
01:19:59,3 days,advance
01:21:57,0 days,off-peak
01:24:40,1 days,advance
01:40:37,8 days,advance
01:53:41,0 days,off-peak
02:11:12,1 days,advance
02:11:13,7 days,advance
03:27:36,4 days,advance
03:34:29,0 days,off-peak
03:42:12,8 days,advance
03:46:04,1 days,advance
03:57:39,0 days,off-peak
04:00:01,2 days,advance
04:21:17,0 days,off-peak
04:36:42,1 days,advance
05:08:25,0 days,anytime
05:12:29,0 days,anytime
05:21:51,7 days,advance
05:29:41,0 days,anytime
05:59:31,1 days,advance
06:02:39,0 days,anytime
06:03:06,8 days,advance
06:05:05,10 days,advance
06:06:12,1 days,advance
06:09:34,10 days,advance
06:41:18,1 days,advance
07:19:43,0 days,anytime
07:24:09,10 days,advance
07:27:54,0 days,anytime
07:28:20,0 days,anytime
07:36:32,0 days,off-peak
07:37:36,1 days,advance
07:43:49,0 days,off-peak
07:45:55,3 days,advance
07:46:40,8 days,advance
07:47:52,8 days,advance
07:48:54,8 days,advance
07:56:38,8 days,advance
08:01:37,7 days,advance
08:10:33,3 days,advance
08:12:46,4 days,advance
08:13:27,9 days,advance
08:13:54,3 days,advance
08:16:02,2 days,advance
08:20:34,9 days,advance
08:23:16,4 days,advance
08:23:29,2 days,advance
08:24:22,1 days,advance
08:27:50,6 days,advance
08:29:29,6 days,advance
09:08:11,1 days,advance
09:13:07,6 days,advance
09:14:56,7 days,advance
09:22:37,0 days,off-peak
09:33:27,9 days,advance
09:33:29,1 days,advance
09:35:48,6 days,advance
09:36:16,7 days,advance
09:42:29,3 days,advance
09:49:40,8 days,advance
10:21:43,1 days,advance
10:33:27,1 days,advance
10:43:42,8 days,advance
10:46:38,5 days,advance
10:49:47,0 days,off-peak
10:52:55,10 days,advance
11:05:26,10 days,advance
11:11:05,1 days,advance
11:26:21,0 days,off-peak
11:53:31,1 days,advance
12:03:15,9 days,advance
12:10:42,1 days,advance
12:11:00,1 days,advance
12:13:19,8 days,advance
12:13:45,0 days,off-peak
12:22:47,1 days,advance
12:27:04,5 days,advance
12:34:37,6 days,advance
12:37:37,1 days,advance
12:46:48,2 days,advance
13:19:11,4 days,advance
13:34:02,3 days,advance
13:39:48,3 days,advance
13:41:27,0 days,off-peak
13:41:50,6 days,advance
13:48:22,0 days,off-peak
14:32:46,0 days,anytime
14:33:49,0 days,anytime
14:34:45,2 days,advance
14:37:06,0 days,anytime
14:37:56,0 days,anytime
14:40:43,4 days,advance
14:41:27,0 days,anytime
14:43:24,0 days,anytime
14:46:20,0 days,anytime
14:48:58,3 days,advance
14:53:52,0 days,anytime
14:57:54,1 days,advance
14:59:15,7 days,advance
15:08:24,0 days,anytime
15:09:29,1 days,advance
15:11:03,7 days,advance
15:12:29,6 days,advance
15:18:23,1 days,advance
15:23:14,6 days,advance
15:41:45,10 days,advance
15:54:31,0 days,anytime
15:58:31,6 days,advance
16:09:01,0 days,anytime
16:16:17,0 days,anytime
16:22:51,1 days,advance
16:28:02,7 days,advance
16:47:01,6 days,advance
17:11:28,1 days,advance
17:16:35,0 days,anytime
17:17:22,0 days,anytime
17:19:44,0 days,anytime
17:20:20,0 days,anytime
17:22:05,0 days,anytime
17:39:31,2 days,advance
17:41:09,0 days,off-peak
17:43:14,8 days,advance
17:44:28,1 days,advance
17:46:16,1 days,advance
17:49:21,1 days,advance
17:55:16,1 days,advance
17:57:13,1 days,advance
17:58:17,10 days,advance
18:09:14,2 days,advance
18:13:58,1 days,advance
18:20:08,0 days,anytime
18:21:50,0 days,anytime
18:31:02,7 days,advance
18:41:15,4 days,advance
18:50:09,1 days,advance
18:50:37,3 days,advance
18:52:21,2 days,advance
18:54:14,3 days,advance
18:55:47,0 days,off-peak
19:20:33,4 days,advance
19:22:45,0 days,off-peak
19:26:09,3 days,advance
19:30:26,1 days,advance
19:34:48,1 days,advance
19:35:06,6 days,advance
19:36:11,5 days,advance
19:53:04,8 days,advance
20:04:28,3 days,advance
20:13:49,5 days,advance
20:18:19,9 days,advance
20:20:19,3 days,advance
20:21:50,4 days,advance
20:23:37,8 days,advance
20:25:01,1 days,advance
20:28:07,6 days,advance
20:28:38,4 days,advance
20:28:41,7 days,advance
20:29:38,6 days,advance
20:29:58,1 days,advance
20:34:57,4 days,advance
20:35:42,9 days,advance
20:43:42,0 days,off-peak
20:44:22,9 days,advance
21:10:04,4 days,advance
21:48:01,6 days,advance
21:59:06,1 days,advance
22:50:16,1 days,advance
23:03:50,1 days,advance
23:48:59,9 days,advance
23:56:15,10 days,advance
00:02:01,6 days,advance
02:31:33,7 days,advance
03:05:31,7 days,advance
03:13:20,1 days,advance
03:20:10,0 days,off-peak
03:27:18,5 days,advance
03:39:39,7 days,advance
03:47:09,0 days,off-peak
03:51:00,1 days,advance
04:00:50,1 days,advance
04:44:50,2 days,advance
04:47:39,0 days,anytime
04:51:02,0 days,anytime
04:52:21,0 days,anytime
04:52:53,0 days,anytime
05:02:09,0 days,anytime
05:09:29,8 days,advance
05:09:59,1 days,advance
05:12:00,0 days,anytime
05:22:30,0 days,anytime
05:25:31,1 days,advance
05:33:09,1 days,advance
05:50:14,8 days,advance
05:55:05,0 days,anytime
06:03:49,11 days,advance
06:14:55,2 days,advance
06:28:07,1 days,advance
06:32:27,0 days,anytime
06:36:10,0 days,anytime
06:39:56,0 days,anytime
06:44:57,0 days,anytime
06:48:58,8 days,advance
07:14:42,0 days,anytime
07:15:09,0 days,anytime
07:21:14,1 days,advance
07:22:00,0 days,anytime
07:25:07,0 days,anytime
07:27:26,1 days,advance
07:27:52,0 days,anytime
07:47:54,4 days,advance
07:48:25,0 days,off-peak
07:56:14,3 days,advance
07:57:15,7 days,advance
07:58:22,9 days,advance
08:00:58,5 days,advance
08:02:07,1 days,advance
08:10:03,5 days,advance
08:11:04,9 days,advance
08:11:45,5 days,advance
08:12:56,5 days,advance
08:14:07,3 days,advance
08:21:50,2 days,advance
08:22:49,1 days,advance
08:23:11,1 days,advance
08:23:38,3 days,advance
08:24:07,3 days,advance
08:26:53,3 days,advance
08:29:13,1 days,advance
08:37:29,4 days,advance
08:43:20,2 days,advance
08:45:25,1 days,advance
08:56:17,2 days,advance
09:13:10,1 days,advance
09:30:29,1 days,advance
09:33:15,9 days,advance
09:38:06,2 days,advance
09:38:33,1 days,advance
09:42:37,6 days,advance
09:58:46,3 days,advance
10:11:23,0 days,off-peak
10:16:16,8 days,advance
10:35:45,4 days,advance
10:40:40,1 days,advance
10:49:15,1 days,advance
11:17:21,9 days,advance
11:24:15,8 days,advance
11:39:43,0 days,off-peak
11:43:27,0 days,off-peak
11:43:34,0 days,off-peak
11:50:06,1 days,advance
11:59:15,0 days,off-peak
12:03:50,0 days,off-peak
12:34:30,1 days,advance
12:37:25,0 days,off-peak
12:38:15,0 days,off-peak
13:29:36,1 days,advance
14:31:10,0 days,anytime
14:36:58,1 days,advance
14:49:47,6 days,advance
14:58:45,0 days,anytime
14:59:59,1 days,advance
15:02:05,1 days,advance
15:07:59,1 days,advance
15:09:51,1 days,advance
15:17:30,0 days,anytime
15:32:46,8 days,advance
15:44:08,3 days,advance
15:46:52,7 days,advance
15:47:42,11 days,advance
16:11:16,1 days,advance
16:14:32,0 days,anytime
16:23:19,1 days,advance
16:26:33,7 days,advance
16:35:25,1 days,advance
16:48:27,4 days,advance
17:19:44,1 days,advance
17:23:36,0 days,anytime
17:24:24,1 days,advance
17:25:41,0 days,anytime
17:26:37,1 days,advance
17:35:23,5 days,advance
17:40:06,2 days,advance
17:42:28,5 days,advance
17:43:03,3 days,advance
17:48:23,6 days,advance
17:51:12,9 days,advance
17:54:08,1 days,advance
17:56:24,1 days,advance
18:16:41,0 days,anytime
18:20:49,5 days,advance
18:43:00,1 days,advance
18:43:13,0 days,off-peak
18:43:17,8 days,advance
18:46:38,1 days,advance
18:49:17,0 days,off-peak
18:56:20,9 days,advance
18:56:51,0 days,off-peak
19:12:34,7 days,advance
19:20:32,1 days,advance
19:21:41,3 days,advance
19:22:42,4 days,advance
19:25:42,8 days,advance
19:31:09,1 days,advance
19:34:16,3 days,advance
20:16:54,5 days,advance
20:17:19,6 days,advance
20:19:55,1 days,advance
20:22:10,4 days,advance
20:22:59,1 days,advance
20:23:24,5 days,advance
20:23:38,1 days,advance
20:23:52,1 days,advance
20:26:58,7 days,advance
20:27:06,1 days,advance
20:28:04,6 days,advance
20:29:30,1 days,advance
20:37:20,8 days,advance
20:40:19,1 days,advance
20:49:54,0 days,off-peak
21:06:29,8 days,advance
21:11:41,9 days,advance
21:16:34,1 days,advance
21:20:03,1 days,advance
21:44:23,1 days,advance
21:46:53,1 days,advance
21:47:29,6 days,advance
22:28:41,9 days,advance
22:42:54,5 days,advance
22:43:26,1 days,advance
23:00:33,1 days,advance
23:01:45,1 days,advance
23:08:45,4 days,advance
23:46:12,1 days,advance
23:52:55,1 days,advance
00:05:07,1 days,advance
00:24:31,4 days,advance
00:33:35,0 days,off-peak
00:50:42,0 days,off-peak
01:23:30,0 days,off-peak
01:25:51,5 days,advance
01:37:10,1 days,advance
01:53:56,4 days,advance
02:28:44,0 days,off-peak
03:16:52,1 days,advance
03:50:58,1 days,advance
04:28:24,1 days,advance
04:39:12,8 days,advance
04:48:32,0 days,anytime
04:52:17,0 days,anytime
04:56:05,0 days,anytime
05:03:38,0 days,anytime
05:03:54,0 days,anytime
05:04:37,7 days,advance
05:06:11,0 days,anytime
05:10:43,0 days,anytime
05:11:57,0 days,anytime
05:16:06,2 days,advance
05:29:07,0 days,anytime
06:05:47,0 days,anytime
06:11:24,1 days,advance
06:18:45,1 days,advance
06:37:40,0 days,anytime
07:17:03,0 days,anytime
07:20:22,0 days,anytime
07:20:44,0 days,anytime
07:21:28,0 days,anytime
07:25:58,0 days,anytime
07:31:58,0 days,off-peak
07:34:44,0 days,off-peak
07:41:31,0 days,anytime
07:43:00,4 days,advance
07:49:08,5 days,advance
07:57:54,4 days,advance
08:01:17,8 days,advance
08:02:31,8 days,advance
08:03:52,7 days,advance
08:05:22,4 days,advance
08:05:44,3 days,advance
08:15:17,1 days,advance
08:17:25,5 days,advance
08:22:49,2 days,advance
08:25:06,4 days,advance
08:28:05,6 days,advance
08:30:38,6 days,advance
09:02:05,1 days,advance
09:07:09,4 days,advance
09:30:31,1 days,advance
09:38:23,1 days,advance
09:39:21,4 days,advance
09:41:07,2 days,advance
09:44:31,0 days,off-peak
09:57:55,0 days,off-peak
10:31:30,0 days,off-peak
10:35:22,8 days,advance
10:41:02,7 days,advance
10:52:08,0 days,off-peak
11:29:48,0 days,off-peak
11:31:31,0 days,off-peak
11:54:54,6 days,advance
11:57:48,0 days,off-peak
12:14:19,7 days,advance
12:56:54,0 days,off-peak
13:29:47,6 days,advance
13:30:53,1 days,advance
13:31:54,1 days,advance
14:17:14,0 days,off-peak
14:39:09,0 days,anytime
14:39:26,0 days,anytime
14:40:50,0 days,anytime
14:44:41,8 days,advance
14:45:13,7 days,advance
14:51:31,7 days,advance
14:54:22,2 days,advance
14:58:23,1 days,advance
15:17:08,1 days,advance
15:35:51,0 days,anytime
15:36:06,3 days,advance
15:43:41,5 days,advance
16:02:02,8 days,advance
16:12:48,0 days,anytime
16:21:38,5 days,advance
16:30:16,2 days,advance
16:38:39,1 days,advance
16:52:47,7 days,advance
17:18:45,0 days,anytime
17:19:44,0 days,anytime
17:23:41,0 days,anytime
17:23:53,0 days,anytime
17:27:49,0 days,anytime
17:33:52,6 days,advance
17:36:21,6 days,advance
17:42:59,6 days,advance
17:52:52,1 days,advance
17:58:55,5 days,advance
18:08:30,1 days,advance
18:37:46,8 days,advance
18:38:42,1 days,advance
18:44:38,1 days,advance
18:50:36,3 days,advance
19:21:06,5 days,advance
19:22:36,6 days,advance
19:28:20,2 days,advance
19:29:53,1 days,advance
19:31:33,1 days,advance
19:34:27,1 days,advance
20:01:25,0 days,off-peak
20:08:08,0 days,off-peak
20:16:15,1 days,advance
20:16:56,1 days,advance
20:19:16,5 days,advance
20:20:17,4 days,advance
20:21:16,5 days,advance
20:22:13,1 days,advance
20:23:26,4 days,advance
20:23:55,1 days,advance
20:28:42,2 days,advance
20:29:31,3 days,advance
20:31:00,7 days,advance
20:31:01,7 days,advance
20:34:37,0 days,off-peak
20:47:20,0 days,off-peak
20:49:11,6 days,advance
20:54:51,0 days,off-peak
21:33:59,6 days,advance
22:40:27,6 days,advance
23:02:30,1 days,advance
23:06:01,1 days,advance
23:19:45,1 days,advance
23:40:16,1 days,advance
23:57:03,1 days,advance
00:09:29,1 days,advance
00:23:47,7 days,advance
00:28:31,1 days,advance
00:29:47,0 days,off-peak
00:33:02,0 days,off-peak
00:39:38,0 days,off-peak
00:44:10,0 days,off-peak
01:20:56,0 days,off-peak
01:32:51,7 days,advance
01:34:26,1 days,advance
01:53:55,3 days,advance
01:59:50,3 days,advance
02:32:55,1 days,advance
03:13:28,0 days,off-peak
03:15:43,2 days,advance
03:27:05,2 days,advance
03:31:56,1 days,advance
03:34:29,1 days,advance
03:40:53,1 days,advance
03:40:54,0 days,off-peak
04:00:34,1 days,advance
04:49:28,0 days,anytime
05:18:28,0 days,anytime
05:37:36,0 days,anytime
05:40:26,0 days,anytime
05:59:38,7 days,advance
06:03:34,0 days,anytime
06:10:46,1 days,advance
06:13:50,0 days,anytime
06:27:44,5 days,advance
06:32:34,6 days,advance
06:32:55,0 days,anytime
06:36:11,0 days,anytime
06:37:17,1 days,advance
06:42:10,0 days,anytime
06:44:03,0 days,anytime
07:04:16,0 days,anytime
07:15:07,5 days,advance
07:17:50,0 days,anytime
07:35:20,7 days,advance
07:52:10,1 days,advance
07:52:54,2 days,advance
07:54:50,5 days,advance
07:55:16,7 days,advance
07:56:17,2 days,advance
07:57:35,4 days,advance
07:58:45,5 days,advance
07:58:52,7 days,advance
07:59:22,1 days,advance
07:59:40,6 days,advance
08:04:38,2 days,advance
08:09:45,1 days,advance
08:10:20,1 days,advance
08:10:25,3 days,advance
08:11:37,5 days,advance
08:18:18,1 days,advance
08:18:55,1 days,advance
08:22:37,7 days,advance
08:39:12,0 days,off-peak
08:44:28,0 days,off-peak
09:08:27,7 days,advance
09:14:34,2 days,advance
09:32:45,5 days,advance
09:38:46,4 days,advance
09:42:49,5 days,advance
09:49:04,0 days,off-peak
09:56:32,7 days,advance
10:17:10,3 days,advance
10:26:23,0 days,off-peak
10:27:12,1 days,advance
10:38:22,6 days,advance
10:40:33,0 days,off-peak
10:43:01,1 days,advance
11:44:44,0 days,off-peak
11:47:53,0 days,off-peak
11:53:31,7 days,advance
11:59:12,0 days,off-peak
12:04:51,0 days,off-peak
12:47:44,2 days,advance
13:17:17,8 days,advance
13:17:25,3 days,advance
13:40:45,3 days,advance
13:50:48,4 days,advance
14:12:53,1 days,advance
14:19:46,0 days,off-peak
14:31:44,0 days,anytime
14:37:25,0 days,anytime
14:42:27,6 days,advance
14:42:59,0 days,anytime
14:46:50,1 days,advance
14:50:25,1 days,advance
14:57:55,3 days,advance
15:10:50,0 days,anytime
15:11:23,1 days,advance
15:40:34,1 days,advance
15:56:31,4 days,advance
15:58:02,0 days,anytime
16:01:38,5 days,advance
16:07:15,0 days,anytime
16:14:34,1 days,advance
16:21:34,3 days,advance
16:26:13,7 days,advance
16:28:24,7 days,advance
16:30:09,7 days,advance
16:30:32,4 days,advance
16:44:49,3 days,advance
17:02:17,0 days,anytime
17:05:15,0 days,anytime
17:21:53,7 days,advance
17:23:03,7 days,advance
17:23:08,0 days,anytime
17:32:38,1 days,advance
17:34:14,5 days,advance
17:48:44,3 days,advance
17:55:57,1 days,advance
17:57:50,4 days,advance
18:35:06,6 days,advance
18:44:52,1 days,advance
18:53:54,2 days,advance
19:02:08,0 days,off-peak
19:22:18,0 days,off-peak
19:23:31,1 days,advance
19:26:09,5 days,advance
19:27:21,3 days,advance
19:28:32,1 days,advance
19:33:58,1 days,advance
19:37:14,6 days,advance
19:55:47,7 days,advance
20:15:24,6 days,advance
20:19:13,1 days,advance
20:20:06,5 days,advance
20:23:07,4 days,advance
20:23:18,1 days,advance
20:32:03,1 days,advance
21:28:59,3 days,advance
21:46:33,1 days,advance
21:54:43,7 days,advance
21:55:29,1 days,advance
21:57:56,1 days,advance
22:52:57,4 days,advance
23:06:44,6 days,advance
23:08:05,2 days,advance
23:33:50,1 days,advance
23:37:36,7 days,advance
23:43:42,1 days,advance
23:50:42,5 days,advance
23:54:57,1 days,advance
23:59:57,5 days,advance
00:10:12,5 days,advance
01:03:52,1 days,advance
01:31:50,6 days,advance
01:35:07,0 days,off-peak
01:45:19,1 days,advance
01:52:37,4 days,advance
01:59:38,1 days,advance
02:00:26,0 days,off-peak
02:11:08,1 days,advance
02:41:35,0 days,off-peak
02:51:29,0 days,off-peak
02:56:12,0 days,off-peak
03:01:00,3 days,advance
03:02:42,4 days,advance
03:06:48,6 days,advance
03:13:17,3 days,advance
03:30:06,1 days,advance
03:36:20,2 days,advance
04:11:35,3 days,advance
04:14:49,2 days,advance
04:24:38,0 days,off-peak
05:07:18,0 days,anytime
05:11:15,0 days,anytime
05:13:33,2 days,advance
05:19:10,1 days,advance
05:53:17,0 days,off-peak
05:54:51,0 days,anytime
05:58:07,1 days,advance
06:39:15,0 days,anytime
07:23:31,5 days,advance
07:30:46,0 days,off-peak
07:41:31,1 days,advance
07:45:50,1 days,advance
07:56:15,4 days,advance
08:07:41,3 days,advance
08:11:27,5 days,advance
08:18:50,4 days,advance
08:22:34,3 days,advance
08:26:08,2 days,advance
08:27:05,1 days,advance
08:48:28,1 days,advance
08:54:07,0 days,off-peak
09:02:09,5 days,advance
09:05:02,4 days,advance
09:10:06,1 days,advance
09:12:46,1 days,advance
09:19:33,0 days,off-peak
09:21:42,0 days,off-peak
09:31:44,0 days,off-peak
09:38:11,2 days,advance
09:42:46,1 days,advance
09:56:11,3 days,advance
10:19:24,1 days,advance
10:23:15,0 days,off-peak
10:38:29,2 days,advance
10:46:12,0 days,off-peak
11:25:13,3 days,advance
11:39:44,0 days,off-peak
12:00:37,6 days,advance
12:03:51,1 days,advance
12:36:04,1 days,advance
12:41:11,4 days,advance
12:41:32,1 days,advance
13:17:10,2 days,advance
13:24:37,0 days,off-peak
14:04:53,0 days,off-peak
14:28:16,0 days,off-peak
14:34:54,1 days,advance
14:35:20,6 days,advance
14:43:30,5 days,advance
14:43:35,0 days,anytime
14:44:50,2 days,advance
14:46:09,0 days,anytime
15:05:12,5 days,advance
15:09:57,4 days,advance
15:33:23,1 days,advance
15:48:53,4 days,advance
16:24:19,1 days,advance
16:37:19,5 days,advance
16:49:58,4 days,advance
16:54:14,1 days,advance
17:21:31,0 days,anytime
17:29:16,0 days,anytime
17:34:55,2 days,advance
17:38:34,4 days,advance
17:42:28,3 days,advance
17:48:49,3 days,advance
17:50:12,5 days,advance
17:55:04,1 days,advance
17:59:05,2 days,advance
18:23:47,0 days,anytime
18:53:44,0 days,off-peak
18:53:47,2 days,advance
19:27:11,0 days,off-peak
19:41:05,1 days,advance
20:13:17,0 days,off-peak
20:25:10,1 days,advance
20:25:11,1 days,advance
20:25:38,3 days,advance
20:26:48,2 days,advance
20:29:09,1 days,advance
20:29:11,2 days,advance
20:29:18,3 days,advance
21:24:46,1 days,advance
21:40:54,6 days,advance
21:46:09,1 days,advance
21:49:00,6 days,advance
21:52:12,1 days,advance
21:53:20,6 days,advance
22:26:38,1 days,advance
23:10:03,3 days,advance
23:22:44,3 days,advance
23:52:17,2 days,advance
23:56:11,4 days,advance
23:58:40,5 days,advance
01:34:06,1 days,advance
01:43:25,1 days,advance
02:46:47,0 days,off-peak
02:47:56,4 days,advance
03:01:00,0 days,off-peak
03:12:20,0 days,off-peak
03:33:02,2 days,advance
03:41:40,5 days,advance
04:36:09,0 days,off-peak
04:49:17,0 days,off-peak
05:13:08,1 days,advance
05:22:35,0 days,off-peak
05:30:59,0 days,off-peak
05:50:23,4 days,advance
05:52:09,0 days,off-peak
05:53:21,1 days,advance
06:09:21,0 days,off-peak
06:12:56,2 days,advance
06:13:07,1 days,advance
06:33:40,0 days,off-peak
06:40:46,4 days,advance
07:11:34,4 days,advance
07:16:18,0 days,off-peak
07:18:16,0 days,off-peak
07:23:06,0 days,off-peak
07:24:57,0 days,off-peak
07:50:33,3 days,advance
07:50:36,5 days,advance
08:11:39,5 days,advance
08:11:54,1 days,advance
08:13:55,4 days,advance
08:14:42,7 days,advance
08:15:33,1 days,advance
08:17:14,2 days,advance
08:28:13,1 days,advance
09:02:57,0 days,off-peak
09:12:04,1 days,advance
09:36:43,0 days,off-peak
09:36:43,3 days,advance
09:41:27,4 days,advance
09:56:59,1 days,advance
10:11:06,4 days,advance
10:22:50,4 days,advance
10:42:25,1 days,advance
10:45:27,1 days,advance
10:48:32,1 days,advance
10:59:44,1 days,advance
11:03:33,1 days,advance
11:06:00,0 days,off-peak
12:45:33,2 days,advance
13:16:19,5 days,advance
13:24:33,1 days,advance
13:54:07,1 days,advance
14:04:58,0 days,off-peak
14:06:35,0 days,off-peak
14:09:05,0 days,off-peak
14:18:52,1 days,advance
14:31:53,0 days,off-peak
14:41:10,0 days,off-peak
14:48:06,5 days,advance
14:51:53,5 days,advance
14:52:01,0 days,off-peak
15:16:32,3 days,advance
15:18:05,2 days,advance
15:41:45,1 days,advance
16:35:28,0 days,off-peak
17:11:43,0 days,off-peak
17:21:38,0 days,off-peak
17:26:37,1 days,advance
17:28:55,0 days,off-peak
17:31:22,2 days,advance
17:32:18,7 days,advance
17:35:17,3 days,advance
17:37:30,2 days,advance
18:16:20,1 days,advance
18:47:25,1 days,advance
19:41:10,1 days,advance
19:41:15,4 days,advance
19:41:26,1 days,advance
20:07:56,1 days,advance
20:21:33,1 days,advance
20:21:49,2 days,advance
20:22:15,2 days,advance
20:22:47,5 days,advance
20:24:08,5 days,advance
20:29:03,1 days,advance
20:34:12,2 days,advance
20:56:56,4 days,advance
21:13:03,4 days,advance
21:55:35,5 days,advance
23:01:27,1 days,advance
23:47:45,1 days,advance
23:54:56,1 days,advance
00:00:10,3 days,advance
00:29:09,0 days,off-peak
01:13:39,3 days,advance
01:19:19,0 days,off-peak
01:28:12,0 days,off-peak
03:30:21,1 days,advance
03:30:34,1 days,advance
03:38:45,1 days,advance
03:44:56,2 days,advance
03:54:17,1 days,advance
04:04:16,0 days,off-peak
04:09:41,4 days,advance
04:22:05,0 days,off-peak
04:49:42,0 days,off-peak
05:04:21,0 days,off-peak
05:08:17,0 days,off-peak
05:11:45,0 days,off-peak
05:33:22,1 days,advance
06:07:04,0 days,off-peak
06:11:43,2 days,advance
06:11:48,0 days,off-peak
07:15:18,0 days,off-peak
07:17:53,0 days,off-peak
07:47:31,2 days,advance
07:59:59,3 days,advance
08:01:42,1 days,advance
08:04:41,3 days,advance
08:08:14,3 days,advance
08:13:45,4 days,advance
08:19:38,4 days,advance
09:12:36,3 days,advance
09:22:21,1 days,advance
09:30:08,2 days,advance
09:31:23,1 days,advance
09:41:29,0 days,off-peak
09:43:13,1 days,advance
09:44:44,2 days,advance
09:49:58,1 days,advance
09:57:08,0 days,off-peak
10:21:01,1 days,advance
10:30:19,1 days,advance
11:37:35,0 days,off-peak
12:06:25,3 days,advance
12:24:40,0 days,off-peak
12:27:35,1 days,advance
12:45:21,4 days,advance
13:20:36,4 days,advance
13:48:03,3 days,advance
14:05:40,0 days,off-peak
14:16:55,0 days,off-peak
14:35:01,0 days,off-peak
14:38:56,0 days,off-peak
14:53:50,4 days,advance
15:17:44,0 days,off-peak
15:17:52,2 days,advance
15:24:30,0 days,off-peak
15:34:28,0 days,off-peak
15:38:43,1 days,advance
16:01:06,0 days,off-peak
16:02:30,1 days,advance
16:02:52,1 days,advance
16:16:04,1 days,advance
17:03:08,2 days,advance
17:07:50,2 days,advance
17:24:53,0 days,off-peak
17:25:12,0 days,off-peak
17:32:35,1 days,advance
17:41:30,1 days,advance
17:44:56,2 days,advance
17:59:48,0 days,off-peak
18:10:05,0 days,off-peak
18:23:56,0 days,off-peak
19:25:48,4 days,advance
19:32:47,2 days,advance
19:36:07,3 days,advance
20:22:05,2 days,advance
20:23:11,1 days,advance
20:26:48,2 days,advance
20:31:32,4 days,advance
22:41:17,1 days,advance
23:05:01,1 days,advance
23:37:04,4 days,advance
01:15:57,5 days,advance
01:34:48,2 days,advance
02:54:13,2 days,advance
03:25:35,1 days,advance
04:48:04,0 days,anytime
05:00:07,0 days,anytime
05:05:15,1 days,advance
05:11:38,0 days,anytime
05:59:19,0 days,anytime
06:00:17,3 days,advance
06:03:54,0 days,anytime
06:05:25,0 days,anytime
06:43:29,2 days,advance
06:48:35,1 days,advance
07:09:12,2 days,advance
07:17:43,0 days,anytime
07:38:09,0 days,off-peak
07:54:36,1 days,advance
07:59:38,3 days,advance
08:02:28,1 days,advance
08:06:31,1 days,advance
08:07:45,3 days,advance
08:16:05,3 days,advance
08:22:16,1 days,advance
08:27:16,1 days,advance
09:46:08,1 days,advance
11:44:34,0 days,off-peak
12:04:03,2 days,advance
12:34:40,3 days,advance
13:41:41,2 days,advance
14:05:10,1 days,advance
14:16:52,2 days,advance
14:20:20,0 days,off-peak
14:21:36,0 days,off-peak
14:24:14,0 days,off-peak
14:34:14,1 days,advance
14:39:54,0 days,anytime
14:47:08,1 days,advance
14:48:08,2 days,advance
14:50:24,0 days,anytime
15:02:07,0 days,off-peak
16:05:34,0 days,anytime
16:14:17,0 days,anytime
16:29:43,0 days,anytime
16:30:59,1 days,advance
17:00:46,3 days,advance
17:06:19,2 days,advance
17:14:57,1 days,advance
17:27:13,0 days,anytime
17:30:03,3 days,advance
17:39:16,1 days,advance
18:28:35,0 days,off-peak
19:30:29,2 days,advance
19:30:33,2 days,advance
19:31:37,2 days,advance
20:06:41,3 days,advance
20:23:59,3 days,advance
20:28:24,1 days,advance
20:34:36,1 days,advance
21:57:22,1 days,advance
23:12:25,2 days,advance
01:29:24,0 days,off-peak
03:00:17,0 days,off-peak
04:46:11,0 days,anytime
05:05:40,0 days,anytime
06:04:17,0 days,anytime
06:33:46,0 days,anytime
06:35:08,0 days,anytime
07:43:38,0 days,anytime
07:43:46,0 days,off-peak
07:47:52,3 days,advance
08:55:31,2 days,advance
09:13:54,1 days,advance
09:14:52,0 days,off-peak
09:23:38,0 days,off-peak
09:32:37,0 days,off-peak
10:16:24,1 days,advance
10:17:24,1 days,advance
11:17:48,0 days,off-peak
12:42:57,1 days,advance
13:16:04,2 days,advance
13:53:30,0 days,off-peak
14:05:52,1 days,advance
14:40:06,0 days,anytime
14:42:10,2 days,advance
17:04:11,0 days,anytime
17:07:28,1 days,advance
17:17:32,0 days,anytime
17:23:42,0 days,anytime
17:31:22,1 days,advance
17:40:54,1 days,advance
18:47:12,1 days,advance
18:52:29,2 days,advance
20:20:18,1 days,advance
20:33:39,1 days,advance
00:32:13,0 days,off-peak
03:30:25,0 days,off-peak
05:06:00,0 days,anytime
06:01:28,0 days,anytime
07:45:50,0 days,off-peak
07:49:59,0 days,anytime
07:50:25,0 days,off-peak
08:19:23,2 days,advance
08:24:43,1 days,advance
09:46:47,1 days,advance
10:37:11,0 days,off-peak
11:10:34,0 days,off-peak
12:16:35,0 days,off-peak
14:51:19,1 days,advance
16:09:04,0 days,anytime
16:53:03,0 days,anytime
17:10:49,0 days,anytime
17:19:06,0 days,anytime
17:42:47,1 days,advance
17:59:55,1 days,advance
18:08:12,1 days,advance
20:24:34,2 days,advance
01:20:24,1 days,advance
01:31:29,1 days,advance
02:37:06,1 days,advance
03:45:16,1 days,advance
03:45:57,1 days,advance
04:09:13,1 days,advance
05:04:28,0 days,anytime
05:12:19,0 days,anytime
05:14:49,0 days,anytime
06:00:09,0 days,anytime
06:25:40,1 days,advance
06:35:03,1 days,advance
06:42:08,1 days,advance
07:28:04,0 days,anytime
07:46:15,1 days,advance
07:49:51,1 days,advance
07:49:52,1 days,advance
07:54:02,1 days,advance
08:21:11,1 days,advance
08:22:01,1 days,advance
08:36:55,1 days,advance
09:34:25,1 days,advance
09:51:44,0 days,off-peak
10:32:52,0 days,off-peak
12:20:34,1 days,advance
12:37:14,1 days,advance
12:40:42,1 days,advance
13:14:04,1 days,advance
13:18:58,1 days,advance
13:29:43,0 days,off-peak
13:41:01,1 days,advance
14:33:53,0 days,anytime
14:54:55,1 days,advance
15:21:11,1 days,advance
15:43:21,0 days,anytime
17:15:18,1 days,advance
17:32:12,1 days,advance
17:33:08,1 days,advance
17:49:53,1 days,advance
18:40:15,0 days,off-peak
18:48:28,0 days,off-peak
19:33:44,1 days,advance
19:59:26,1 days,advance
20:18:21,1 days,advance
20:21:19,1 days,advance
20:23:48,1 days,advance
20:32:24,1 days,advance
20:55:29,0 days,off-peak
00:53:10,0 days,off-peak
01:07:34,1 days,advance
02:09:31,1 days,advance
02:55:12,0 days,off-peak
03:35:15,1 days,advance
04:30:31,0 days,anytime
06:12:59,0 days,anytime
06:33:47,0 days,anytime
07:02:59,1 days,advance
07:03:41,0 days,anytime
07:18:32,0 days,anytime
07:22:10,0 days,anytime
07:29:30,0 days,anytime
07:45:32,0 days,anytime
08:33:34,1 days,advance
09:03:24,1 days,advance
09:37:52,1 days,advance
09:39:23,1 days,advance
10:53:54,0 days,off-peak
11:52:08,0 days,off-peak
11:55:51,0 days,off-peak
12:44:00,1 days,advance
13:32:30,1 days,advance
13:40:24,1 days,advance
14:32:02,0 days,anytime
14:39:12,0 days,anytime
14:43:21,0 days,anytime
14:44:21,0 days,anytime
14:52:45,0 days,anytime
14:54:49,1 days,advance
14:55:36,0 days,anytime
14:58:00,1 days,advance
14:58:29,0 days,anytime
15:05:47,1 days,advance
15:10:14,0 days,anytime
17:00:25,0 days,anytime
17:02:42,1 days,advance
17:03:52,0 days,anytime
17:21:31,0 days,anytime
17:46:05,1 days,advance
18:45:40,0 days,off-peak
19:25:53,1 days,advance
19:36:52,1 days,advance
19:42:03,0 days,off-peak
20:15:27,1 days,advance
20:45:12,0 days,off-peak
20:49:25,0 days,off-peak
20:53:29,0 days,off-peak
22:39:31,1 days,advance
22:53:38,1 days,advance
22:59:23,1 days,advance
23:00:44,1 days,advance
23:03:09,1 days,advance
23:15:31,1 days,advance
23:32:21,1 days,advance
23:38:12,1 days,advance
00:01:32,0 days,off-peak
00:09:02,0 days,off-peak
00:09:43,0 days,off-peak
00:14:24,1 days,advance
00:29:36,2 days,advance
00:29:36,0 days,off-peak
00:46:04,0 days,off-peak
00:49:56,0 days,off-peak
00:58:19,0 days,off-peak
01:17:42,1 days,advance
01:24:42,1 days,advance
01:27:37,0 days,off-peak
01:29:18,1 days,advance
01:34:08,1 days,advance
01:38:00,1 days,advance
02:00:59,0 days,off-peak
02:06:55,0 days,off-peak
02:22:27,0 days,off-peak
02:28:47,0 days,off-peak
02:39:15,1 days,advance
02:45:47,0 days,off-peak
02:46:04,0 days,off-peak
02:48:15,0 days,off-peak
02:56:09,0 days,off-peak
02:58:42,0 days,off-peak
02:59:20,0 days,off-peak
02:59:45,0 days,off-peak
03:02:04,0 days,off-peak
03:16:14,1 days,advance
03:35:50,1 days,advance
03:38:20,0 days,off-peak
03:43:18,1 days,advance
03:44:25,0 days,off-peak
03:45:33,1 days,advance
03:46:29,1 days,advance
03:48:40,1 days,advance
03:51:50,1 days,advance
03:58:49,1 days,advance
04:09:45,0 days,off-peak
04:10:24,1 days,advance
04:15:53,0 days,off-peak
04:45:22,1 days,advance
04:48:48,1 days,advance
04:49:57,0 days,off-peak
04:50:38,0 days,off-peak
04:56:52,0 days,off-peak
05:01:40,0 days,off-peak
05:06:28,0 days,off-peak
05:12:05,0 days,off-peak
05:24:23,0 days,off-peak
05:42:22,0 days,off-peak
05:53:20,0 days,off-peak
05:54:42,1 days,advance
06:01:09,0 days,off-peak
06:02:00,0 days,off-peak
06:04:30,0 days,off-peak
06:07:54,1 days,advance
06:13:17,1 days,advance
06:19:10,0 days,off-peak
06:30:05,0 days,off-peak
06:31:18,0 days,off-peak
06:31:56,1 days,advance
06:32:15,0 days,off-peak
06:32:15,0 days,off-peak
06:32:26,0 days,off-peak
06:36:54,1 days,advance
06:37:38,0 days,off-peak
06:38:37,0 days,off-peak
06:38:52,0 days,off-peak
06:42:16,0 days,off-peak
06:43:07,0 days,off-peak
06:43:47,0 days,off-peak
06:44:48,0 days,off-peak
06:46:27,0 days,off-peak
07:17:44,0 days,off-peak
07:18:55,0 days,off-peak
07:20:17,0 days,off-peak
07:26:25,0 days,off-peak
07:27:48,0 days,off-peak
07:31:27,1 days,advance
07:36:27,0 days,off-peak
07:46:12,0 days,off-peak
07:46:14,0 days,off-peak
07:49:09,1 days,advance
07:50:18,1 days,advance
07:50:19,0 days,off-peak
07:53:25,1 days,advance
07:58:58,1 days,advance
08:01:11,1 days,advance
08:01:28,1 days,advance
08:03:31,1 days,advance
08:03:40,1 days,advance
08:04:37,1 days,advance
08:04:42,1 days,advance
08:05:37,1 days,advance
08:11:33,1 days,advance
08:13:33,0 days,off-peak
08:16:13,1 days,advance
08:16:21,1 days,advance
08:17:00,1 days,advance
08:19:32,1 days,advance
08:20:16,1 days,advance
08:25:32,1 days,advance
08:26:34,1 days,advance
08:28:49,1 days,advance
08:28:56,0 days,off-peak
08:29:24,1 days,advance
08:50:13,1 days,advance
08:54:08,0 days,off-peak
08:55:25,1 days,advance
09:00:08,1 days,advance
09:01:43,1 days,advance
09:03:28,0 days,off-peak
09:04:03,1 days,advance
09:04:16,1 days,advance
09:07:47,1 days,advance
09:11:37,0 days,off-peak
09:12:33,1 days,advance
09:23:07,0 days,off-peak
09:25:24,1 days,advance
09:30:25,1 days,advance
09:31:01,1 days,advance
09:33:30,0 days,off-peak
09:35:42,1 days,advance
09:37:15,1 days,advance
09:41:48,1 days,advance
09:44:54,1 days,advance
09:47:17,1 days,advance
09:47:54,0 days,off-peak
10:13:18,0 days,off-peak
10:15:04,1 days,advance
10:16:03,1 days,advance
10:18:49,1 days,advance
10:21:53,0 days,off-peak
10:22:54,1 days,advance
10:24:26,1 days,advance
10:30:52,1 days,advance
10:33:05,0 days,off-peak
10:34:00,0 days,off-peak
10:38:05,1 days,advance
10:42:23,1 days,advance
10:51:23,0 days,off-peak
10:52:39,1 days,advance
10:55:05,1 days,advance
10:56:20,1 days,advance
11:29:49,1 days,advance
11:44:31,0 days,off-peak
11:46:03,0 days,off-peak
11:47:04,0 days,off-peak
12:02:09,0 days,off-peak
12:02:58,1 days,advance
12:07:57,0 days,off-peak
12:08:11,1 days,advance
12:14:19,0 days,off-peak
12:29:24,0 days,off-peak
12:30:35,1 days,advance
12:32:21,0 days,off-peak
12:54:51,0 days,off-peak
13:06:31,0 days,off-peak
13:17:59,1 days,advance
13:19:35,1 days,advance
13:33:53,1 days,advance
14:08:59,1 days,advance
14:24:17,0 days,off-peak
14:25:59,0 days,off-peak
14:29:44,1 days,advance
14:30:46,1 days,advance
14:32:31,0 days,off-peak
14:32:47,0 days,off-peak
14:35:53,0 days,off-peak
14:39:14,1 days,advance
14:41:36,0 days,off-peak
15:10:15,0 days,off-peak
15:12:36,0 days,off-peak
15:12:49,1 days,advance
15:12:52,1 days,advance
15:13:32,0 days,off-peak
15:14:45,0 days,off-peak
15:20:05,1 days,advance
15:34:45,1 days,advance
15:39:32,0 days,off-peak
15:43:44,0 days,off-peak
15:45:27,0 days,off-peak
15:48:18,0 days,off-peak
15:56:17,0 days,off-peak
16:08:48,0 days,off-peak
16:09:17,0 days,off-peak
16:10:58,0 days,off-peak
16:10:59,0 days,off-peak
16:11:12,1 days,advance
16:21:35,1 days,advance
16:30:58,1 days,advance
16:33:59,0 days,off-peak
16:43:29,1 days,advance
17:11:48,1 days,advance
17:21:00,0 days,off-peak
17:23:17,0 days,off-peak
17:23:47,0 days,off-peak
17:23:56,1 days,advance
17:23:56,0 days,off-peak
17:25:45,1 days,advance
17:26:40,0 days,off-peak
17:29:40,0 days,off-peak
17:30:49,0 days,off-peak
17:31:14,1 days,advance
17:31:16,1 days,advance
17:33:29,1 days,advance
17:35:31,0 days,off-peak
17:35:52,1 days,advance
17:41:28,1 days,advance
17:42:34,0 days,off-peak
17:45:27,0 days,off-peak
17:46:43,1 days,advance
17:47:43,0 days,off-peak
17:53:38,1 days,advance
18:13:05,0 days,off-peak
18:21:36,0 days,off-peak
18:38:28,1 days,advance
18:43:40,0 days,off-peak
18:53:35,0 days,off-peak
18:55:04,1 days,advance
19:05:46,1 days,advance
19:23:33,1 days,advance
19:25:03,1 days,advance
19:25:26,1 days,advance
19:26:04,1 days,advance
19:28:34,1 days,advance
19:31:43,1 days,advance
19:32:56,1 days,advance
19:34:09,1 days,advance
19:49:35,0 days,off-peak
20:01:49,0 days,off-peak
20:03:42,0 days,off-peak
20:04:15,1 days,advance
20:15:16,1 days,advance
20:16:32,1 days,advance
20:17:21,1 days,advance
20:17:47,1 days,advance
20:18:31,1 days,advance
20:20:40,1 days,advance
20:23:05,1 days,advance
20:24:06,1 days,advance
20:25:19,1 days,advance
20:27:27,1 days,advance
20:29:37,1 days,advance
20:29:58,1 days,advance
20:31:51,1 days,advance
20:32:24,1 days,advance
20:34:07,1 days,advance
20:34:33,1 days,advance
20:39:22,0 days,off-peak
20:45:50,0 days,off-peak
20:51:14,0 days,off-peak
20:51:58,0 days,off-peak
21:48:49,1 days,advance
22:10:42,1 days,advance
22:31:47,1 days,advance
22:35:08,1 days,advance
22:39:05,1 days,advance
22:39:19,1 days,advance
23:00:32,1 days,advance
23:09:01,1 days,advance
23:10:44,1 days,advance
23:34:28,1 days,advance
23:46:43,1 days,advance
23:52:29,1 days,advance
23:59:46,1 days,advance
00:08:53,0 days,off-peak
00:14:42,1 days,advance
00:30:33,0 days,off-peak
00:31:56,0 days,off-peak
00:32:07,0 days,off-peak
00:39:00,0 days,off-peak
00:44:12,0 days,off-peak
01:00:28,0 days,off-peak
01:05:19,1 days,advance
01:07:02,1 days,advance
01:07:41,0 days,off-peak
01:10:51,0 days,off-peak
01:15:13,1 days,advance
01:15:18,0 days,off-peak
01:19:19,1 days,advance
01:20:59,0 days,off-peak
01:24:40,0 days,off-peak
01:33:51,1 days,advance
01:35:32,1 days,advance
02:08:55,1 days,advance
02:20:35,1 days,advance
02:25:47,0 days,off-peak
02:45:26,0 days,off-peak
02:53:21,0 days,off-peak
02:54:19,0 days,off-peak
02:58:31,0 days,off-peak
02:59:27,0 days,off-peak
03:02:01,1 days,advance
03:10:15,0 days,off-peak
03:41:26,0 days,off-peak
03:43:50,1 days,advance
03:52:07,1 days,advance
03:53:21,1 days,advance
04:16:52,0 days,off-peak
04:32:24,0 days,off-peak
04:45:23,0 days,off-peak
04:48:39,0 days,off-peak
04:48:56,0 days,off-peak
04:52:46,0 days,off-peak
04:53:49,0 days,off-peak
04:58:16,0 days,off-peak
04:58:39,0 days,off-peak
04:58:53,0 days,off-peak
05:01:21,0 days,off-peak
05:02:06,0 days,off-peak
05:02:15,0 days,off-peak
05:03:34,0 days,off-peak
05:04:16,0 days,off-peak
05:06:32,0 days,off-peak
05:09:20,0 days,off-peak
05:11:29,0 days,off-peak
05:11:34,0 days,off-peak
05:12:09,0 days,off-peak
05:20:56,0 days,off-peak
05:24:57,0 days,off-peak
05:26:55,0 days,off-peak
05:27:02,0 days,off-peak
05:42:50,1 days,advance
05:46:49,0 days,off-peak
05:54:23,1 days,advance
06:05:52,0 days,off-peak
06:06:40,0 days,off-peak
06:06:56,0 days,off-peak
06:07:03,0 days,off-peak
06:07:49,0 days,off-peak
06:08:47,0 days,off-peak
06:09:44,0 days,off-peak
06:09:45,0 days,off-peak
06:10:43,0 days,off-peak
06:11:50,0 days,off-peak
06:12:08,1 days,advance
06:12:39,1 days,advance
06:14:45,0 days,off-peak
06:16:30,1 days,advance
06:18:45,0 days,off-peak
06:31:49,0 days,off-peak
06:36:34,1 days,advance
06:38:16,0 days,off-peak
06:40:27,0 days,off-peak
06:44:13,1 days,advance
06:47:31,1 days,advance
06:51:10,1 days,advance
06:52:11,0 days,off-peak
06:56:45,1 days,advance
07:18:01,0 days,off-peak
07:18:36,0 days,off-peak
07:18:46,0 days,off-peak
07:22:13,0 days,off-peak
07:23:34,0 days,off-peak
07:24:01,0 days,off-peak
07:25:51,0 days,off-peak
07:26:19,0 days,off-peak
07:33:52,0 days,off-peak
07:34:27,0 days,off-peak
07:37:39,1 days,advance
07:41:39,0 days,off-peak
07:42:31,0 days,off-peak
07:42:39,0 days,off-peak
07:43:29,0 days,off-peak
07:52:04,1 days,advance
07:53:32,1 days,advance
07:57:10,1 days,advance
08:01:19,1 days,advance
08:06:04,1 days,advance
08:06:18,1 days,advance
08:08:13,1 days,advance
08:10:23,1 days,advance
08:12:42,1 days,advance
08:14:11,1 days,advance
08:17:14,1 days,advance
08:17:43,1 days,advance
08:19:06,1 days,advance
08:20:15,1 days,advance
08:20:43,1 days,advance
08:22:04,1 days,advance
08:24:07,1 days,advance
08:26:20,1 days,advance
08:38:45,1 days,advance
08:45:56,1 days,advance
08:55:28,1 days,advance
09:04:47,1 days,advance
09:05:56,0 days,off-peak
09:07:33,1 days,advance
09:16:59,0 days,off-peak
09:22:35,1 days,advance
09:31:53,1 days,advance
09:32:54,1 days,advance
09:34:10,1 days,advance
09:34:31,1 days,advance
09:35:13,1 days,advance
09:36:34,1 days,advance
09:40:56,1 days,advance
09:44:34,1 days,advance
09:46:42,1 days,advance
09:47:11,1 days,advance
09:51:02,0 days,off-peak
09:59:31,1 days,advance
10:18:29,1 days,advance
10:18:54,1 days,advance
10:25:11,0 days,off-peak
10:33:29,0 days,off-peak
10:35:51,1 days,advance
10:42:22,0 days,off-peak
10:43:14,0 days,off-peak
10:43:20,1 days,advance
10:44:19,1 days,advance
10:45:53,1 days,advance
10:54:18,0 days,off-peak
11:13:52,0 days,off-peak
11:15:26,1 days,advance
11:31:26,0 days,off-peak
11:31:38,0 days,off-peak
11:32:12,0 days,off-peak
11:38:59,0 days,off-peak
11:41:53,1 days,advance
11:44:39,0 days,off-peak
12:00:03,1 days,advance
12:02:24,1 days,advance
12:02:26,1 days,advance
12:03:06,0 days,off-peak
12:05:48,0 days,off-peak
12:09:11,1 days,advance
12:21:21,0 days,off-peak
12:23:50,1 days,advance
12:34:59,1 days,advance
12:48:48,1 days,advance
13:21:35,0 days,off-peak
13:27:01,1 days,advance
13:30:41,0 days,off-peak
13:40:25,0 days,off-peak
13:43:56,1 days,advance
13:49:07,0 days,off-peak
13:50:11,0 days,off-peak
13:58:30,0 days,off-peak
14:02:44,0 days,off-peak
14:04:29,1 days,advance
14:12:36,1 days,advance
14:15:36,1 days,advance
14:18:00,0 days,off-peak
14:24:31,0 days,off-peak
14:25:02,0 days,off-peak
14:30:15,0 days,off-peak
14:31:45,0 days,off-peak
14:36:52,0 days,off-peak
14:38:55,0 days,off-peak
14:50:12,0 days,off-peak
14:56:06,0 days,off-peak
14:58:52,1 days,advance
15:10:19,0 days,off-peak
15:10:25,0 days,off-peak
15:10:36,1 days,advance
15:16:40,0 days,off-peak
15:22:50,0 days,off-peak
15:27:12,1 days,advance
15:31:46,1 days,advance
15:33:06,0 days,off-peak
15:39:11,0 days,off-peak
15:45:19,0 days,off-peak
15:46:12,0 days,off-peak
15:46:53,0 days,off-peak
15:59:12,0 days,off-peak
16:01:17,0 days,off-peak
16:02:23,0 days,off-peak
16:04:22,0 days,off-peak
16:07:57,1 days,advance
16:12:19,0 days,off-peak
16:14:02,1 days,advance
16:25:12,0 days,off-peak
16:52:22,0 days,off-peak
17:00:10,1 days,advance
17:07:28,0 days,off-peak
17:14:58,1 days,advance
17:15:01,0 days,off-peak
17:15:39,1 days,advance
17:19:17,0 days,off-peak
17:21:38,0 days,off-peak
17:22:57,0 days,off-peak
17:25:28,1 days,advance
17:27:26,0 days,off-peak
17:28:01,0 days,off-peak
17:29:18,0 days,off-peak
17:32:34,1 days,advance
17:34:47,1 days,advance
17:36:41,1 days,advance
17:42:01,1 days,advance
17:43:35,1 days,advance
17:44:52,1 days,advance
17:53:19,0 days,off-peak
17:55:25,1 days,advance
17:55:56,1 days,advance
18:11:59,0 days,off-peak
18:14:54,1 days,advance
18:15:03,0 days,off-peak
18:17:26,0 days,off-peak
18:23:07,0 days,off-peak
18:24:22,0 days,off-peak
18:33:04,0 days,off-peak
18:33:17,0 days,off-peak
18:36:25,0 days,off-peak
18:36:50,0 days,off-peak
18:47:53,0 days,off-peak
18:52:07,1 days,advance
18:58:09,1 days,advance
18:58:15,1 days,advance
19:23:07,1 days,advance
19:23:49,1 days,advance
19:33:11,1 days,advance
19:35:49,1 days,advance
19:38:51,0 days,off-peak
19:39:53,1 days,advance
19:41:04,1 days,advance
19:49:13,0 days,off-peak
20:01:27,1 days,advance
20:01:28,1 days,advance
20:02:50,1 days,advance
20:12:44,0 days,off-peak
20:17:08,1 days,advance
20:21:12,1 days,advance
20:21:20,1 days,advance
20:23:25,1 days,advance
20:23:38,1 days,advance
20:25:36,1 days,advance
20:49:59,0 days,off-peak
20:52:56,0 days,off-peak
21:47:07,1 days,advance
22:04:16,1 days,advance
22:05:54,1 days,advance
22:36:32,1 days,advance
22:38:30,1 days,advance
22:38:38,1 days,advance
22:41:53,1 days,advance
22:43:08,1 days,advance
23:02:46,1 days,advance
23:05:09,1 days,advance
23:06:20,1 days,advance
23:11:45,1 days,advance
23:34:30,1 days,advance
23:48:04,1 days,advance
23:56:20,1 days,advance
00:11:31,0 days,off-peak
00:26:49,0 days,off-peak
00:41:22,0 days,off-peak
01:11:54,1 days,advance
01:13:49,0 days,off-peak
01:16:30,0 days,off-peak
01:18:09,0 days,off-peak
01:28:22,0 days,off-peak
01:28:40,1 days,advance
01:30:32,1 days,advance
01:35:13,1 days,advance
02:06:47,0 days,off-peak
02:52:25,0 days,off-peak
02:59:12,0 days,off-peak
03:04:18,0 days,off-peak
03:27:15,0 days,off-peak
03:35:31,1 days,advance
03:40:34,1 days,advance
03:58:33,0 days,off-peak
04:06:15,1 days,advance
04:16:12,1 days,advance
04:23:48,1 days,advance
04:25:32,1 days,advance
04:46:58,0 days,anytime
04:52:19,0 days,anytime
04:54:02,0 days,anytime
04:59:13,0 days,anytime
05:03:35,0 days,anytime
05:03:42,0 days,anytime
05:06:57,0 days,anytime
05:07:52,0 days,anytime
05:09:42,0 days,anytime
05:12:00,0 days,anytime
05:13:04,0 days,anytime
05:14:47,0 days,anytime
05:15:52,0 days,anytime
05:29:47,1 days,advance
05:32:14,0 days,anytime
05:44:50,0 days,anytime
05:53:19,0 days,anytime
06:00:01,1 days,advance
06:03:40,0 days,anytime
06:04:41,0 days,anytime
06:04:52,0 days,anytime
06:05:33,0 days,anytime
06:05:34,0 days,anytime
06:12:15,0 days,anytime
06:14:54,1 days,advance
06:26:24,1 days,advance
06:31:00,1 days,advance
06:31:53,0 days,anytime
06:36:15,0 days,anytime
06:36:26,0 days,anytime
06:36:47,0 days,anytime
06:39:32,0 days,anytime
06:39:49,0 days,anytime
06:43:03,1 days,advance
06:46:35,1 days,advance
06:50:40,0 days,anytime
07:00:58,1 days,advance
07:05:16,1 days,advance
07:11:32,0 days,anytime
07:16:24,0 days,anytime
07:18:04,0 days,anytime
07:19:33,1 days,advance
07:20:08,0 days,anytime
07:20:08,0 days,anytime
07:21:03,0 days,anytime
07:26:39,0 days,anytime
07:27:05,0 days,anytime
07:27:27,0 days,anytime
07:28:02,1 days,advance
07:28:27,0 days,anytime
07:32:25,0 days,off-peak
07:44:33,0 days,off-peak
07:44:53,0 days,anytime
07:46:54,0 days,off-peak
07:49:15,1 days,advance
07:51:27,1 days,advance
07:53:52,1 days,advance
07:55:09,1 days,advance
07:56:08,0 days,off-peak
08:04:22,1 days,advance
08:06:10,1 days,advance
08:06:15,1 days,advance
08:08:47,1 days,advance
08:09:08,1 days,advance
08:11:52,1 days,advance
08:12:43,1 days,advance
08:16:31,1 days,advance
08:16:47,1 days,advance
08:18:44,1 days,advance
08:19:31,1 days,advance
08:21:19,1 days,advance
08:22:53,1 days,advance
08:25:21,1 days,advance
08:25:34,1 days,advance
08:26:20,1 days,advance
08:28:51,1 days,advance
08:32:42,0 days,off-peak
08:47:08,1 days,advance
08:58:39,0 days,off-peak
09:07:55,1 days,advance
09:20:46,1 days,advance
09:32:30,1 days,advance
09:33:41,1 days,advance
09:35:48,0 days,off-peak
09:37:24,0 days,off-peak
09:38:11,1 days,advance
09:38:18,0 days,off-peak
09:40:24,0 days,off-peak
09:41:26,1 days,advance
09:42:05,0 days,off-peak
09:43:47,1 days,advance
09:57:40,0 days,off-peak
10:02:31,1 days,advance
10:24:29,1 days,advance
10:26:47,1 days,advance
10:32:02,1 days,advance
10:32:29,1 days,advance
10:40:17,1 days,advance
11:13:55,1 days,advance
11:30:50,0 days,off-peak
11:56:10,1 days,advance
11:58:01,1 days,advance
12:04:44,1 days,advance
12:07:44,0 days,off-peak
12:07:56,0 days,off-peak
12:08:22,0 days,off-peak
12:08:49,1 days,advance
12:09:46,1 days,advance
12:11:00,1 days,advance
12:26:59,1 days,advance
12:39:24,1 days,advance
12:42:20,1 days,advance
12:46:05,0 days,off-peak
12:54:50,0 days,off-peak
13:06:22,0 days,off-peak
13:15:20,0 days,off-peak
13:18:41,0 days,off-peak
13:20:34,1 days,advance
13:22:08,0 days,off-peak
13:26:01,0 days,off-peak
13:26:46,0 days,off-peak
13:34:35,1 days,advance
13:38:57,1 days,advance
13:39:30,0 days,off-peak
13:43:15,1 days,advance
14:03:35,0 days,off-peak
14:25:56,0 days,off-peak
14:35:07,0 days,anytime
14:37:55,0 days,anytime
14:41:14,0 days,anytime
14:41:51,1 days,advance
14:42:05,0 days,anytime
14:49:36,0 days,anytime
14:49:52,1 days,advance
14:51:23,0 days,anytime
14:52:40,0 days,anytime
15:02:55,0 days,anytime
15:04:41,1 days,advance
15:08:08,1 days,advance
15:09:22,0 days,off-peak
15:10:59,1 days,advance
15:12:59,0 days,anytime
15:24:01,0 days,anytime
15:50:14,0 days,anytime
15:53:08,0 days,anytime
16:03:09,1 days,advance
16:03:32,0 days,anytime
16:10:00,0 days,anytime
16:13:21,0 days,anytime
16:20:04,0 days,anytime
16:40:10,1 days,advance
16:40:15,0 days,anytime
16:41:57,1 days,advance
16:42:38,1 days,advance
16:49:19,0 days,anytime
16:55:15,0 days,anytime
17:00:24,1 days,advance
17:01:47,1 days,advance
17:02:33,1 days,advance
17:03:48,1 days,advance
17:09:23,1 days,advance
17:12:16,1 days,advance
17:15:35,0 days,anytime
17:15:47,0 days,anytime
17:17:44,1 days,advance
17:21:32,0 days,anytime
17:23:30,1 days,advance
17:24:47,1 days,advance
17:30:18,1 days,advance
17:30:21,1 days,advance
17:36:29,1 days,advance
17:36:33,0 days,off-peak
17:37:19,1 days,advance
17:40:50,1 days,advance
17:43:27,1 days,advance
17:43:48,1 days,advance
17:46:22,1 days,advance
17:49:04,1 days,advance
17:49:13,1 days,advance
17:54:24,1 days,advance
17:56:26,1 days,advance
17:58:45,1 days,advance
18:02:34,1 days,advance
18:08:36,1 days,advance
18:15:17,0 days,anytime
18:22:58,0 days,off-peak
18:24:08,0 days,anytime
18:39:09,1 days,advance
18:45:46,0 days,off-peak
18:49:23,1 days,advance
18:51:02,1 days,advance
18:53:44,1 days,advance
18:56:23,1 days,advance
18:56:32,1 days,advance
18:56:35,1 days,advance
19:23:02,1 days,advance
19:23:20,1 days,advance
19:28:42,1 days,advance
19:32:10,1 days,advance
19:32:28,1 days,advance
19:34:05,1 days,advance
19:34:39,1 days,advance
19:40:11,1 days,advance
19:50:05,1 days,advance
19:57:09,1 days,advance
20:05:45,1 days,advance
20:11:45,0 days,off-peak
20:13:52,1 days,advance
20:15:01,1 days,advance
20:16:04,1 days,advance
20:20:23,1 days,advance
20:22:01,1 days,advance
20:23:10,1 days,advance
20:23:56,1 days,advance
20:24:15,1 days,advance
20:25:46,1 days,advance
20:26:01,1 days,advance
20:27:20,1 days,advance
20:28:44,1 days,advance
20:29:21,1 days,advance
20:30:12,1 days,advance
20:34:13,1 days,advance
20:44:53,1 days,advance
20:46:45,0 days,off-peak
20:48:39,1 days,advance
20:54:28,0 days,off-peak
20:57:38,0 days,off-peak
21:45:07,1 days,advance
21:46:59,1 days,advance
21:48:09,1 days,advance
21:49:41,1 days,advance
22:31:36,1 days,advance
22:32:23,1 days,advance
22:43:43,1 days,advance
22:44:01,1 days,advance
22:44:55,1 days,advance
22:49:09,1 days,advance
22:53:15,1 days,advance
23:02:57,1 days,advance
23:46:38,1 days,advance
23:47:24,1 days,advance
23:52:20,1 days,advance
00:09:13,0 days,off-peak
00:20:52,2 days,advance
00:26:06,0 days,off-peak
00:26:59,0 days,off-peak
00:33:02,0 days,off-peak
00:34:34,1 days,advance
00:36:24,0 days,off-peak
00:41:56,0 days,off-peak
00:44:44,1 days,advance
00:50:51,1 days,advance
00:52:00,0 days,off-peak
00:54:07,0 days,off-peak
00:58:45,0 days,off-peak
01:15:26,1 days,advance
01:15:44,0 days,off-peak
01:17:03,1 days,advance
01:19:55,0 days,off-peak
01:20:08,0 days,off-peak
01:25:34,0 days,off-peak
01:28:01,1 days,advance
01:40:13,1 days,advance
01:44:11,1 days,advance
02:12:11,0 days,off-peak
02:14:52,1 days,advance
02:34:01,1 days,advance
02:39:20,0 days,off-peak
02:51:21,0 days,off-peak
03:05:24,1 days,advance
03:24:59,1 days,advance
03:29:31,1 days,advance
03:32:12,1 days,advance
03:34:00,0 days,off-peak
03:36:38,1 days,advance
03:45:44,1 days,advance
03:50:33,0 days,off-peak
04:19:00,1 days,advance
04:30:46,0 days,anytime
04:46:41,1 days,advance
04:47:25,1 days,advance
04:47:39,0 days,anytime
04:49:49,0 days,anytime
04:51:33,0 days,anytime
04:56:18,0 days,anytime
04:57:24,0 days,anytime
04:58:19,0 days,anytime
04:58:39,1 days,advance
05:07:04,0 days,anytime
05:07:13,0 days,anytime
05:08:37,0 days,anytime
05:11:36,0 days,anytime
05:14:47,0 days,anytime
05:15:48,1 days,advance
05:16:59,0 days,anytime
05:26:30,0 days,anytime
05:40:06,1 days,advance
05:49:06,1 days,advance
05:52:54,0 days,anytime
06:04:12,0 days,anytime
06:04:31,1 days,advance
06:05:06,0 days,anytime
06:05:09,0 days,anytime
06:05:49,0 days,anytime
06:06:42,0 days,anytime
06:08:33,0 days,anytime
06:08:35,0 days,anytime
06:15:29,0 days,anytime
06:35:54,1 days,advance
06:36:00,0 days,anytime
06:44:56,0 days,anytime
06:57:07,0 days,anytime
07:07:59,0 days,anytime
07:15:53,0 days,anytime
07:17:23,0 days,anytime
07:17:37,0 days,anytime
07:18:05,0 days,anytime
07:20:52,0 days,anytime
07:21:37,0 days,anytime
07:24:04,0 days,anytime
07:29:04,0 days,anytime
07:37:25,0 days,off-peak
07:41:37,1 days,advance
07:46:26,1 days,advance
07:47:12,0 days,anytime
07:50:09,1 days,advance
07:52:14,1 days,advance
07:53:47,1 days,advance
08:00:29,1 days,advance
08:01:02,1 days,advance
08:03:09,1 days,advance
08:04:13,1 days,advance
08:05:55,1 days,advance
08:07:45,1 days,advance
08:10:07,1 days,advance
08:12:27,1 days,advance
08:13:43,1 days,advance
08:14:08,1 days,advance
08:14:47,1 days,advance
08:16:53,1 days,advance
08:18:20,1 days,advance
08:21:47,1 days,advance
08:26:57,1 days,advance
08:28:43,1 days,advance
08:29:08,1 days,advance
08:31:51,0 days,off-peak
08:32:22,1 days,advance
08:44:54,1 days,advance
08:47:15,1 days,advance
08:47:45,0 days,off-peak
08:53:45,1 days,advance
08:53:59,1 days,advance
08:56:01,0 days,off-peak
09:11:00,1 days,advance
09:18:12,0 days,off-peak
09:20:45,1 days,advance
09:20:57,0 days,off-peak
09:25:44,0 days,off-peak
09:32:52,1 days,advance
09:33:34,1 days,advance
09:37:22,1 days,advance
09:38:25,1 days,advance
09:39:13,0 days,off-peak
09:41:12,1 days,advance
09:42:17,1 days,advance
09:43:04,1 days,advance
09:43:18,0 days,off-peak
09:43:20,0 days,off-peak
09:51:11,0 days,off-peak
10:01:56,0 days,off-peak
10:10:05,1 days,advance
10:17:49,0 days,off-peak
10:20:06,1 days,advance
10:24:01,0 days,off-peak
10:25:48,1 days,advance
10:30:13,0 days,off-peak
10:30:41,1 days,advance
10:37:37,1 days,advance
10:38:56,1 days,advance
10:40:31,0 days,off-peak
10:50:02,1 days,advance
10:51:33,1 days,advance
11:33:00,0 days,off-peak
11:41:24,0 days,off-peak
11:56:40,0 days,off-peak
12:00:02,0 days,off-peak
12:03:01,1 days,advance
12:04:50,0 days,off-peak
12:27:22,0 days,off-peak
12:33:33,0 days,off-peak
12:33:47,1 days,advance
12:34:24,0 days,off-peak
12:35:06,0 days,off-peak
12:44:31,1 days,advance
12:47:28,0 days,off-peak
12:51:08,0 days,off-peak
13:01:58,0 days,off-peak
13:06:20,0 days,off-peak
13:23:29,0 days,off-peak
13:30:02,1 days,advance
13:43:33,0 days,off-peak
13:44:34,1 days,advance
14:00:40,0 days,off-peak
14:09:24,0 days,off-peak
14:25:13,0 days,off-peak
14:29:46,0 days,off-peak
14:30:01,0 days,anytime
14:32:27,1 days,advance
14:33:59,1 days,advance
14:35:34,1 days,advance
14:35:42,0 days,anytime
14:35:44,0 days,anytime
14:37:28,0 days,anytime
14:39:13,0 days,anytime
14:44:30,1 days,advance
14:46:35,0 days,anytime
14:57:20,0 days,anytime
14:58:59,1 days,advance
14:59:35,0 days,anytime
15:05:23,0 days,anytime
15:11:29,0 days,anytime
15:11:38,0 days,anytime
15:15:07,1 days,advance
15:19:28,1 days,advance
15:20:57,0 days,anytime
15:22:10,0 days,anytime
15:24:09,1 days,advance
15:42:39,0 days,anytime
15:43:10,0 days,anytime
15:43:19,0 days,anytime
15:47:16,0 days,anytime
15:53:56,0 days,anytime
15:55:01,0 days,anytime
15:55:44,0 days,anytime
15:59:38,0 days,anytime
16:04:11,0 days,anytime
16:08:52,0 days,anytime
16:10:42,1 days,advance
16:11:29,0 days,anytime
16:11:57,0 days,anytime
16:13:42,0 days,anytime
16:36:01,1 days,advance
16:38:01,1 days,advance
16:38:47,0 days,anytime
16:43:40,0 days,anytime
16:56:26,1 days,advance
16:58:10,0 days,anytime
17:03:05,0 days,anytime
17:04:34,1 days,advance
17:07:35,0 days,anytime
17:11:24,0 days,anytime
17:13:36,1 days,advance
17:15:22,0 days,anytime
17:17:54,0 days,anytime
17:19:22,0 days,anytime
17:23:33,0 days,anytime
17:23:42,0 days,anytime
17:23:58,0 days,anytime
17:24:02,0 days,anytime
17:24:26,1 days,advance
17:26:04,0 days,anytime
17:27:52,0 days,anytime
17:29:54,0 days,anytime
17:37:08,1 days,advance
17:51:08,0 days,off-peak
17:51:18,1 days,advance
17:51:28,1 days,advance
17:54:48,1 days,advance
18:01:19,1 days,advance
18:13:11,1 days,advance
18:19:35,0 days,anytime
18:22:53,0 days,anytime
18:34:27,0 days,off-peak
18:37:40,1 days,advance
18:43:36,0 days,off-peak
18:46:33,1 days,advance
18:48:03,1 days,advance
18:48:31,0 days,off-peak
18:49:38,1 days,advance
18:51:46,0 days,off-peak
18:53:56,0 days,off-peak
18:54:19,1 days,advance
18:55:37,0 days,off-peak
19:24:48,1 days,advance
19:25:25,1 days,advance
19:27:18,1 days,advance
19:29:05,1 days,advance
19:29:20,1 days,advance
19:30:19,1 days,advance
19:33:18,1 days,advance
19:35:23,1 days,advance
19:40:02,1 days,advance
19:40:05,1 days,advance
19:40:23,1 days,advance
19:43:57,1 days,advance
19:57:28,1 days,advance
20:15:19,1 days,advance
20:16:49,1 days,advance
20:18:13,1 days,advance
20:18:43,1 days,advance
20:20:26,1 days,advance
20:21:11,1 days,advance
20:21:19,1 days,advance
20:21:37,1 days,advance
20:22:25,1 days,advance
20:22:43,1 days,advance
20:23:06,1 days,advance
20:25:10,1 days,advance
20:25:25,1 days,advance
20:25:35,1 days,advance
20:25:54,1 days,advance
20:26:07,1 days,advance
20:27:14,1 days,advance
20:27:44,0 days,off-peak
20:29:10,1 days,advance
20:31:36,1 days,advance
20:32:58,1 days,advance
20:33:12,1 days,advance
20:33:14,1 days,advance
20:45:09,0 days,off-peak
20:55:05,0 days,off-peak
21:15:25,1 days,advance
21:47:40,1 days,advance
21:54:05,1 days,advance
21:56:17,1 days,advance
22:35:15,1 days,advance
22:35:35,1 days,advance
22:36:35,1 days,advance
22:41:05,1 days,advance
22:42:16,1 days,advance
22:52:11,1 days,advance
23:47:03,1 days,advance
23:49:36,1 days,advance
00:06:13,0 days,off-peak
00:21:42,2 days,advance
00:33:33,2 days,advance
00:34:46,2 days,advance
00:54:45,0 days,off-peak
01:09:35,0 days,off-peak
01:12:12,0 days,off-peak
01:15:29,1 days,advance
01:15:35,1 days,advance
01:21:13,0 days,off-peak
01:29:29,1 days,advance
01:32:55,1 days,advance
01:36:10,1 days,advance
01:38:59,1 days,advance
01:46:15,1 days,advance
02:20:47,0 days,off-peak
02:37:44,1 days,advance
02:44:00,0 days,off-peak
02:55:29,0 days,off-peak
02:59:04,0 days,off-peak
02:59:51,0 days,off-peak
03:03:21,0 days,off-peak
03:03:53,1 days,advance
03:10:31,1 days,advance
03:33:52,0 days,off-peak
03:55:57,0 days,off-peak
04:22:10,1 days,advance
04:25:40,0 days,off-peak
04:43:20,0 days,anytime
04:47:39,0 days,anytime
04:48:25,0 days,anytime
04:48:28,0 days,anytime
04:49:05,1 days,advance
04:53:42,0 days,anytime
05:00:56,0 days,anytime
05:01:59,1 days,advance
05:02:24,0 days,anytime
05:02:31,0 days,anytime
05:02:54,0 days,anytime
05:03:27,0 days,anytime
05:08:38,0 days,anytime
05:08:42,0 days,anytime
05:09:16,0 days,anytime
05:10:09,0 days,anytime
05:12:54,0 days,anytime
05:26:29,0 days,anytime
05:26:49,0 days,anytime
05:36:04,1 days,advance
05:49:01,0 days,anytime
05:57:03,1 days,advance
06:05:28,0 days,anytime
06:05:41,1 days,advance
06:06:29,0 days,anytime
06:08:17,0 days,anytime
06:09:18,0 days,anytime
06:10:03,0 days,anytime
06:11:23,0 days,anytime
06:21:23,0 days,anytime
06:25:07,1 days,advance
06:33:51,0 days,anytime
06:34:57,0 days,anytime
06:35:56,0 days,anytime
06:36:47,0 days,anytime
06:40:44,0 days,anytime
06:42:10,1 days,advance
06:42:38,0 days,anytime
06:46:09,1 days,advance
07:04:44,1 days,advance
07:09:05,0 days,anytime
07:16:11,0 days,anytime
07:16:41,0 days,anytime
07:17:41,0 days,anytime
07:20:11,0 days,anytime
07:21:42,0 days,anytime
07:22:03,0 days,anytime
07:23:12,1 days,advance
07:28:15,0 days,anytime
07:31:15,1 days,advance
07:33:07,0 days,off-peak
07:38:12,0 days,off-peak
07:52:17,1 days,advance
07:54:27,1 days,advance
07:56:25,1 days,advance
07:57:38,1 days,advance
07:58:53,1 days,advance
08:00:05,0 days,off-peak
08:00:23,1 days,advance
08:01:03,1 days,advance
08:01:54,1 days,advance
08:05:46,1 days,advance
08:05:53,1 days,advance
08:08:56,1 days,advance
08:09:10,1 days,advance
08:14:45,1 days,advance
08:15:29,1 days,advance
08:17:53,1 days,advance
08:18:14,0 days,off-peak
08:20:56,1 days,advance
08:25:53,1 days,advance
08:28:31,1 days,advance
08:35:12,1 days,advance
08:44:43,1 days,advance
08:48:35,0 days,off-peak
08:51:06,0 days,off-peak
09:00:47,1 days,advance
09:03:51,1 days,advance
09:10:01,1 days,advance
09:10:04,27 days,advance
09:10:17,1 days,advance
09:12:06,0 days,off-peak
09:16:08,0 days,off-peak
09:23:53,1 days,advance
09:32:36,1 days,advance
09:33:02,1 days,advance
09:33:11,0 days,off-peak
09:33:11,1 days,advance
09:36:09,1 days,advance
09:39:27,0 days,off-peak
09:39:40,1 days,advance
09:40:50,1 days,advance
09:42:18,1 days,advance
09:44:48,1 days,advance
09:53:47,0 days,off-peak
10:17:35,1 days,advance
10:22:41,1 days,advance
10:32:04,1 days,advance
10:33:17,1 days,advance
10:51:20,1 days,advance
10:53:16,1 days,advance
10:56:37,1 days,advance
11:08:41,0 days,off-peak
11:16:12,1 days,advance
11:28:39,0 days,off-peak
11:48:00,0 days,off-peak
11:52:48,1 days,advance
11:56:45,1 days,advance
12:10:25,0 days,off-peak
12:12:15,1 days,advance
12:21:23,0 days,off-peak
12:25:31,0 days,off-peak
12:26:00,0 days,off-peak
12:33:38,1 days,advance
12:36:54,1 days,advance
12:41:58,0 days,off-peak
12:44:55,1 days,advance
12:50:45,0 days,off-peak
13:00:31,0 days,off-peak
13:31:38,0 days,off-peak
13:32:22,0 days,off-peak
13:34:13,1 days,advance
13:42:09,0 days,off-peak
13:44:51,0 days,off-peak
14:02:18,1 days,advance
14:08:51,1 days,advance
14:09:15,0 days,anytime
14:10:33,0 days,anytime
14:15:53,1 days,advance
14:16:35,1 days,advance
14:22:26,0 days,off-peak
14:28:33,1 days,advance
14:29:03,1 days,advance
14:34:31,0 days,anytime
14:34:40,1 days,advance
14:35:27,0 days,anytime
14:36:47,1 days,advance
14:38:00,0 days,anytime
14:38:29,1 days,advance
14:42:36,0 days,anytime
14:42:38,0 days,anytime
14:43:17,0 days,anytime
14:44:51,0 days,anytime
14:45:53,0 days,anytime
14:46:18,0 days,anytime
14:47:36,0 days,anytime
14:51:36,0 days,anytime
15:07:27,1 days,advance
15:08:43,0 days,off-peak
15:10:33,0 days,anytime
15:13:59,1 days,advance
15:18:18,0 days,anytime
15:21:39,0 days,anytime
15:23:49,0 days,anytime
15:37:04,0 days,anytime
15:50:41,0 days,anytime
15:53:48,1 days,advance
15:55:34,0 days,anytime
15:57:17,1 days,advance
16:05:08,1 days,advance
16:12:40,0 days,anytime
16:19:30,1 days,advance
16:30:46,0 days,anytime
16:38:43,1 days,advance
16:53:56,1 days,advance
17:00:41,0 days,anytime
17:10:45,1 days,advance
17:11:23,0 days,anytime
17:12:32,0 days,anytime
17:15:18,1 days,advance
17:15:23,0 days,anytime
17:15:59,0 days,anytime
17:18:09,0 days,anytime
17:18:18,0 days,anytime
17:18:29,0 days,anytime
17:19:27,0 days,anytime
17:20:22,0 days,anytime
17:23:58,0 days,anytime
17:24:39,0 days,anytime
17:26:11,0 days,anytime
17:26:56,0 days,anytime
17:27:01,0 days,anytime
17:28:45,0 days,anytime
17:28:49,1 days,advance
17:31:51,1 days,advance
17:34:12,1 days,advance
17:37:03,1 days,advance
17:39:10,1 days,advance
17:49:08,1 days,advance
17:50:03,0 days,off-peak
17:57:16,0 days,off-peak
18:06:07,1 days,advance
18:13:44,0 days,anytime
18:19:07,0 days,anytime
18:20:12,0 days,anytime
18:28:41,1 days,advance
18:30:15,1 days,advance
18:33:25,1 days,advance
18:36:07,0 days,off-peak
18:37:09,0 days,off-peak
18:39:50,1 days,advance
18:45:47,1 days,advance
18:54:17,0 days,off-peak
18:54:26,1 days,advance
18:54:53,1 days,advance
18:56:32,1 days,advance
19:23:10,1 days,advance
19:24:22,1 days,advance
19:32:12,0 days,off-peak
19:32:47,1 days,advance
19:38:53,1 days,advance
19:41:50,1 days,advance
20:02:45,0 days,off-peak
20:03:01,1 days,advance
20:06:07,0 days,off-peak
20:07:17,0 days,off-peak
20:08:44,1 days,advance
20:09:54,0 days,off-peak
20:15:19,1 days,advance
20:15:31,1 days,advance
20:17:34,1 days,advance
20:20:46,1 days,advance
20:22:52,1 days,advance
20:23:35,1 days,advance
20:24:19,1 days,advance
20:24:37,1 days,advance
20:25:41,1 days,advance
20:26:18,1 days,advance
20:27:14,1 days,advance
20:28:13,1 days,advance
20:28:53,1 days,advance
20:31:23,1 days,advance
20:48:21,0 days,off-peak
20:50:29,0 days,off-peak
20:52:26,0 days,off-peak
20:56:06,1 days,advance
20:59:16,0 days,off-peak
21:36:43,1 days,advance
21:36:59,1 days,advance
21:50:28,1 days,advance
22:36:50,1 days,advance
22:44:19,1 days,advance
22:53:23,1 days,advance
23:09:45,1 days,advance
23:38:12,1 days,advance
23:49:26,1 days,advance
23:55:00,1 days,advance
23:56:00,1 days,advance
00:03:26,0 days,off-peak
00:08:51,0 days,off-peak
00:19:22,0 days,off-peak
00:22:51,0 days,off-peak
00:24:06,0 days,off-peak
00:30:53,2 days,advance
01:07:10,0 days,off-peak
01:12:53,1 days,advance
01:16:14,0 days,off-peak
01:18:12,1 days,advance
01:29:09,0 days,off-peak
01:37:31,1 days,advance
01:38:29,1 days,advance
01:41:11,1 days,advance
01:42:16,1 days,advance
02:00:57,1 days,advance
02:02:32,0 days,off-peak
02:02:50,0 days,off-peak
02:04:54,1 days,advance
02:07:57,0 days,off-peak
02:24:02,0 days,off-peak
02:32:22,0 days,off-peak
02:53:06,0 days,off-peak
03:01:10,0 days,off-peak
03:02:28,0 days,off-peak
03:06:50,0 days,off-peak
03:11:48,1 days,advance
03:25:51,1 days,advance
03:27:51,1 days,advance
03:34:15,1 days,advance
03:35:03,0 days,off-peak
03:36:15,0 days,off-peak
03:36:48,0 days,off-peak
03:40:27,0 days,off-peak
03:51:39,1 days,advance
03:52:17,1 days,advance
03:55:38,1 days,advance
03:56:06,1 days,advance
04:46:24,0 days,anytime
04:56:56,0 days,anytime
04:59:50,0 days,anytime
05:00:57,0 days,anytime
05:03:10,0 days,anytime
05:03:15,0 days,anytime
05:03:30,0 days,anytime
05:05:11,0 days,anytime
05:09:45,0 days,anytime
05:11:10,0 days,anytime
05:12:36,0 days,anytime
05:12:40,0 days,anytime
05:12:43,0 days,anytime
05:28:04,0 days,anytime
05:45:00,1 days,advance
05:46:46,1 days,advance
05:48:07,0 days,anytime
05:48:08,1 days,advance
05:49:14,1 days,advance
05:53:58,1 days,advance
05:59:43,0 days,anytime
06:04:22,0 days,anytime
06:06:25,1 days,advance
06:07:23,0 days,anytime
06:09:16,0 days,anytime
06:10:30,0 days,anytime
06:13:58,0 days,anytime
06:21:09,1 days,advance
06:21:53,0 days,anytime
06:30:25,0 days,anytime
06:31:22,0 days,anytime
06:37:12,1 days,advance
06:38:29,0 days,anytime
07:08:28,0 days,anytime
07:16:35,0 days,anytime
07:16:50,1 days,advance
07:18:34,0 days,anytime
07:19:36,0 days,anytime
07:26:50,0 days,anytime
07:27:07,0 days,anytime
07:27:32,0 days,anytime
07:28:16,0 days,anytime
07:32:02,1 days,advance
07:33:15,0 days,off-peak
07:41:45,0 days,off-peak
07:43:12,0 days,off-peak
07:43:56,1 days,advance
07:52:15,1 days,advance
07:52:57,1 days,advance
07:53:01,1 days,advance
07:55:41,1 days,advance
07:58:45,1 days,advance
08:01:02,1 days,advance
08:01:47,0 days,off-peak
08:03:25,1 days,advance
08:06:55,1 days,advance
08:07:13,1 days,advance
08:07:35,1 days,advance
08:09:40,0 days,off-peak
08:09:55,1 days,advance
08:10:25,1 days,advance
08:17:11,1 days,advance
08:21:39,1 days,advance
08:25:48,1 days,advance
08:26:04,1 days,advance
08:33:42,0 days,off-peak
08:54:15,0 days,off-peak
09:01:01,0 days,off-peak
09:03:14,1 days,advance
09:03:37,1 days,advance
09:05:10,1 days,advance
09:13:22,0 days,off-peak
09:30:30,1 days,advance
09:31:20,1 days,advance
09:34:25,1 days,advance
09:35:28,0 days,off-peak
09:38:01,1 days,advance
09:38:17,1 days,advance
09:39:08,1 days,advance
09:40:23,1 days,advance
09:42:30,1 days,advance
09:44:02,1 days,advance
09:44:38,0 days,off-peak
09:53:37,1 days,advance
10:08:11,1 days,advance
10:08:34,0 days,off-peak
10:18:56,0 days,off-peak
10:23:55,0 days,off-peak
10:28:54,1 days,advance
10:31:40,1 days,advance
10:32:23,1 days,advance
10:36:33,0 days,off-peak
10:40:04,0 days,off-peak
10:45:12,1 days,advance
10:46:04,1 days,advance
10:48:51,0 days,off-peak
10:59:00,1 days,advance
11:25:19,0 days,off-peak
11:38:39,0 days,off-peak
11:46:00,1 days,advance
11:46:23,0 days,off-peak
11:50:38,0 days,off-peak
11:55:36,1 days,advance
11:58:07,0 days,off-peak
12:12:09,1 days,advance
12:15:58,0 days,off-peak
12:19:49,0 days,off-peak
12:32:31,0 days,off-peak
12:40:30,1 days,advance
12:45:49,0 days,off-peak
13:15:24,1 days,advance
13:23:00,1 days,advance
13:36:34,0 days,off-peak
13:53:22,0 days,off-peak
13:54:50,0 days,off-peak
14:09:33,0 days,off-peak
14:13:06,0 days,off-peak
14:15:23,0 days,off-peak
14:24:03,1 days,advance
14:33:49,0 days,anytime
14:42:32,1 days,advance
14:46:40,1 days,advance
14:52:42,0 days,anytime
14:53:05,1 days,advance
14:54:03,1 days,advance
14:59:42,0 days,anytime
15:08:04,1 days,advance
15:13:33,0 days,anytime
15:16:40,0 days,anytime
15:17:49,0 days,anytime
15:34:51,1 days,advance
15:35:22,1 days,advance
15:36:47,1 days,advance
15:47:18,0 days,anytime
15:48:56,0 days,anytime
15:52:52,0 days,anytime
15:56:38,1 days,advance
16:01:50,0 days,anytime
16:02:51,0 days,anytime
16:04:51,0 days,anytime
16:05:57,0 days,anytime
16:13:22,0 days,anytime
16:13:37,0 days,anytime
16:15:03,1 days,advance
16:15:53,1 days,advance
16:16:36,0 days,anytime
16:26:20,1 days,advance
16:40:19,1 days,advance
16:41:16,1 days,advance
16:42:48,1 days,advance
16:47:05,1 days,advance
17:08:11,1 days,advance
17:14:30,0 days,anytime
17:17:54,0 days,anytime
17:18:53,0 days,anytime
17:19:09,1 days,advance
17:21:42,0 days,anytime
17:25:38,0 days,anytime
17:26:24,1 days,advance
17:27:38,0 days,anytime
17:29:01,0 days,anytime
17:32:39,1 days,advance
17:35:48,1 days,advance
17:41:08,1 days,advance
17:41:11,1 days,advance
17:43:07,1 days,advance
17:43:29,1 days,advance
17:50:06,1 days,advance
17:53:17,1 days,advance
17:54:18,1 days,advance
18:10:15,1 days,advance
18:16:29,0 days,anytime
18:18:05,0 days,anytime
18:19:44,0 days,anytime
18:20:42,0 days,anytime
18:23:30,0 days,anytime
18:27:27,0 days,off-peak
18:40:33,0 days,off-peak
18:48:22,1 days,advance
18:58:31,0 days,off-peak
19:29:26,1 days,advance
19:30:12,1 days,advance
19:34:35,1 days,advance
19:37:17,1 days,advance
19:39:19,1 days,advance
19:39:40,1 days,advance
19:42:46,1 days,advance
19:51:22,1 days,advance
19:56:27,0 days,off-peak
20:15:39,1 days,advance
20:15:55,1 days,advance
20:26:43,1 days,advance
20:27:54,1 days,advance
20:28:14,1 days,advance
20:34:28,1 days,advance
20:46:35,0 days,off-peak
21:48:34,1 days,advance
21:53:18,1 days,advance
21:57:20,1 days,advance
21:59:03,1 days,advance
22:33:11,1 days,advance
22:33:39,1 days,advance
22:34:40,1 days,advance
22:44:44,1 days,advance
23:06:15,1 days,advance
23:06:57,1 days,advance
23:45:12,1 days,advance
23:51:53,1 days,advance
23:57:51,1 days,advance
00:03:00,0 days,off-peak
00:08:28,1 days,advance
00:17:04,0 days,off-peak
00:19:51,0 days,off-peak
00:26:03,0 days,off-peak
00:27:06,2 days,advance
00:32:48,0 days,off-peak
00:34:07,2 days,advance
00:42:29,0 days,off-peak
00:43:53,0 days,off-peak
00:56:48,0 days,off-peak
00:58:32,0 days,off-peak
01:00:04,1 days,advance
01:00:47,0 days,off-peak
01:05:18,1 days,advance
01:17:23,0 days,off-peak
01:18:29,1 days,advance
01:19:58,0 days,off-peak
01:36:32,1 days,advance
01:40:09,1 days,advance
01:43:12,1 days,advance
01:43:24,1 days,advance
02:06:08,0 days,off-peak
02:09:13,1 days,advance
02:10:11,0 days,off-peak
02:16:25,0 days,off-peak
02:17:17,0 days,off-peak
02:30:24,1 days,advance
02:46:28,0 days,off-peak
02:47:44,0 days,off-peak
02:50:19,0 days,off-peak
03:00:31,0 days,off-peak
03:17:51,0 days,off-peak
03:25:13,0 days,off-peak
03:37:06,1 days,advance
03:37:41,1 days,advance
03:38:47,1 days,advance
03:50:38,1 days,advance
03:52:09,1 days,advance
03:57:21,1 days,advance
03:59:43,1 days,advance
04:19:02,0 days,off-peak
04:19:54,1 days,advance
04:39:51,0 days,anytime
04:45:06,1 days,advance
04:47:19,0 days,anytime
04:48:04,0 days,anytime
04:49:11,0 days,anytime
04:53:54,0 days,anytime
04:56:04,0 days,anytime
05:04:26,0 days,anytime
05:05:27,0 days,anytime
05:07:11,0 days,anytime
05:07:54,1 days,advance
05:14:46,0 days,anytime
05:15:51,1 days,advance
05:17:15,1 days,advance
05:19:55,0 days,anytime
05:28:53,1 days,advance
05:33:56,1 days,advance
05:50:32,0 days,anytime
05:50:48,1 days,advance
05:57:28,0 days,anytime
06:04:50,0 days,anytime
06:08:20,1 days,advance
06:09:08,1 days,advance
06:11:33,1 days,advance
06:11:54,0 days,anytime
06:13:49,0 days,anytime
06:14:52,0 days,anytime
06:17:45,1 days,advance
06:30:48,0 days,anytime
06:31:54,0 days,anytime
06:35:04,0 days,anytime
06:35:09,0 days,anytime
06:36:21,1 days,advance
06:37:19,0 days,anytime
06:40:32,0 days,anytime
06:41:47,0 days,anytime
06:43:35,0 days,anytime
06:44:23,0 days,anytime
06:47:06,0 days,anytime
06:59:55,0 days,anytime
07:15:52,0 days,anytime
07:18:34,0 days,anytime
07:19:10,0 days,anytime
07:20:52,0 days,anytime
07:24:06,0 days,anytime
07:25:37,1 days,advance
07:26:05,0 days,anytime
07:29:21,0 days,anytime
07:34:03,1 days,advance
07:35:58,0 days,off-peak
07:40:07,0 days,off-peak
07:41:06,0 days,anytime
07:43:25,1 days,advance
07:45:46,1 days,advance
07:48:01,1 days,advance
07:48:55,1 days,advance
07:51:22,1 days,advance
07:53:12,1 days,advance
07:54:04,1 days,advance
07:56:21,1 days,advance
07:59:40,1 days,advance
08:01:23,1 days,advance
08:01:31,1 days,advance
08:03:27,1 days,advance
08:06:47,1 days,advance
08:11:50,1 days,advance
08:12:10,1 days,advance
08:12:38,1 days,advance
08:13:52,1 days,advance
08:14:00,1 days,advance
08:14:24,1 days,advance
08:19:07,1 days,advance
08:19:18,1 days,advance
08:19:19,1 days,advance
08:21:23,1 days,advance
08:21:26,1 days,advance
08:22:13,1 days,advance
08:25:31,1 days,advance
08:27:03,1 days,advance
08:27:23,1 days,advance
08:35:24,1 days,advance
08:57:34,1 days,advance
09:00:46,1 days,advance
09:02:00,1 days,advance
09:05:13,1 days,advance
09:11:33,1 days,advance
09:24:01,0 days,off-peak
09:31:14,1 days,advance
09:32:32,1 days,advance
09:33:27,0 days,off-peak
09:36:59,1 days,advance
09:39:24,1 days,advance
09:39:53,1 days,advance
09:40:14,1 days,advance
09:42:08,1 days,advance
09:42:22,1 days,advance
09:43:24,0 days,off-peak
09:52:10,0 days,off-peak
10:14:33,0 days,off-peak
10:18:59,1 days,advance
10:26:21,1 days,advance
10:28:38,1 days,advance
10:31:45,1 days,advance
10:42:49,0 days,off-peak
10:44:57,0 days,off-peak
10:50:17,0 days,off-peak
10:55:47,1 days,advance
10:57:30,1 days,advance
11:14:37,0 days,off-peak
11:21:07,1 days,advance
11:26:22,1 days,advance
11:35:09,0 days,off-peak
11:42:00,0 days,off-peak
11:46:48,0 days,off-peak
11:48:33,0 days,off-peak
12:26:11,1 days,advance
12:32:08,1 days,advance
12:35:03,1 days,advance
12:52:32,0 days,off-peak
12:55:50,0 days,off-peak
12:58:24,1 days,advance
12:58:35,1 days,advance
13:11:28,0 days,off-peak
13:13:53,0 days,off-peak
13:29:08,0 days,off-peak
13:42:26,0 days,off-peak
13:43:42,1 days,advance
13:50:27,1 days,advance
14:05:21,0 days,off-peak
14:25:08,0 days,off-peak
14:30:53,0 days,anytime
14:31:07,0 days,anytime
14:33:45,0 days,anytime
14:34:40,0 days,anytime
14:47:41,1 days,advance
14:54:11,0 days,anytime
14:56:10,1 days,advance
14:58:02,1 days,advance
14:59:45,0 days,anytime
14:59:57,0 days,anytime
15:00:19,1 days,advance
15:11:33,1 days,advance
15:15:10,0 days,anytime
15:16:24,1 days,advance
15:18:05,0 days,anytime
15:18:38,0 days,anytime
15:40:04,0 days,anytime
15:46:48,1 days,advance
15:58:45,0 days,anytime
15:59:38,0 days,anytime
16:04:34,0 days,anytime
16:06:05,0 days,anytime
16:10:05,0 days,anytime
16:11:34,0 days,anytime
16:25:43,1 days,advance
16:27:29,0 days,anytime
16:50:45,0 days,anytime
17:11:24,1 days,advance
17:15:05,0 days,anytime
17:16:27,1 days,advance
17:17:29,1 days,advance
17:18:13,1 days,advance
17:19:08,0 days,anytime
17:19:14,0 days,anytime
17:23:06,1 days,advance
17:23:36,0 days,anytime
17:23:59,0 days,anytime
17:24:24,0 days,anytime
17:24:28,0 days,anytime
17:24:48,0 days,anytime
17:25:24,0 days,anytime
17:29:25,0 days,anytime
17:30:47,0 days,off-peak
17:31:46,1 days,advance
17:37:37,1 days,advance
17:38:38,1 days,advance
17:43:44,1 days,advance
17:44:09,1 days,advance
17:44:21,1 days,advance
17:45:03,1 days,advance
17:49:13,1 days,advance
17:55:04,1 days,advance
18:00:29,1 days,advance
18:01:06,1 days,advance
18:04:13,1 days,advance
18:06:15,1 days,advance
18:14:36,0 days,anytime
18:23:37,0 days,anytime
18:34:59,0 days,off-peak
18:36:47,1 days,advance
18:41:14,1 days,advance
18:43:10,0 days,off-peak
18:49:49,1 days,advance
19:24:16,1 days,advance
19:25:08,1 days,advance
19:25:09,1 days,advance
19:25:18,0 days,off-peak
19:30:44,1 days,advance
19:31:18,1 days,advance
19:31:25,1 days,advance
19:33:38,1 days,advance
19:34:21,0 days,off-peak
19:49:18,1 days,advance
19:55:38,1 days,advance
20:04:02,0 days,off-peak
20:09:07,1 days,advance
20:13:00,1 days,advance
20:15:37,1 days,advance
20:18:47,1 days,advance
20:18:47,1 days,advance
20:19:09,1 days,advance
20:19:34,1 days,advance
20:19:48,1 days,advance
20:21:32,1 days,advance
20:21:38,1 days,advance
20:23:37,1 days,advance
20:23:50,1 days,advance
20:25:05,1 days,advance
20:25:20,1 days,advance
20:26:46,1 days,advance
20:27:08,1 days,advance
20:27:47,1 days,advance
20:27:49,1 days,advance
20:28:21,1 days,advance
20:28:39,1 days,advance
20:29:17,1 days,advance
20:30:55,1 days,advance
20:31:58,0 days,off-peak
20:33:48,1 days,advance
20:39:53,1 days,advance
20:41:04,0 days,off-peak
21:33:09,1 days,advance
21:34:21,1 days,advance
21:34:43,1 days,advance
21:52:20,1 days,advance
21:53:08,1 days,advance
22:10:05,1 days,advance
22:44:42,1 days,advance
22:45:32,1 days,advance
22:48:37,1 days,advance
22:53:44,1 days,advance
23:09:27,1 days,advance
23:11:14,1 days,advance
23:11:28,1 days,advance
23:11:48,1 days,advance
23:22:30,1 days,advance
23:30:54,1 days,advance
23:34:18,1 days,advance
23:38:35,1 days,advance
23:56:14,1 days,advance
00:09:52,0 days,off-peak
00:17:49,0 days,off-peak
00:30:29,0 days,off-peak
00:33:54,0 days,off-peak
00:42:41,0 days,off-peak
00:44:17,0 days,off-peak
00:58:47,0 days,off-peak
00:59:43,0 days,off-peak
01:10:01,0 days,off-peak
01:10:19,0 days,off-peak
01:14:33,0 days,off-peak
01:17:18,0 days,off-peak
01:20:13,1 days,advance
01:22:24,0 days,off-peak
01:25:41,1 days,advance
01:38:36,1 days,advance
01:42:03,1 days,advance
01:42:45,1 days,advance
01:53:19,1 days,advance
02:02:52,1 days,advance
02:17:14,1 days,advance
02:19:02,0 days,off-peak
02:52:07,0 days,off-peak
02:52:37,1 days,advance
03:02:14,0 days,off-peak
03:02:58,0 days,off-peak
03:04:16,0 days,off-peak
03:12:36,0 days,off-peak
03:13:29,0 days,off-peak
03:16:11,1 days,advance
03:21:49,1 days,advance
03:22:41,1 days,advance
03:36:16,1 days,advance
03:37:43,1 days,advance
03:48:00,1 days,advance
03:49:30,1 days,advance
03:58:17,1 days,advance
04:21:11,0 days,off-peak
04:45:33,0 days,off-peak
04:52:14,0 days,off-peak
04:54:20,1 days,advance
04:55:17,0 days,off-peak
04:57:17,0 days,off-peak
04:57:18,0 days,off-peak
04:58:32,0 days,off-peak
05:04:08,0 days,off-peak
05:04:12,1 days,advance
05:08:41,0 days,off-peak
05:13:21,0 days,off-peak
05:14:26,0 days,off-peak
05:20:09,0 days,off-peak
05:21:26,0 days,off-peak
05:21:28,0 days,off-peak
05:24:21,0 days,off-peak
05:38:16,1 days,advance
05:39:02,1 days,advance
05:44:32,0 days,off-peak
05:51:10,0 days,off-peak
06:05:55,0 days,off-peak
06:06:06,0 days,off-peak
06:10:23,1 days,advance
06:10:46,0 days,off-peak
06:11:48,0 days,off-peak
06:12:30,0 days,off-peak
06:12:46,0 days,off-peak
06:13:45,1 days,advance
06:23:56,0 days,off-peak
06:31:03,0 days,off-peak
06:35:09,0 days,off-peak
06:38:54,0 days,off-peak
06:48:09,1 days,advance
06:48:47,0 days,off-peak
06:53:05,1 days,advance
06:55:49,0 days,off-peak
07:09:48,0 days,off-peak
07:15:51,0 days,off-peak
07:16:10,0 days,off-peak
07:18:17,0 days,off-peak
07:20:15,0 days,off-peak
07:21:31,0 days,off-peak
07:23:11,0 days,off-peak
07:24:12,0 days,off-peak
07:24:58,0 days,off-peak
07:26:56,0 days,off-peak
07:34:31,0 days,off-peak
07:43:21,0 days,off-peak
07:48:47,0 days,off-peak
07:49:54,0 days,off-peak
07:50:45,1 days,advance
07:53:38,1 days,advance
08:01:17,1 days,advance
08:05:12,1 days,advance
08:17:31,1 days,advance
08:17:32,1 days,advance
08:17:45,1 days,advance
08:18:18,1 days,advance
08:25:01,1 days,advance
08:25:59,1 days,advance
08:29:41,1 days,advance
08:41:23,1 days,advance
09:11:29,1 days,advance
09:12:28,0 days,off-peak
09:14:26,0 days,off-peak
09:21:35,0 days,off-peak
09:24:02,0 days,off-peak
09:26:30,1 days,advance
09:30:53,0 days,off-peak
09:31:26,1 days,advance
09:33:05,1 days,advance
09:37:03,1 days,advance
09:41:19,0 days,off-peak
09:42:59,1 days,advance
09:44:00,1 days,advance
09:50:48,0 days,off-peak
09:57:37,1 days,advance
09:59:04,1 days,advance
10:08:37,1 days,advance
10:13:05,1 days,advance
10:19:48,0 days,off-peak
10:22:07,0 days,off-peak
10:28:43,0 days,off-peak
10:30:32,1 days,advance
10:31:20,1 days,advance
10:32:43,0 days,off-peak
10:39:17,1 days,advance
10:42:35,1 days,advance
10:43:20,0 days,off-peak
10:48:46,1 days,advance
11:04:26,0 days,off-peak
11:05:12,0 days,off-peak
11:07:27,0 days,off-peak
11:24:32,1 days,advance
11:27:36,1 days,advance
11:48:02,0 days,off-peak
11:49:35,0 days,off-peak
11:51:13,1 days,advance
11:52:03,0 days,off-peak
11:57:18,1 days,advance
12:00:06,1 days,advance
12:00:21,0 days,off-peak
12:07:43,0 days,off-peak
12:12:45,0 days,off-peak
12:18:36,1 days,advance
12:20:27,0 days,off-peak
12:22:27,1 days,advance
12:37:23,1 days,advance
12:39:37,1 days,advance
12:42:02,0 days,off-peak
12:42:27,1 days,advance
12:56:55,0 days,off-peak
12:59:12,1 days,advance
12:59:21,1 days,advance
13:20:01,0 days,off-peak
13:20:49,0 days,off-peak
13:22:15,1 days,advance
13:29:04,0 days,off-peak
13:31:34,1 days,advance
13:37:52,0 days,off-peak
13:47:23,1 days,advance
13:52:28,1 days,advance
14:02:44,0 days,off-peak
14:24:30,0 days,off-peak
14:26:23,1 days,advance
14:29:38,0 days,off-peak
14:30:03,0 days,off-peak
14:32:59,1 days,advance
14:37:29,0 days,off-peak
14:50:23,1 days,advance
14:51:49,0 days,off-peak
14:54:54,0 days,off-peak
14:56:55,0 days,off-peak
14:57:06,1 days,advance
14:59:30,1 days,advance
15:01:25,0 days,off-peak
15:10:27,0 days,off-peak
15:17:10,0 days,off-peak
15:18:20,0 days,off-peak
15:20:22,1 days,advance
15:27:54,1 days,advance
15:31:37,0 days,off-peak
15:35:09,0 days,off-peak
15:36:05,0 days,off-peak
15:37:18,0 days,off-peak
15:43:23,0 days,off-peak
15:50:18,0 days,off-peak
15:54:01,1 days,advance
15:56:59,0 days,off-peak
15:59:04,0 days,off-peak
16:02:18,0 days,off-peak
16:06:00,0 days,off-peak
16:08:13,0 days,off-peak
16:14:54,0 days,off-peak
16:17:32,0 days,off-peak
16:20:10,0 days,off-peak
16:23:03,0 days,off-peak
16:38:33,1 days,advance
16:43:08,1 days,advance
17:00:06,0 days,off-peak
17:00:34,1 days,advance
17:00:38,0 days,off-peak
17:00:39,1 days,advance
17:02:53,0 days,off-peak
17:06:15,0 days,off-peak
17:09:56,0 days,off-peak
17:14:06,0 days,off-peak
17:15:04,0 days,off-peak
17:17:17,0 days,off-peak
17:18:44,0 days,off-peak
17:18:45,0 days,off-peak
17:19:09,1 days,advance
17:19:56,0 days,anytime
17:20:01,0 days,off-peak
17:23:35,1 days,advance
17:25:29,0 days,off-peak
17:25:32,1 days,advance
17:27:09,0 days,off-peak
17:29:07,1 days,advance
17:32:18,1 days,advance
17:32:26,1 days,advance
17:32:40,0 days,off-peak
17:33:23,1 days,advance
17:33:47,1 days,advance
17:35:17,1 days,advance
17:41:53,1 days,advance
17:46:50,1 days,advance
17:50:56,1 days,advance
17:51:58,1 days,advance
17:53:17,1 days,advance
17:54:04,1 days,advance
18:08:36,0 days,off-peak
18:08:40,1 days,advance
18:14:13,1 days,advance
18:14:22,1 days,advance
18:15:03,0 days,off-peak
18:19:26,1 days,advance
18:26:20,0 days,off-peak
18:42:00,0 days,off-peak
18:43:00,1 days,advance
18:50:21,0 days,off-peak
18:55:07,1 days,advance
18:56:58,0 days,off-peak
18:57:04,0 days,off-peak
19:06:44,0 days,off-peak
19:08:31,1 days,advance
19:22:53,1 days,advance
19:25:10,1 days,advance
19:27:23,1 days,advance
19:31:46,1 days,advance
19:31:49,1 days,advance
19:39:09,1 days,advance
19:41:39,1 days,advance
19:41:54,1 days,advance
19:42:05,1 days,advance
19:44:34,1 days,advance
19:51:45,1 days,advance
20:03:31,1 days,advance
20:18:52,1 days,advance
20:19:26,1 days,advance
20:20:40,1 days,advance
20:21:54,1 days,advance
20:22:04,1 days,advance
20:24:10,1 days,advance
20:24:28,1 days,advance
20:24:53,1 days,advance
20:25:42,1 days,advance
20:25:50,1 days,advance
20:27:28,1 days,advance
20:28:26,1 days,advance
20:29:36,1 days,advance
20:30:01,1 days,advance
20:32:24,1 days,advance
20:36:27,1 days,advance
20:42:28,1 days,advance
20:57:46,0 days,off-peak
20:58:33,1 days,advance
21:30:59,1 days,advance
21:33:07,1 days,advance
21:35:06,1 days,advance
21:42:50,1 days,advance
21:51:09,1 days,advance
23:07:10,1 days,advance
23:08:24,1 days,advance
23:13:26,1 days,advance
23:39:35,1 days,advance
23:51:09,1 days,advance
23:51:58,1 days,advance
23:58:44,1 days,advance
00:02:53,0 days,off-peak
00:03:58,0 days,off-peak
00:42:46,0 days,off-peak
00:48:05,0 days,off-peak
00:51:52,0 days,off-peak
01:00:09,1 days,advance
01:09:43,0 days,off-peak
01:14:25,0 days,off-peak
01:21:30,1 days,advance
01:29:42,0 days,off-peak
01:30:24,1 days,advance
01:33:37,1 days,advance
01:38:35,0 days,off-peak
01:54:18,0 days,off-peak
01:56:08,1 days,advance
02:04:52,0 days,off-peak
02:14:47,0 days,off-peak
02:48:06,0 days,off-peak
02:58:50,0 days,off-peak
02:59:17,0 days,off-peak
03:08:56,0 days,off-peak
03:25:39,1 days,advance
03:35:00,1 days,advance
03:37:38,1 days,advance
03:44:33,1 days,advance
03:47:25,0 days,off-peak
04:19:28,1 days,advance
04:22:09,1 days,advance
04:45:18,0 days,off-peak
04:58:25,0 days,off-peak
05:02:46,0 days,off-peak
05:03:09,0 days,off-peak
05:03:48,0 days,off-peak
05:05:23,0 days,off-peak
05:05:29,0 days,off-peak
05:06:56,0 days,off-peak
05:07:22,0 days,off-peak
05:10:11,0 days,off-peak
05:12:50,0 days,off-peak
05:14:16,1 days,advance
05:15:56,0 days,off-peak
05:17:13,0 days,off-peak
05:20:49,0 days,off-peak
05:22:50,0 days,off-peak
05:47:33,1 days,advance
05:48:17,0 days,off-peak
06:05:35,0 days,off-peak
06:31:19,0 days,off-peak
06:31:41,0 days,off-peak
06:35:07,0 days,off-peak
06:37:51,0 days,off-peak
06:37:54,0 days,off-peak
06:38:06,0 days,off-peak
06:39:49,0 days,off-peak
06:43:27,0 days,off-peak
06:52:58,1 days,advance
06:56:42,0 days,off-peak
07:07:48,1 days,advance
07:08:00,1 days,advance
07:16:03,0 days,off-peak
07:17:56,0 days,off-peak
07:18:42,0 days,off-peak
07:18:45,0 days,off-peak
07:20:26,0 days,off-peak
07:28:46,0 days,off-peak
07:29:52,0 days,off-peak
07:29:58,0 days,off-peak
07:30:58,0 days,off-peak
07:35:20,0 days,off-peak
07:39:25,0 days,off-peak
07:42:00,1 days,advance
07:50:53,1 days,advance
07:57:11,1 days,advance
08:01:04,1 days,advance
08:01:48,1 days,advance
08:01:51,1 days,advance
08:01:52,1 days,advance
08:03:10,1 days,advance
08:04:25,1 days,advance
08:05:22,1 days,advance
08:06:24,1 days,advance
08:07:41,1 days,advance
08:08:38,1 days,advance
08:09:06,1 days,advance
08:09:58,1 days,advance
08:10:35,1 days,advance
08:11:55,1 days,advance
08:12:44,1 days,advance
08:14:38,1 days,advance
08:17:17,1 days,advance
08:18:31,1 days,advance
08:19:20,1 days,advance
08:20:23,1 days,advance
08:22:20,1 days,advance
08:22:38,1 days,advance
08:24:57,1 days,advance
08:25:50,1 days,advance
08:25:58,1 days,advance
08:26:19,1 days,advance
08:29:46,1 days,advance
08:38:17,1 days,advance
08:49:57,1 days,advance
09:00:17,0 days,off-peak
09:01:00,1 days,advance
09:04:08,1 days,advance
09:07:28,1 days,advance
09:10:07,1 days,advance
09:13:31,1 days,advance
09:14:03,1 days,advance
09:14:14,1 days,advance
09:14:20,1 days,advance
09:21:50,0 days,off-peak
09:33:42,1 days,advance
09:33:43,1 days,advance
09:34:26,0 days,off-peak
09:37:13,0 days,off-peak
09:37:59,0 days,off-peak
09:40:16,1 days,advance
09:40:59,1 days,advance
09:41:17,1 days,advance
09:43:22,1 days,advance
09:45:08,1 days,advance
09:50:13,1 days,advance
09:54:19,1 days,advance
10:11:38,0 days,off-peak
10:15:44,1 days,advance
10:21:24,0 days,off-peak
10:22:22,1 days,advance
10:23:40,1 days,advance
10:24:47,1 days,advance
10:35:29,1 days,advance
10:36:22,0 days,off-peak
10:38:18,0 days,off-peak
10:39:35,1 days,advance
10:54:07,1 days,advance
10:54:16,0 days,off-peak
11:03:32,0 days,off-peak
11:13:15,0 days,off-peak
11:42:09,0 days,off-peak
11:44:24,0 days,off-peak
11:49:35,0 days,off-peak
12:05:50,0 days,off-peak
12:06:01,1 days,advance
12:10:18,0 days,off-peak
12:31:00,1 days,advance
12:34:50,0 days,off-peak
12:48:13,0 days,off-peak
12:48:41,0 days,off-peak
12:52:15,0 days,off-peak
13:26:28,1 days,advance
13:37:19,1 days,advance
13:38:04,1 days,advance
13:41:20,0 days,off-peak
14:03:40,0 days,off-peak
14:06:16,0 days,off-peak
14:11:14,0 days,off-peak
14:12:17,0 days,off-peak
14:16:59,0 days,off-peak
14:20:21,0 days,off-peak
14:34:39,0 days,off-peak
14:36:55,0 days,off-peak
14:37:18,0 days,off-peak
14:39:27,0 days,off-peak
14:40:04,0 days,off-peak
14:48:06,0 days,off-peak
14:49:31,1 days,advance
14:49:52,0 days,off-peak
14:50:34,0 days,off-peak
14:54:17,0 days,off-peak
14:57:28,0 days,off-peak
15:08:24,1 days,advance
15:15:09,0 days,off-peak
15:16:15,1 days,advance
15:18:45,0 days,off-peak
15:23:12,0 days,off-peak
15:29:25,0 days,off-peak
15:34:35,1 days,advance
15:37:03,0 days,off-peak
15:41:40,1 days,advance
15:43:43,0 days,off-peak
15:45:15,0 days,off-peak
15:45:27,0 days,off-peak
15:55:18,1 days,advance
15:58:06,1 days,advance
15:59:06,0 days,off-peak
16:07:19,0 days,off-peak
16:08:46,0 days,off-peak
16:11:30,0 days,off-peak
16:13:10,0 days,off-peak
16:20:10,0 days,off-peak
16:22:03,0 days,off-peak
16:22:32,0 days,off-peak
16:24:05,1 days,advance
16:24:30,1 days,advance
16:25:19,1 days,advance
16:30:33,1 days,advance
16:31:07,0 days,off-peak
16:38:30,0 days,off-peak
16:54:41,0 days,off-peak
17:15:00,1 days,advance
17:15:09,1 days,advance
17:16:29,0 days,off-peak
17:16:38,0 days,off-peak
17:17:17,0 days,off-peak
17:18:07,0 days,off-peak
17:18:08,1 days,advance
17:18:31,1 days,advance
17:19:14,0 days,off-peak
17:19:45,0 days,off-peak
17:19:50,1 days,advance
17:21:25,0 days,off-peak
17:22:07,0 days,off-peak
17:24:08,0 days,off-peak
17:24:11,0 days,off-peak
17:25:56,0 days,off-peak
17:26:48,0 days,off-peak
17:29:18,1 days,advance
17:29:59,0 days,off-peak
17:33:16,1 days,advance
17:34:20,1 days,advance
17:36:09,1 days,advance
17:40:11,1 days,advance
17:43:50,1 days,advance
17:43:56,0 days,off-peak
17:48:05,1 days,advance
17:49:03,1 days,advance
17:53:05,0 days,off-peak
17:53:11,1 days,advance
17:57:18,1 days,advance
18:00:11,1 days,advance
18:08:05,1 days,advance
18:10:35,1 days,advance
18:11:05,0 days,off-peak
18:12:55,1 days,advance
18:13:28,0 days,off-peak
18:15:38,0 days,off-peak
18:19:30,0 days,off-peak
18:19:31,0 days,off-peak
18:21:03,0 days,off-peak
18:21:36,0 days,off-peak
18:36:43,0 days,off-peak
18:46:32,0 days,off-peak
18:48:45,1 days,advance
18:51:27,0 days,off-peak
18:51:52,0 days,off-peak
18:53:48,0 days,off-peak
18:54:41,0 days,off-peak
18:55:36,1 days,advance
18:55:49,0 days,off-peak
18:56:35,0 days,off-peak
18:58:06,1 days,advance
19:21:06,1 days,advance
19:22:15,1 days,advance
19:22:45,1 days,advance
19:23:39,1 days,advance
19:26:58,1 days,advance
19:31:40,1 days,advance
19:33:25,1 days,advance
19:34:59,1 days,advance
19:39:20,1 days,advance
19:40:29,0 days,off-peak
19:41:26,1 days,advance
19:47:41,1 days,advance
20:11:08,0 days,off-peak
20:12:44,1 days,advance
20:13:02,1 days,advance
20:15:41,1 days,advance
20:18:49,1 days,advance
20:19:08,1 days,advance
20:22:17,1 days,advance
20:24:21,1 days,advance
20:26:36,1 days,advance
20:26:40,1 days,advance
20:26:54,1 days,advance
20:28:56,1 days,advance
20:29:53,1 days,advance
20:34:36,0 days,off-peak
20:48:27,0 days,off-peak
20:49:19,0 days,off-peak
20:52:52,1 days,advance
20:57:54,0 days,off-peak
21:16:38,1 days,advance
21:25:17,1 days,advance
21:29:53,1 days,advance
21:33:44,1 days,advance
21:34:22,1 days,advance
21:39:37,1 days,advance
21:44:02,1 days,advance
21:44:20,1 days,advance
21:49:19,1 days,advance
22:35:10,1 days,advance
22:43:14,1 days,advance
23:00:33,1 days,advance
23:02:01,1 days,advance
23:04:09,1 days,advance
23:42:10,1 days,advance
23:43:00,1 days,advance
23:43:52,1 days,advance
23:48:37,1 days,advance
00:16:45,0 days,off-peak
00:21:45,1 days,advance
00:24:43,0 days,off-peak
00:25:52,0 days,off-peak
00:27:34,2 days,advance
00:32:23,0 days,off-peak
00:36:02,0 days,off-peak
00:39:54,0 days,off-peak
00:43:11,0 days,off-peak
00:52:24,0 days,off-peak
00:55:54,0 days,off-peak
00:57:34,0 days,off-peak
01:01:11,0 days,off-peak
01:20:51,0 days,off-peak
01:31:39,0 days,off-peak
01:34:49,1 days,advance
01:35:58,1 days,advance
01:39:50,1 days,advance
01:51:52,0 days,off-peak
02:01:51,0 days,off-peak
02:02:13,1 days,advance
02:24:56,0 days,off-peak
02:27:20,0 days,off-peak
02:32:05,0 days,off-peak
03:00:46,0 days,off-peak
03:04:26,0 days,off-peak
03:30:14,0 days,off-peak
03:41:37,1 days,advance
03:53:16,1 days,advance
03:56:05,1 days,advance
03:58:04,1 days,advance
04:13:31,1 days,advance
04:15:14,1 days,advance
04:46:00,0 days,anytime
04:49:35,0 days,anytime
04:50:34,0 days,anytime
04:58:11,0 days,anytime
05:03:11,1 days,advance
05:06:48,0 days,anytime
05:08:42,0 days,anytime
05:09:13,0 days,anytime
05:10:33,0 days,anytime
05:10:39,0 days,anytime
05:12:16,0 days,anytime
05:13:51,1 days,advance
05:15:51,1 days,advance
05:25:14,0 days,anytime
05:27:27,0 days,anytime
05:28:43,0 days,anytime
05:29:01,1 days,advance
05:44:46,0 days,anytime
05:51:22,1 days,advance
05:51:47,1 days,advance
05:56:20,1 days,advance
06:01:00,1 days,advance
06:03:27,1 days,advance
06:03:58,1 days,advance
06:06:43,0 days,anytime
06:06:59,0 days,anytime
06:12:09,0 days,anytime
06:14:05,0 days,anytime
06:19:41,1 days,advance
06:30:06,0 days,anytime
06:30:17,0 days,anytime
06:34:07,0 days,anytime
06:38:45,0 days,anytime
06:41:17,0 days,anytime
06:42:25,0 days,anytime
06:44:35,0 days,anytime
06:46:48,0 days,anytime
06:47:32,1 days,advance
06:49:21,0 days,anytime
07:12:44,1 days,advance
07:18:49,0 days,anytime
07:19:06,0 days,anytime
07:23:59,1 days,advance
07:31:36,1 days,advance
07:35:02,0 days,off-peak
07:48:17,1 days,advance
07:48:41,1 days,advance
07:48:50,1 days,advance
07:49:54,1 days,advance
07:50:15,0 days,off-peak
07:53:09,1 days,advance
07:54:48,0 days,off-peak
07:59:40,1 days,advance
08:00:27,1 days,advance
08:03:52,0 days,off-peak
08:05:28,1 days,advance
08:06:59,1 days,advance
08:10:46,1 days,advance
08:11:15,1 days,advance
08:14:26,0 days,off-peak
08:16:31,1 days,advance
08:20:09,1 days,advance
08:24:54,1 days,advance
08:32:28,0 days,off-peak
08:44:27,1 days,advance
08:50:30,0 days,off-peak
08:51:34,1 days,advance
09:01:05,0 days,off-peak
09:03:03,1 days,advance
09:12:45,1 days,advance
09:17:58,1 days,advance
09:26:07,0 days,off-peak
09:32:00,1 days,advance
09:34:52,0 days,off-peak
09:35:45,1 days,advance
09:36:37,0 days,off-peak
09:36:45,1 days,advance
09:36:54,1 days,advance
09:38:53,1 days,advance
09:40:59,1 days,advance
09:42:54,1 days,advance
09:44:11,1 days,advance
09:54:29,1 days,advance
09:57:33,1 days,advance
10:16:17,0 days,off-peak
10:21:40,0 days,off-peak
10:42:06,1 days,advance
10:43:15,0 days,off-peak
10:52:22,0 days,off-peak
10:57:41,1 days,advance
11:15:51,0 days,off-peak
11:29:30,0 days,off-peak
11:46:27,1 days,advance
11:48:54,0 days,off-peak
11:49:19,0 days,off-peak
11:51:19,0 days,off-peak
11:53:36,0 days,off-peak
11:58:05,0 days,off-peak
11:59:18,0 days,off-peak
11:59:58,1 days,advance
12:01:28,0 days,off-peak
12:07:38,0 days,off-peak
12:14:08,0 days,off-peak
12:17:56,1 days,advance
12:28:47,0 days,off-peak
12:29:08,0 days,off-peak
12:34:11,1 days,advance
12:38:55,1 days,advance
12:48:17,1 days,advance
13:27:03,1 days,advance
13:34:49,1 days,advance
13:50:48,1 days,advance
14:05:13,0 days,off-peak
14:11:59,1 days,advance
14:15:11,0 days,off-peak
14:17:02,0 days,off-peak
14:24:39,0 days,off-peak
14:30:38,0 days,anytime
14:30:48,0 days,anytime
14:37:11,0 days,anytime
14:44:38,1 days,advance
14:55:20,0 days,anytime
14:58:48,1 days,advance
14:58:51,0 days,anytime
15:03:49,0 days,anytime
15:04:29,0 days,anytime
15:04:32,1 days,advance
15:04:36,1 days,advance
15:08:15,0 days,anytime
15:13:59,0 days,anytime
15:15:10,0 days,anytime
15:42:32,0 days,anytime
15:46:22,1 days,advance
15:48:53,0 days,anytime
15:49:12,0 days,anytime
15:52:27,0 days,anytime
15:55:19,0 days,anytime
16:00:39,0 days,anytime
16:02:14,0 days,anytime
16:05:13,0 days,anytime
16:06:01,0 days,anytime
16:09:06,0 days,anytime
16:10:27,0 days,anytime
16:11:11,0 days,anytime
16:13:41,0 days,anytime
16:14:53,0 days,anytime
16:34:29,0 days,anytime
16:48:23,0 days,anytime
17:05:15,1 days,advance
17:05:35,0 days,anytime
17:08:27,1 days,advance
17:08:54,0 days,anytime
17:12:15,0 days,anytime
17:13:32,0 days,anytime
17:13:48,0 days,anytime
17:15:00,0 days,anytime
17:17:17,0 days,anytime
17:17:25,0 days,anytime
17:17:25,0 days,anytime
17:17:36,1 days,advance
17:18:19,0 days,anytime
17:18:27,1 days,advance
17:18:32,0 days,anytime
17:19:04,0 days,anytime
17:21:19,0 days,anytime
17:21:25,0 days,anytime
17:22:31,0 days,anytime
17:25:20,1 days,advance
17:26:24,0 days,anytime
17:27:49,0 days,anytime
17:29:04,1 days,advance
17:30:45,1 days,advance
17:37:45,1 days,advance
17:38:09,0 days,off-peak
17:43:27,1 days,advance
17:45:22,1 days,advance
17:47:50,1 days,advance
17:53:33,0 days,off-peak
18:19:08,0 days,anytime
18:21:49,0 days,anytime
18:29:44,0 days,off-peak
18:41:09,0 days,off-peak
18:48:08,1 days,advance
18:50:54,0 days,off-peak
18:51:18,1 days,advance
18:53:33,1 days,advance
18:56:23,0 days,off-peak
19:05:54,1 days,advance
19:15:27,1 days,advance
19:22:34,1 days,advance
19:29:41,1 days,advance
19:31:43,0 days,off-peak
19:32:26,1 days,advance
19:35:31,1 days,advance
19:40:49,1 days,advance
19:42:57,1 days,advance
19:44:57,1 days,advance
19:56:30,0 days,off-peak
20:00:12,0 days,off-peak
20:00:21,1 days,advance
20:03:21,0 days,off-peak
20:09:42,0 days,off-peak
20:09:52,0 days,off-peak
20:14:28,1 days,advance
20:21:26,1 days,advance
20:21:44,1 days,advance
20:25:20,1 days,advance
20:25:36,1 days,advance
20:27:07,1 days,advance
20:27:12,1 days,advance
20:27:28,1 days,advance
20:28:26,1 days,advance
20:29:30,1 days,advance
20:34:32,1 days,advance
20:49:12,1 days,advance
20:59:09,0 days,off-peak
21:26:53,1 days,advance
21:44:57,1 days,advance
21:50:22,1 days,advance
21:55:00,1 days,advance
22:30:12,1 days,advance
22:32:45,1 days,advance
22:38:32,1 days,advance
22:50:08,1 days,advance
22:57:02,1 days,advance
23:05:12,1 days,advance
23:13:45,1 days,advance
23:16:48,1 days,advance
23:21:33,1 days,advance
23:36:32,1 days,advance
23:45:39,1 days,advance
23:49:31,1 days,advance
23:59:34,1 days,advance
00:05:56,1 days,advance
00:11:52,1 days,advance
00:15:58,0 days,off-peak
00:26:33,0 days,off-peak
00:31:23,0 days,off-peak
00:55:30,0 days,off-peak
01:16:09,0 days,off-peak
01:23:01,1 days,advance
01:28:18,1 days,advance
01:28:47,1 days,advance
01:30:06,0 days,off-peak
01:43:36,1 days,advance
01:44:16,1 days,advance
01:55:20,0 days,off-peak
02:12:52,0 days,off-peak
02:27:40,0 days,off-peak
02:31:34,0 days,off-peak
03:02:07,0 days,off-peak
03:03:33,0 days,off-peak
03:08:31,0 days,off-peak
03:17:10,0 days,off-peak
03:25:11,1 days,advance
03:34:48,0 days,off-peak
03:39:00,0 days,off-peak
03:40:36,1 days,advance
03:47:38,1 days,advance
03:54:27,1 days,advance
03:56:34,1 days,advance
04:06:44,0 days,off-peak
04:24:20,1 days,advance
04:31:33,0 days,anytime
04:40:29,1 days,advance
04:45:26,0 days,anytime
04:50:35,0 days,anytime
04:52:53,0 days,anytime
05:02:03,0 days,anytime
05:02:33,0 days,anytime
05:03:03,0 days,anytime
05:03:20,0 days,anytime
05:11:19,0 days,anytime
05:11:26,0 days,anytime
05:12:58,0 days,anytime
05:14:28,1 days,advance
05:14:35,0 days,anytime
05:14:54,0 days,anytime
05:27:01,0 days,anytime
05:28:02,0 days,anytime
05:29:14,0 days,anytime
05:35:40,1 days,advance
05:36:12,0 days,anytime
05:36:25,0 days,anytime
05:40:54,1 days,advance
05:42:55,1 days,advance
05:53:46,1 days,advance
05:55:38,1 days,advance
05:58:12,0 days,anytime
05:58:53,1 days,advance
06:01:26,1 days,advance
06:01:51,0 days,anytime
06:09:22,0 days,anytime
06:14:06,0 days,anytime
06:20:58,0 days,anytime
06:32:22,0 days,anytime
06:32:35,1 days,advance
06:33:30,0 days,anytime
06:35:10,0 days,anytime
06:37:58,1 days,advance
06:41:54,0 days,anytime
06:46:40,0 days,anytime
07:16:27,1 days,advance
07:16:38,0 days,anytime
07:18:41,0 days,anytime
07:19:39,0 days,anytime
07:22:07,0 days,anytime
07:25:54,0 days,anytime
07:28:21,0 days,anytime
07:29:08,0 days,anytime
07:41:10,0 days,off-peak
07:43:44,0 days,off-peak
07:52:12,1 days,advance
07:52:43,1 days,advance
07:55:17,1 days,advance
07:56:59,1 days,advance
07:58:18,1 days,advance
07:58:57,1 days,advance
07:59:23,1 days,advance
08:02:53,1 days,advance
08:04:53,1 days,advance
08:11:14,1 days,advance
08:12:33,1 days,advance
08:15:48,1 days,advance
08:16:02,1 days,advance
08:17:05,1 days,advance
08:21:08,1 days,advance
08:22:39,1 days,advance
08:26:52,1 days,advance
08:29:58,1 days,advance
08:35:51,1 days,advance
08:42:37,1 days,advance
09:01:56,1 days,advance
09:08:33,1 days,advance
09:09:34,1 days,advance
09:10:53,1 days,advance
09:20:47,0 days,off-peak
09:30:27,0 days,off-peak
09:33:37,0 days,off-peak
09:33:40,0 days,off-peak
09:34:27,1 days,advance
09:34:34,1 days,advance
09:37:01,1 days,advance
09:38:00,0 days,off-peak
09:41:46,1 days,advance
09:41:49,1 days,advance
09:44:36,1 days,advance
09:54:31,1 days,advance
10:07:50,0 days,off-peak
10:29:04,1 days,advance
10:44:20,1 days,advance
10:50:31,1 days,advance
11:07:33,1 days,advance
11:23:46,0 days,off-peak
11:29:19,0 days,off-peak
11:32:33,0 days,off-peak
11:39:29,0 days,off-peak
11:42:39,0 days,off-peak
11:54:30,1 days,advance
11:57:32,0 days,off-peak
12:01:30,1 days,advance
12:03:22,0 days,off-peak
12:09:28,0 days,off-peak
12:10:49,0 days,off-peak
12:12:00,0 days,off-peak
12:26:12,0 days,off-peak
12:27:03,0 days,off-peak
12:29:52,1 days,advance
12:33:14,0 days,off-peak
12:33:58,1 days,advance
12:41:28,1 days,advance
12:46:49,0 days,off-peak
13:01:07,0 days,off-peak
13:41:02,0 days,off-peak
13:47:07,1 days,advance
13:48:41,0 days,off-peak
14:02:40,1 days,advance
14:23:33,0 days,off-peak
14:29:25,1 days,advance
14:30:48,0 days,anytime
14:33:47,0 days,anytime
14:35:10,0 days,anytime
14:35:26,1 days,advance
14:37:50,0 days,anytime
14:41:12,0 days,anytime
14:42:12,0 days,anytime
14:42:43,0 days,anytime
14:44:10,0 days,anytime
14:45:23,1 days,advance
14:45:51,0 days,anytime
14:50:38,0 days,anytime
14:58:00,0 days,anytime
14:59:16,0 days,anytime
15:08:28,1 days,advance
15:08:59,0 days,off-peak
15:09:23,1 days,advance
15:10:56,0 days,anytime
15:13:50,0 days,anytime
15:20:00,1 days,advance
15:27:36,1 days,advance
15:31:41,1 days,advance
15:39:36,1 days,advance
15:48:29,0 days,anytime
15:51:15,0 days,anytime
15:52:39,0 days,anytime
15:52:41,1 days,advance
15:55:37,1 days,advance
15:59:37,0 days,anytime
16:00:04,0 days,anytime
16:01:43,1 days,advance
16:03:35,0 days,anytime
16:04:11,0 days,anytime
16:06:27,0 days,anytime
16:07:21,0 days,anytime
16:12:02,0 days,anytime
16:17:42,1 days,advance
16:19:52,1 days,advance
16:22:11,1 days,advance
16:22:32,1 days,advance
16:24:30,1 days,advance
16:26:36,1 days,advance
16:30:16,0 days,anytime
16:49:19,0 days,anytime
17:07:17,1 days,advance
17:11:46,0 days,anytime
17:17:26,0 days,anytime
17:21:20,0 days,anytime
17:21:42,0 days,anytime
17:23:15,0 days,anytime
17:24:53,1 days,advance
17:26:39,1 days,advance
17:27:51,0 days,anytime
17:29:47,0 days,anytime
17:30:13,1 days,advance
17:32:41,1 days,advance
17:32:48,1 days,advance
17:37:03,1 days,advance
17:38:41,1 days,advance
17:39:17,1 days,advance
17:41:46,1 days,advance
17:43:48,1 days,advance
17:44:29,1 days,advance
17:44:30,1 days,advance
17:44:52,1 days,advance
17:45:29,1 days,advance
17:48:07,1 days,advance
17:52:13,1 days,advance
17:55:10,1 days,advance
17:56:30,1 days,advance
17:56:44,1 days,advance
17:59:06,1 days,advance
18:07:38,1 days,advance
18:07:50,1 days,advance
18:15:44,0 days,anytime
18:18:14,0 days,anytime
18:31:16,0 days,off-peak
18:41:13,1 days,advance
18:48:36,1 days,advance
18:50:57,0 days,off-peak
18:59:25,0 days,off-peak
19:20:19,1 days,advance
19:29:12,1 days,advance
19:50:28,1 days,advance
20:01:46,1 days,advance
20:02:54,1 days,advance
20:15:24,1 days,advance
20:18:01,1 days,advance
20:20:48,21 days,advance
20:21:06,1 days,advance
20:21:28,1 days,advance
20:23:11,1 days,advance
20:23:45,1 days,advance
20:25:14,1 days,advance
20:28:50,1 days,advance
20:32:12,0 days,off-peak
20:33:48,1 days,advance
20:59:24,0 days,off-peak
21:27:20,1 days,advance
21:33:24,1 days,advance
21:54:10,1 days,advance
22:09:08,1 days,advance
22:34:51,1 days,advance
22:40:34,1 days,advance
22:47:01,1 days,advance
23:08:01,1 days,advance
23:10:39,1 days,advance
23:30:59,1 days,advance
23:36:38,1 days,advance
23:42:28,1 days,advance
00:00:20,0 days,off-peak
00:04:18,0 days,off-peak
00:14:46,0 days,off-peak
00:20:34,0 days,off-peak
00:26:45,0 days,off-peak
00:32:48,0 days,off-peak
00:37:40,0 days,off-peak
00:37:41,0 days,off-peak
00:40:11,0 days,off-peak
00:48:36,0 days,off-peak
00:48:58,1 days,advance
00:56:17,1 days,advance
00:59:02,0 days,off-peak
01:06:41,1 days,advance
01:16:09,1 days,advance
01:17:06,1 days,advance
01:18:31,1 days,advance
01:23:53,0 days,off-peak
01:25:22,1 days,advance
01:29:24,0 days,off-peak
01:30:00,1 days,advance
01:51:58,1 days,advance
01:54:31,1 days,advance
02:00:16,1 days,advance
02:01:00,1 days,advance
02:20:47,1 days,advance
02:26:23,0 days,off-peak
02:28:00,0 days,off-peak
02:29:50,1 days,advance
02:30:21,0 days,off-peak
02:48:46,0 days,off-peak
02:51:42,0 days,off-peak
03:11:52,0 days,off-peak
03:33:10,1 days,advance
03:35:41,0 days,off-peak
03:40:09,1 days,advance
03:43:37,0 days,off-peak
03:43:46,1 days,advance
03:59:34,1 days,advance
04:14:53,0 days,off-peak
04:19:37,0 days,off-peak
04:20:24,0 days,off-peak
04:26:07,0 days,off-peak
04:33:17,1 days,advance
04:36:30,1 days,advance
04:46:38,1 days,advance
04:48:23,0 days,anytime
04:50:14,0 days,anytime
04:51:21,1 days,advance
04:51:57,0 days,anytime
04:57:44,0 days,anytime
04:58:03,0 days,anytime
04:58:37,0 days,anytime
05:00:28,0 days,anytime
05:00:59,0 days,anytime
05:01:16,0 days,anytime
05:10:40,0 days,anytime
05:11:37,0 days,anytime
05:17:29,0 days,anytime
05:31:12,1 days,advance
05:47:01,0 days,anytime
05:50:28,1 days,advance
06:03:20,0 days,anytime
06:05:28,1 days,advance
06:09:47,0 days,anytime
06:11:02,0 days,anytime
06:15:40,0 days,anytime
06:30:40,0 days,anytime
06:31:08,0 days,anytime
06:35:56,1 days,advance
06:38:23,0 days,anytime
06:38:27,0 days,anytime
06:41:10,0 days,anytime
06:41:49,0 days,anytime
06:43:48,0 days,anytime
06:44:45,0 days,anytime
07:01:08,0 days,anytime
07:15:02,0 days,anytime
07:15:08,0 days,anytime
07:19:56,0 days,anytime
07:23:30,0 days,anytime
07:26:41,0 days,anytime
07:27:21,0 days,anytime
07:39:01,0 days,off-peak
07:43:15,0 days,anytime
07:45:25,0 days,off-peak
07:46:39,19 days,advance
07:48:22,1 days,advance
07:51:47,0 days,off-peak
07:53:58,1 days,advance
07:54:42,0 days,anytime
07:56:01,1 days,advance
07:57:42,0 days,off-peak
08:01:37,1 days,advance
08:03:11,1 days,advance
08:06:40,1 days,advance
08:06:42,1 days,advance
08:16:11,1 days,advance
08:16:11,1 days,advance
08:17:59,1 days,advance
08:29:46,1 days,advance
09:04:09,1 days,advance
09:05:18,1 days,advance
09:05:32,1 days,advance
09:06:28,1 days,advance
09:08:09,1 days,advance
09:08:25,1 days,advance
09:13:58,1 days,advance
09:14:35,1 days,advance
09:24:59,1 days,advance
09:26:22,0 days,off-peak
09:31:41,1 days,advance
09:32:22,1 days,advance
09:33:16,1 days,advance
09:33:54,1 days,advance
09:35:11,1 days,advance
09:35:18,1 days,advance
09:38:37,0 days,off-peak
09:39:05,1 days,advance
09:42:46,1 days,advance
09:58:49,1 days,advance
10:01:51,1 days,advance
10:03:50,0 days,off-peak
10:14:15,1 days,advance
10:14:16,0 days,off-peak
10:15:24,1 days,advance
10:21:45,1 days,advance
10:25:15,0 days,off-peak
10:27:41,0 days,off-peak
10:31:52,1 days,advance
10:40:51,1 days,advance
10:44:49,1 days,advance
10:51:21,0 days,off-peak
11:11:07,1 days,advance
11:21:13,0 days,off-peak
11:27:30,0 days,off-peak
11:28:09,1 days,advance
11:41:20,0 days,off-peak
11:45:34,1 days,advance
11:47:04,0 days,off-peak
11:52:35,1 days,advance
11:54:37,1 days,advance
11:54:45,0 days,off-peak
11:55:01,0 days,off-peak
11:58:36,0 days,off-peak
11:59:27,0 days,off-peak
11:59:40,1 days,advance
12:00:45,1 days,advance
12:03:14,0 days,off-peak
12:04:29,1 days,advance
12:08:43,1 days,advance
12:29:01,0 days,off-peak
12:30:07,0 days,off-peak
12:37:02,0 days,off-peak
12:39:42,1 days,advance
13:24:59,0 days,off-peak
13:37:01,1 days,advance
13:38:24,0 days,off-peak
13:50:25,1 days,advance
14:07:44,1 days,advance
14:14:55,0 days,off-peak
14:20:10,0 days,off-peak
14:23:38,0 days,off-peak
14:33:09,1 days,advance
14:33:19,1 days,advance
14:37:18,0 days,anytime
14:39:15,0 days,anytime
14:40:58,0 days,anytime
14:46:34,0 days,anytime
14:51:40,1 days,advance
14:52:54,0 days,anytime
14:58:22,1 days,advance
15:06:03,0 days,off-peak
15:09:48,1 days,advance
15:11:12,0 days,anytime
15:16:26,0 days,anytime
15:17:11,0 days,anytime
15:18:50,0 days,anytime
15:20:24,1 days,advance
15:20:51,0 days,anytime
15:23:27,0 days,anytime
15:23:48,1 days,advance
15:29:31,0 days,anytime
15:30:23,1 days,advance
15:36:26,0 days,anytime
15:55:36,1 days,advance
15:57:53,1 days,advance
15:58:44,0 days,anytime
15:59:23,1 days,advance
16:03:34,1 days,advance
16:04:35,0 days,anytime
16:07:00,1 days,advance
16:08:06,0 days,anytime
16:08:39,1 days,advance
16:10:04,0 days,anytime
16:10:24,1 days,advance
16:11:08,1 days,advance
16:13:44,0 days,anytime
16:26:38,0 days,anytime
16:27:02,1 days,advance
16:31:26,1 days,advance
16:31:40,1 days,advance
16:36:53,1 days,advance
16:37:24,1 days,advance
16:53:55,0 days,anytime
17:04:34,0 days,anytime
17:13:08,1 days,advance
17:14:21,0 days,anytime
17:15:33,0 days,anytime
17:16:20,0 days,anytime
17:19:28,0 days,anytime
17:20:09,0 days,anytime
17:20:23,0 days,anytime
17:21:51,0 days,anytime
17:24:12,0 days,anytime
17:26:20,0 days,anytime
17:26:58,0 days,anytime
17:28:57,0 days,anytime
17:29:09,0 days,anytime
17:32:33,1 days,advance
17:34:38,1 days,advance
17:38:12,1 days,advance
17:38:51,1 days,advance
17:48:42,0 days,off-peak
17:48:45,1 days,advance
17:50:09,1 days,advance
17:52:37,0 days,off-peak
17:55:49,0 days,off-peak
17:55:50,1 days,advance
17:59:54,1 days,advance
18:03:40,1 days,advance
18:12:57,0 days,anytime
18:16:45,1 days,advance
18:24:08,1 days,advance
18:32:21,1 days,advance
18:32:45,0 days,off-peak
18:42:07,1 days,advance
18:45:53,1 days,advance
18:47:36,0 days,off-peak
19:05:26,1 days,advance
19:11:14,0 days,off-peak
19:27:47,1 days,advance
19:28:28,1 days,advance
19:28:55,1 days,advance
19:30:37,1 days,advance
19:34:22,1 days,advance
19:35:13,1 days,advance
19:36:42,1 days,advance
19:37:29,1 days,advance
19:42:06,0 days,off-peak
19:45:44,1 days,advance
19:58:35,0 days,off-peak
20:00:34,1 days,advance
20:01:26,0 days,off-peak
20:02:09,1 days,advance
20:05:52,0 days,off-peak
20:13:11,1 days,advance
20:15:24,1 days,advance
20:15:53,1 days,advance
20:17:28,1 days,advance
20:20:52,1 days,advance
20:21:16,1 days,advance
20:21:47,1 days,advance
20:24:16,1 days,advance
20:25:07,1 days,advance
20:25:18,1 days,advance
20:26:05,1 days,advance
20:26:43,1 days,advance
20:28:03,1 days,advance
20:29:57,1 days,advance
20:33:42,1 days,advance
21:45:20,1 days,advance
21:46:43,1 days,advance
21:56:21,1 days,advance
22:04:52,1 days,advance
22:35:04,1 days,advance
22:35:31,1 days,advance
23:02:25,1 days,advance
23:10:38,1 days,advance
23:11:22,1 days,advance
23:19:08,1 days,advance
23:42:22,1 days,advance
23:44:20,1 days,advance
00:13:14,0 days,off-peak
00:16:00,0 days,off-peak
00:19:08,0 days,off-peak
00:24:11,0 days,off-peak
00:31:50,1 days,advance
00:40:13,0 days,off-peak
00:51:01,1 days,advance
01:00:38,0 days,off-peak
01:03:47,0 days,off-peak
01:15:48,1 days,advance
01:16:15,0 days,off-peak
01:20:45,0 days,off-peak
01:21:54,0 days,off-peak
01:22:18,1 days,advance
01:22:45,1 days,advance
01:23:26,1 days,advance
01:29:56,0 days,off-peak
01:36:45,1 days,advance
01:37:02,1 days,advance
01:50:42,1 days,advance
02:06:54,1 days,advance
02:07:28,0 days,off-peak
02:44:35,1 days,advance
02:46:38,0 days,off-peak
02:48:27,0 days,off-peak
02:56:23,0 days,off-peak
03:01:57,0 days,off-peak
03:28:33,1 days,advance
03:37:16,1 days,advance
03:40:11,0 days,off-peak
03:44:02,0 days,off-peak
03:50:59,1 days,advance
03:58:59,0 days,off-peak
04:09:34,0 days,off-peak
04:19:13,0 days,off-peak
04:19:26,0 days,off-peak
04:21:31,1 days,advance
04:22:32,0 days,off-peak
04:23:50,0 days,off-peak
04:28:56,1 days,advance
04:51:26,0 days,anytime
04:54:57,0 days,anytime
04:56:49,0 days,anytime
04:57:02,0 days,anytime
04:58:03,0 days,anytime
05:03:27,0 days,anytime
05:03:56,0 days,anytime
05:05:51,0 days,anytime
05:12:01,0 days,anytime
05:13:38,0 days,anytime
05:16:59,0 days,anytime
05:26:32,0 days,anytime
05:30:25,0 days,anytime
05:33:51,0 days,anytime
05:42:42,1 days,advance
05:45:12,1 days,advance
05:50:12,1 days,advance
05:58:41,1 days,advance
06:02:36,1 days,advance
06:05:19,0 days,anytime
06:08:15,1 days,advance
06:10:44,1 days,advance
06:11:48,0 days,anytime
06:19:33,0 days,anytime
06:30:53,0 days,anytime
06:34:07,0 days,anytime
06:34:51,0 days,anytime
06:41:09,0 days,anytime
06:44:10,0 days,anytime
06:48:18,0 days,anytime
06:50:30,0 days,anytime
06:54:49,0 days,anytime
06:58:41,0 days,anytime
07:15:05,0 days,anytime
07:17:24,0 days,anytime
07:17:52,0 days,anytime
07:18:42,0 days,anytime
07:23:06,0 days,anytime
07:24:40,0 days,anytime
07:25:31,1 days,advance
07:26:12,0 days,anytime
07:26:37,0 days,anytime
07:28:18,0 days,anytime
07:36:57,0 days,off-peak
07:45:10,0 days,anytime
07:47:59,1 days,advance
07:48:23,1 days,advance
07:49:07,1 days,advance
07:50:07,1 days,advance
07:51:44,1 days,advance
07:58:22,0 days,off-peak
07:58:28,0 days,off-peak
08:07:28,18 days,advance
08:08:43,1 days,advance
08:09:20,0 days,off-peak
08:12:08,1 days,advance
08:15:40,1 days,advance
08:17:29,1 days,advance
08:18:35,1 days,advance
08:18:36,1 days,advance
08:19:55,1 days,advance
08:20:24,1 days,advance
08:24:06,1 days,advance
08:24:11,1 days,advance
08:24:25,1 days,advance
08:44:39,1 days,advance
08:55:09,1 days,advance
09:02:31,1 days,advance
09:07:52,0 days,off-peak
09:11:08,1 days,advance
09:14:29,1 days,advance
09:21:25,1 days,advance
09:30:05,1 days,advance
09:32:17,1 days,advance
09:37:44,1 days,advance
09:39:33,1 days,advance
09:41:24,1 days,advance
09:43:07,1 days,advance
09:48:39,1 days,advance
09:59:34,0 days,off-peak
10:10:18,1 days,advance
10:16:09,0 days,off-peak
10:16:34,1 days,advance
10:17:41,1 days,advance
10:21:50,1 days,advance
10:34:41,0 days,off-peak
10:44:17,0 days,off-peak
10:48:27,0 days,off-peak
10:53:32,0 days,off-peak
11:05:52,1 days,advance
11:21:49,0 days,off-peak
11:53:08,0 days,off-peak
11:54:05,0 days,off-peak
12:02:04,1 days,advance
12:03:50,1 days,advance
12:05:41,0 days,off-peak
12:05:54,0 days,off-peak
12:07:59,0 days,off-peak
12:10:02,1 days,advance
12:13:52,1 days,advance
12:22:06,1 days,advance
12:33:09,1 days,advance
12:34:34,1 days,advance
12:43:04,1 days,advance
12:53:59,0 days,off-peak
12:54:23,1 days,advance
12:58:10,1 days,advance
13:04:44,1 days,advance
13:16:30,0 days,off-peak
13:22:35,1 days,advance
13:23:16,0 days,off-peak
13:24:31,1 days,advance
13:25:16,1 days,advance
13:26:42,0 days,off-peak
13:37:22,0 days,off-peak
13:44:05,1 days,advance
14:02:52,1 days,advance
14:03:43,0 days,off-peak
14:08:19,0 days,off-peak
14:13:59,0 days,off-peak
14:19:27,0 days,off-peak
14:31:02,1 days,advance
14:38:16,0 days,anytime
14:38:54,1 days,advance
14:42:13,0 days,anytime
14:52:16,1 days,advance
14:58:04,0 days,anytime
14:58:39,1 days,advance
14:58:44,0 days,anytime
15:03:34,1 days,advance
15:05:26,1 days,advance
15:08:09,1 days,advance
15:08:53,0 days,anytime
15:11:04,0 days,anytime
15:11:34,0 days,anytime
15:16:02,0 days,anytime
15:16:59,0 days,anytime
15:17:34,0 days,anytime
15:22:01,1 days,advance
15:37:52,1 days,advance
15:40:07,1 days,advance
15:46:50,0 days,anytime
15:47:30,0 days,anytime
15:47:42,1 days,advance
15:53:45,0 days,anytime
15:59:46,0 days,anytime
16:02:57,0 days,anytime
16:07:49,0 days,anytime
16:08:01,0 days,anytime
16:11:33,0 days,anytime
16:19:03,0 days,anytime
16:19:05,1 days,advance
16:27:48,0 days,anytime
16:29:14,0 days,anytime
16:30:20,0 days,anytime
16:34:08,0 days,anytime
17:05:06,1 days,advance
17:07:07,0 days,anytime
17:08:07,0 days,anytime
17:12:32,0 days,anytime
17:14:05,0 days,anytime
17:14:10,1 days,advance
17:20:14,1 days,advance
17:21:25,0 days,anytime
17:21:52,1 days,advance
17:25:02,0 days,anytime
17:25:48,0 days,anytime
17:26:17,1 days,advance
17:28:33,0 days,anytime
17:29:00,0 days,anytime
17:30:21,1 days,advance
17:30:46,1 days,advance
17:31:38,1 days,advance
17:36:36,1 days,advance
17:38:49,1 days,advance
17:42:22,0 days,off-peak
17:50:23,1 days,advance
17:53:13,1 days,advance
17:53:31,1 days,advance
17:58:29,1 days,advance
17:59:04,1 days,advance
18:12:12,1 days,advance
18:18:05,0 days,anytime
18:26:01,0 days,off-peak
18:38:50,1 days,advance
18:42:05,1 days,advance
18:45:49,0 days,off-peak
18:49:38,0 days,off-peak
18:54:02,0 days,off-peak
19:17:04,0 days,off-peak
19:27:35,1 days,advance
19:29:02,1 days,advance
19:32:55,1 days,advance
19:33:16,0 days,off-peak
19:37:13,0 days,off-peak
19:38:53,0 days,off-peak
19:56:43,1 days,advance
20:05:33,0 days,off-peak
20:11:06,0 days,off-peak
20:19:54,1 days,advance
20:22:52,1 days,advance
20:25:52,1 days,advance
20:25:55,1 days,advance
20:27:13,1 days,advance
20:27:55,1 days,advance
20:28:57,1 days,advance
20:32:25,1 days,advance
20:43:56,0 days,off-peak
20:50:01,0 days,off-peak
20:50:05,0 days,off-peak
20:50:57,0 days,off-peak
21:15:12,1 days,advance
21:45:49,1 days,advance
22:31:12,1 days,advance
22:34:13,1 days,advance
22:44:57,1 days,advance
23:04:57,1 days,advance
23:13:22,1 days,advance
23:46:46,1 days,advance
00:12:43,1 days,advance
00:14:20,1 days,advance
00:16:55,0 days,off-peak
00:21:09,0 days,off-peak
00:34:25,0 days,off-peak
00:37:22,0 days,off-peak
00:44:37,0 days,off-peak
00:53:21,0 days,off-peak
01:00:35,1 days,advance
01:17:19,0 days,off-peak
01:18:57,0 days,off-peak
01:22:50,0 days,off-peak
01:23:16,1 days,advance
01:23:23,0 days,off-peak
01:24:01,1 days,advance
01:29:52,1 days,advance
01:30:07,1 days,advance
01:36:31,1 days,advance
01:40:11,1 days,advance
01:44:52,1 days,advance
02:48:20,0 days,off-peak
02:48:47,0 days,off-peak
03:03:47,1 days,advance
03:05:44,0 days,off-peak
03:08:31,0 days,off-peak
03:08:43,0 days,off-peak
03:21:02,1 days,advance
03:25:44,1 days,advance
03:27:40,1 days,advance
03:35:38,1 days,advance
03:41:55,0 days,off-peak
03:42:02,1 days,advance
03:42:18,0 days,off-peak
03:51:43,1 days,advance
03:53:33,0 days,off-peak
03:55:08,1 days,advance
04:49:44,0 days,anytime
04:52:00,0 days,anytime
04:54:07,0 days,anytime
04:57:56,0 days,anytime
04:58:02,0 days,anytime
05:03:13,0 days,anytime
05:03:55,0 days,anytime
05:09:49,0 days,anytime
05:11:52,0 days,anytime
05:17:42,0 days,anytime
05:24:09,0 days,anytime
05:25:30,0 days,anytime
05:28:10,1 days,advance
05:30:02,1 days,advance
05:34:36,0 days,anytime
05:38:03,0 days,anytime
05:41:05,1 days,advance
05:51:46,1 days,advance
06:00:03,1 days,advance
06:00:29,0 days,anytime
06:00:59,0 days,anytime
06:06:04,0 days,anytime
06:09:09,0 days,anytime
06:11:10,0 days,anytime
06:30:07,1 days,advance
06:33:26,1 days,advance
06:33:46,0 days,anytime
06:33:54,0 days,anytime
06:38:17,0 days,anytime
06:42:38,1 days,advance
06:42:42,0 days,anytime
06:43:26,0 days,anytime
06:43:55,0 days,anytime
07:03:10,1 days,advance
07:05:39,1 days,advance
07:09:18,0 days,anytime
07:15:59,1 days,advance
07:17:24,0 days,anytime
07:18:24,0 days,anytime
07:18:27,0 days,anytime
07:18:38,1 days,advance
07:29:09,0 days,anytime
07:29:24,1 days,advance
07:32:10,0 days,off-peak
07:37:26,0 days,off-peak
07:41:07,0 days,anytime
07:46:38,1 days,advance
07:46:58,0 days,off-peak
07:50:17,0 days,anytime
07:50:59,0 days,off-peak
07:55:56,1 days,advance
07:57:02,1 days,advance
08:01:26,1 days,advance
08:01:54,1 days,advance
08:04:26,1 days,advance
08:05:05,0 days,off-peak
08:09:38,1 days,advance
08:10:43,1 days,advance
08:10:56,1 days,advance
08:12:24,1 days,advance
08:16:12,1 days,advance
08:18:44,1 days,advance
08:22:00,1 days,advance
08:24:10,1 days,advance
08:24:59,1 days,advance
08:26:59,1 days,advance
08:27:52,1 days,advance
08:27:59,1 days,advance
09:00:14,0 days,off-peak
09:01:32,1 days,advance
09:05:43,1 days,advance
09:13:22,1 days,advance
09:13:56,0 days,off-peak
09:24:28,0 days,off-peak
09:28:09,0 days,off-peak
09:32:09,1 days,advance
09:33:45,0 days,off-peak
09:35:31,1 days,advance
09:36:41,1 days,advance
09:37:02,0 days,off-peak
09:37:45,1 days,advance
09:37:56,0 days,off-peak
09:38:56,1 days,advance
09:38:58,0 days,off-peak
09:39:11,0 days,off-peak
09:41:35,1 days,advance
09:44:05,1 days,advance
09:46:26,1 days,advance
10:25:21,1 days,advance
10:26:36,0 days,off-peak
10:29:07,1 days,advance
10:39:14,1 days,advance
10:41:05,1 days,advance
10:44:39,0 days,off-peak
10:45:37,0 days,off-peak
10:47:37,0 days,off-peak
10:53:11,0 days,off-peak
11:05:34,0 days,off-peak
11:24:19,0 days,off-peak
11:27:20,0 days,off-peak
11:44:32,0 days,off-peak
11:45:49,0 days,off-peak
11:50:43,0 days,off-peak
11:51:27,1 days,advance
11:51:44,1 days,advance
11:56:21,1 days,advance
12:02:40,0 days,off-peak
12:07:27,0 days,off-peak
12:18:07,0 days,off-peak
12:33:43,1 days,advance
12:42:56,1 days,advance
12:43:24,1 days,advance
13:00:30,1 days,advance
13:38:36,1 days,advance
13:43:25,0 days,off-peak
13:45:11,0 days,off-peak
14:08:17,0 days,off-peak
14:12:37,0 days,off-peak
14:28:56,1 days,advance
14:30:55,0 days,anytime
14:31:55,0 days,anytime
14:43:40,0 days,anytime
14:44:43,0 days,anytime
14:45:26,0 days,anytime
14:47:18,1 days,advance
14:48:17,0 days,anytime
14:58:20,1 days,advance
14:58:23,0 days,anytime
14:58:58,0 days,anytime
15:00:13,1 days,advance
15:04:24,0 days,anytime
15:09:54,0 days,anytime
15:10:21,1 days,advance
15:11:38,0 days,anytime
15:11:49,0 days,anytime
15:13:01,0 days,anytime
15:13:46,0 days,anytime
15:15:46,0 days,anytime
15:16:59,0 days,anytime
15:17:54,0 days,anytime
15:20:16,0 days,anytime
15:20:47,0 days,anytime
15:21:34,0 days,anytime
15:36:38,1 days,advance
15:42:42,0 days,anytime
15:45:50,1 days,advance
15:50:30,0 days,anytime
15:51:05,0 days,anytime
15:56:38,0 days,anytime
15:59:10,0 days,anytime
16:00:08,0 days,anytime
16:00:54,0 days,anytime
16:04:20,0 days,anytime
16:07:57,0 days,anytime
16:10:13,0 days,anytime
16:10:35,0 days,anytime
16:11:19,0 days,anytime
16:12:01,0 days,anytime
16:15:12,0 days,anytime
16:16:27,0 days,anytime
16:53:05,1 days,advance
17:02:09,1 days,advance
17:06:36,1 days,advance
17:07:49,1 days,advance
17:08:46,1 days,advance
17:09:03,0 days,anytime
17:12:22,0 days,anytime
17:13:55,1 days,advance
17:15:18,0 days,anytime
17:17:01,0 days,anytime
17:19:12,1 days,advance
17:19:48,0 days,anytime
17:20:52,0 days,anytime
17:21:43,1 days,advance
17:21:52,0 days,anytime
17:23:39,0 days,anytime
17:25:26,0 days,anytime
17:29:25,0 days,anytime
17:31:43,1 days,advance
17:41:00,0 days,off-peak
17:43:38,1 days,advance
17:44:16,1 days,advance
17:55:37,1 days,advance
17:56:34,1 days,advance
18:06:07,1 days,advance
18:11:06,0 days,anytime
18:11:48,1 days,advance
18:22:29,0 days,anytime
18:24:35,0 days,anytime
18:26:33,0 days,off-peak
18:35:33,1 days,advance
18:38:49,1 days,advance
18:38:59,0 days,off-peak
18:45:16,1 days,advance
18:47:38,0 days,off-peak
18:48:27,1 days,advance
18:50:04,1 days,advance
19:20:03,1 days,advance
19:22:58,1 days,advance
19:23:46,1 days,advance
19:26:26,1 days,advance
19:26:34,0 days,off-peak
19:26:45,1 days,advance
19:28:15,0 days,off-peak
19:31:31,0 days,off-peak
19:31:51,1 days,advance
19:34:55,1 days,advance
19:38:38,1 days,advance
19:38:40,1 days,advance
19:39:44,1 days,advance
19:44:55,0 days,off-peak
20:11:52,0 days,off-peak
20:15:34,1 days,advance
20:16:00,1 days,advance
20:21:30,1 days,advance
20:21:38,1 days,advance
20:22:57,1 days,advance
20:23:33,1 days,advance
20:26:40,1 days,advance
20:29:54,1 days,advance
20:31:52,1 days,advance
20:34:20,1 days,advance
20:58:44,0 days,off-peak
21:09:43,1 days,advance
21:16:03,1 days,advance
21:33:21,1 days,advance
21:37:45,1 days,advance
21:45:00,1 days,advance
21:48:59,1 days,advance
21:49:07,1 days,advance
21:55:05,1 days,advance
22:05:26,1 days,advance
22:06:39,1 days,advance
22:16:40,1 days,advance
22:28:50,1 days,advance
22:36:21,1 days,advance
23:04:51,1 days,advance
23:09:07,1 days,advance
23:11:05,1 days,advance
23:36:32,1 days,advance
23:38:25,1 days,advance
23:56:47,1 days,advance
23:57:33,1 days,advance
00:10:17,1 days,advance
00:10:36,1 days,advance
00:13:36,1 days,advance
00:29:29,0 days,off-peak
00:49:40,0 days,off-peak
00:58:06,0 days,off-peak
01:03:39,0 days,off-peak
01:06:07,0 days,off-peak
01:09:29,1 days,advance
01:19:00,1 days,advance
01:30:07,1 days,advance
02:01:28,0 days,off-peak
02:09:30,0 days,off-peak
02:14:06,1 days,advance
02:20:45,0 days,off-peak
02:44:27,1 days,advance
02:45:56,1 days,advance
02:51:39,1 days,advance
02:53:05,0 days,off-peak
02:55:49,0 days,off-peak
02:58:05,0 days,off-peak
03:20:05,1 days,advance
03:26:34,0 days,off-peak
03:40:36,1 days,advance
03:43:30,1 days,advance
03:43:38,1 days,advance
03:48:20,1 days,advance
04:19:20,1 days,advance
04:30:44,0 days,off-peak
04:47:44,0 days,off-peak
04:50:49,0 days,off-peak
04:57:01,0 days,off-peak
04:57:53,0 days,off-peak
04:58:46,0 days,off-peak
05:01:24,0 days,off-peak
05:01:38,0 days,off-peak
05:02:11,0 days,off-peak
05:02:18,0 days,off-peak
05:08:43,0 days,off-peak
05:18:31,1 days,advance
05:32:32,0 days,off-peak
05:40:54,0 days,off-peak
05:43:09,1 days,advance
05:46:53,0 days,off-peak
05:55:15,0 days,off-peak
05:58:13,1 days,advance
05:59:05,1 days,advance
06:00:53,1 days,advance
06:03:35,0 days,off-peak
06:03:41,0 days,off-peak
06:04:10,1 days,advance
06:08:14,0 days,off-peak
06:09:49,0 days,off-peak
06:12:59,0 days,off-peak
06:14:19,1 days,advance
06:14:38,0 days,off-peak
06:16:17,1 days,advance
06:34:28,1 days,advance
06:39:04,0 days,off-peak
06:41:07,0 days,off-peak
06:41:33,0 days,off-peak
06:43:15,0 days,off-peak
06:48:01,1 days,advance
06:52:43,1 days,advance
06:59:59,1 days,advance
07:10:18,1 days,advance
07:13:23,0 days,off-peak
07:15:34,1 days,advance
07:17:19,0 days,off-peak
07:18:47,0 days,off-peak
07:19:30,0 days,off-peak
07:21:43,0 days,off-peak
07:23:20,0 days,off-peak
07:23:30,0 days,off-peak
07:23:38,0 days,off-peak
07:44:28,0 days,off-peak
07:50:02,0 days,off-peak
07:54:26,1 days,advance
07:54:41,1 days,advance
07:54:43,0 days,off-peak
08:03:51,1 days,advance
08:08:33,1 days,advance
08:09:06,1 days,advance
08:10:24,1 days,advance
08:10:47,1 days,advance
08:13:38,1 days,advance
08:27:24,0 days,off-peak
08:27:54,1 days,advance
08:43:40,1 days,advance
08:53:50,1 days,advance
08:55:56,1 days,advance
09:01:50,1 days,advance
09:02:01,1 days,advance
09:03:02,1 days,advance
09:05:49,1 days,advance
09:08:51,1 days,advance
09:09:05,1 days,advance
09:11:06,1 days,advance
09:17:38,0 days,off-peak
09:24:08,1 days,advance
09:30:26,1 days,advance
09:30:33,1 days,advance
09:35:07,1 days,advance
09:35:21,1 days,advance
09:37:47,1 days,advance
09:41:41,1 days,advance
09:41:42,0 days,off-peak
09:45:59,1 days,advance
09:56:30,1 days,advance
09:56:37,0 days,off-peak
10:19:31,0 days,off-peak
10:29:10,1 days,advance
10:39:37,1 days,advance
10:39:58,1 days,advance
10:42:14,1 days,advance
10:42:15,0 days,off-peak
10:42:24,1 days,advance
11:46:50,0 days,off-peak
12:02:43,1 days,advance
12:10:04,0 days,off-peak
12:13:50,1 days,advance
12:17:27,1 days,advance
12:26:10,0 days,off-peak
12:26:37,0 days,off-peak
12:32:45,0 days,off-peak
12:53:09,0 days,off-peak
12:55:18,1 days,advance
13:32:41,1 days,advance
13:33:15,1 days,advance
13:36:02,1 days,advance
13:40:36,1 days,advance
13:46:49,0 days,off-peak
14:02:40,0 days,off-peak
14:04:58,1 days,advance
14:06:30,0 days,off-peak
14:21:40,1 days,advance
14:27:53,1 days,advance
14:32:25,0 days,off-peak
14:33:28,0 days,off-peak
14:42:17,0 days,off-peak
14:43:40,0 days,off-peak
14:52:16,1 days,advance
14:55:49,0 days,off-peak
14:57:28,1 days,advance
14:57:46,0 days,off-peak
15:09:58,1 days,advance
15:12:55,0 days,off-peak
15:15:23,0 days,off-peak
15:49:23,1 days,advance
15:51:32,0 days,off-peak
15:52:39,1 days,advance
15:59:15,1 days,advance
16:02:54,0 days,off-peak
16:06:36,0 days,off-peak
16:10:19,0 days,off-peak
16:10:30,0 days,off-peak
16:12:54,1 days,advance
16:13:49,0 days,off-peak
16:14:22,0 days,off-peak
16:18:54,0 days,off-peak
17:12:44,0 days,off-peak
17:15:47,0 days,off-peak
17:15:49,0 days,off-peak
17:16:09,0 days,off-peak
17:20:29,0 days,off-peak
17:22:09,0 days,off-peak
17:26:03,0 days,off-peak
17:28:15,0 days,off-peak
17:28:59,0 days,off-peak
17:31:04,1 days,advance
17:31:05,1 days,advance
17:33:37,1 days,advance
17:33:52,1 days,advance
17:35:56,1 days,advance
17:40:58,1 days,advance
17:42:05,1 days,advance
17:43:21,1 days,advance
17:49:02,1 days,advance
17:51:48,1 days,advance
17:54:58,0 days,off-peak
17:58:32,1 days,advance
18:11:15,1 days,advance
18:14:53,1 days,advance
18:48:28,1 days,advance
18:49:51,1 days,advance
18:51:54,1 days,advance
18:56:04,0 days,off-peak
19:21:47,1 days,advance
19:22:38,1 days,advance
19:32:22,1 days,advance
19:33:53,1 days,advance
20:09:36,1 days,advance
20:10:13,1 days,advance
20:13:25,0 days,off-peak
20:20:11,1 days,advance
20:21:07,1 days,advance
20:21:12,1 days,advance
20:22:23,1 days,advance
20:23:14,1 days,advance
20:26:43,1 days,advance
20:27:07,1 days,advance
20:27:54,1 days,advance
20:28:19,1 days,advance
20:28:34,1 days,advance
20:29:48,1 days,advance
20:32:52,1 days,advance
20:35:05,0 days,off-peak
20:37:58,1 days,advance
20:57:23,0 days,off-peak
20:59:59,0 days,off-peak
21:00:30,1 days,advance
21:30:12,1 days,advance
21:48:23,1 days,advance
21:54:25,1 days,advance
21:59:46,1 days,advance
22:35:23,1 days,advance
22:51:22,1 days,advance
23:02:10,1 days,advance
23:10:20,1 days,advance
23:44:09,1 days,advance
23:45:49,1 days,advance
23:48:34,1 days,advance
23:49:43,1 days,advance
00:06:51,1 days,advance
00:10:00,1 days,advance
00:20:41,1 days,advance
00:35:55,0 days,off-peak
00:37:31,0 days,off-peak
00:39:14,0 days,off-peak
00:56:47,0 days,off-peak
01:00:57,0 days,off-peak
01:02:00,0 days,off-peak
01:08:20,0 days,off-peak
01:12:47,0 days,off-peak
01:25:37,0 days,off-peak
01:32:38,1 days,advance
01:42:54,1 days,advance
01:43:41,1 days,advance
02:13:00,1 days,advance
02:42:23,0 days,off-peak
02:53:10,0 days,off-peak
02:59:47,0 days,off-peak
03:07:12,0 days,off-peak
03:07:51,0 days,off-peak
03:19:22,1 days,advance
03:28:25,1 days,advance
03:30:51,1 days,advance
03:42:24,0 days,off-peak
03:49:00,0 days,off-peak
03:56:33,0 days,off-peak
04:13:24,0 days,off-peak
04:21:35,0 days,off-peak
04:31:56,0 days,off-peak
04:35:11,1 days,advance
04:46:55,1 days,advance
04:48:26,0 days,off-peak
04:50:45,0 days,off-peak
04:51:04,0 days,off-peak
04:56:10,0 days,off-peak
05:00:11,0 days,off-peak
05:03:47,0 days,off-peak
05:06:49,0 days,off-peak
05:11:07,0 days,off-peak
05:12:50,0 days,off-peak
05:13:41,0 days,off-peak
05:14:58,0 days,off-peak
05:25:34,0 days,off-peak
05:54:56,0 days,off-peak
06:01:35,0 days,off-peak
06:02:30,0 days,off-peak
06:03:57,0 days,off-peak
06:03:57,0 days,off-peak
06:06:08,0 days,off-peak
06:09:55,1 days,advance
06:10:00,0 days,off-peak
06:15:11,1 days,advance
06:16:12,0 days,off-peak
06:20:56,1 days,advance
06:31:40,0 days,off-peak
06:33:04,0 days,off-peak
06:33:58,0 days,off-peak
06:39:03,0 days,off-peak
06:42:19,0 days,off-peak
07:06:44,0 days,off-peak
07:16:43,0 days,off-peak
07:19:35,1 days,advance
07:23:28,0 days,off-peak
07:24:12,1 days,advance
07:24:27,0 days,off-peak
07:25:58,0 days,off-peak
07:26:40,0 days,off-peak
07:28:10,0 days,off-peak
07:28:49,0 days,off-peak
07:29:12,0 days,off-peak
07:29:36,0 days,off-peak
07:34:46,1 days,advance
07:42:01,0 days,off-peak
07:46:43,0 days,off-peak
07:47:15,1 days,advance
07:48:37,1 days,advance
07:51:05,1 days,advance
07:51:12,0 days,off-peak
07:54:28,0 days,off-peak
07:55:40,1 days,advance
07:58:24,1 days,advance
07:59:26,1 days,advance
08:06:11,1 days,advance
08:11:43,1 days,advance
08:15:27,1 days,advance
08:20:33,1 days,advance
08:21:48,1 days,advance
08:21:59,1 days,advance
08:23:03,1 days,advance
08:24:01,1 days,advance
08:25:49,1 days,advance
08:27:56,1 days,advance
08:28:11,1 days,advance
08:29:11,1 days,advance
08:29:53,1 days,advance
08:33:08,1 days,advance
08:34:42,1 days,advance
08:52:48,1 days,advance
09:02:42,1 days,advance
09:02:44,1 days,advance
09:03:07,1 days,advance
09:06:19,1 days,advance
09:06:58,1 days,advance
09:08:01,1 days,advance
09:08:55,1 days,advance
09:08:56,1 days,advance
09:11:29,0 days,off-peak
09:11:35,1 days,advance
09:31:43,1 days,advance
09:43:06,1 days,advance
09:52:30,0 days,off-peak
09:58:48,1 days,advance
10:18:24,0 days,off-peak
10:24:05,1 days,advance
10:32:27,1 days,advance
10:38:41,0 days,off-peak
10:40:23,0 days,off-peak
10:44:51,0 days,off-peak
10:48:25,0 days,off-peak
10:52:25,1 days,advance
10:54:29,1 days,advance
11:18:02,0 days,off-peak
11:23:01,0 days,off-peak
11:33:03,1 days,advance
11:46:13,0 days,off-peak
11:55:06,1 days,advance
11:58:54,0 days,off-peak
12:04:05,1 days,advance
12:18:19,1 days,advance
12:21:15,0 days,off-peak
12:26:31,0 days,off-peak
12:29:00,0 days,off-peak
12:29:35,0 days,off-peak
12:52:17,0 days,off-peak
13:10:59,0 days,off-peak
13:16:48,0 days,off-peak
13:24:49,1 days,advance
13:27:01,1 days,advance
13:31:56,1 days,advance
13:39:32,1 days,advance
13:42:15,0 days,off-peak
13:56:36,0 days,off-peak
13:59:33,1 days,advance
14:01:56,1 days,advance
14:02:06,1 days,advance
14:02:30,0 days,off-peak
14:03:30,1 days,advance
14:11:12,0 days,off-peak
14:13:14,0 days,off-peak
14:14:09,1 days,advance
14:17:06,0 days,off-peak
14:17:47,1 days,advance
14:21:29,1 days,advance
14:29:22,1 days,advance
14:42:50,0 days,off-peak
14:43:04,0 days,off-peak
14:47:09,0 days,off-peak
14:50:30,0 days,off-peak
14:50:51,1 days,advance
14:52:12,1 days,advance
14:53:51,0 days,off-peak
14:58:48,0 days,off-peak
15:01:43,0 days,off-peak
15:06:41,1 days,advance
15:12:36,0 days,off-peak
15:14:03,1 days,advance
15:18:51,0 days,off-peak
15:35:14,1 days,advance
15:41:01,1 days,advance
15:50:14,1 days,advance
15:53:11,1 days,advance
16:00:47,1 days,advance
16:04:18,0 days,off-peak
16:05:03,0 days,off-peak
16:05:10,1 days,advance
16:06:13,1 days,advance
16:09:25,1 days,advance
16:10:21,1 days,advance
16:10:37,0 days,off-peak
16:10:46,0 days,off-peak
16:27:01,1 days,advance
16:37:31,0 days,off-peak
16:40:55,1 days,advance
16:53:50,0 days,off-peak
17:05:17,0 days,off-peak
17:06:21,0 days,off-peak
17:11:43,0 days,off-peak
17:15:51,1 days,advance
17:18:16,0 days,off-peak
17:18:40,0 days,off-peak
17:18:55,0 days,off-peak
17:20:35,1 days,advance
17:24:14,0 days,off-peak
17:26:23,0 days,off-peak
17:27:01,0 days,off-peak
17:28:10,0 days,off-peak
17:29:59,0 days,off-peak
17:35:20,0 days,off-peak
17:38:42,1 days,advance
17:43:27,1 days,advance
17:43:53,1 days,advance
17:49:29,1 days,advance
17:51:45,1 days,advance
17:57:44,1 days,advance
18:03:33,1 days,advance
18:10:38,0 days,off-peak
18:11:31,1 days,advance
18:11:59,0 days,off-peak
18:13:15,0 days,off-peak
18:20:29,0 days,off-peak
18:43:19,0 days,off-peak
18:48:58,1 days,advance
18:50:09,0 days,off-peak
18:51:46,0 days,off-peak
18:52:14,0 days,off-peak
18:54:02,1 days,advance
18:55:51,0 days,off-peak
18:55:57,0 days,off-peak
19:02:49,0 days,off-peak
19:14:18,1 days,advance
19:21:37,1 days,advance
19:22:11,1 days,advance
19:26:45,1 days,advance
19:27:27,1 days,advance
19:29:57,1 days,advance
19:32:24,1 days,advance
19:33:58,1 days,advance
19:34:18,1 days,advance
19:35:42,1 days,advance
19:36:48,1 days,advance
19:40:37,1 days,advance
20:04:47,0 days,off-peak
20:04:49,1 days,advance
20:15:02,1 days,advance
20:21:17,1 days,advance
20:24:28,1 days,advance
20:25:35,1 days,advance
20:26:33,1 days,advance
20:26:36,1 days,advance
20:27:30,1 days,advance
20:35:22,1 days,advance
20:45:28,0 days,off-peak
20:50:12,0 days,off-peak
21:31:19,1 days,advance
22:13:36,1 days,advance
22:33:16,1 days,advance
22:38:02,1 days,advance
22:43:19,1 days,advance
23:05:49,1 days,advance
23:09:07,1 days,advance
23:10:51,1 days,advance
23:33:42,1 days,advance
23:50:28,1 days,advance
23:50:43,1 days,advance
23:53:19,1 days,advance
23:56:09,1 days,advance
00:09:26,1 days,advance
00:09:28,1 days,advance
00:12:47,1 days,advance
00:14:26,1 days,advance
00:20:05,2 days,advance
00:20:27,1 days,advance
00:21:43,0 days,off-peak
00:24:57,0 days,off-peak
00:30:52,0 days,off-peak
00:33:33,0 days,off-peak
00:33:47,0 days,off-peak
00:34:06,0 days,off-peak
00:40:25,0 days,off-peak
00:45:25,0 days,off-peak
01:07:30,0 days,off-peak
01:21:29,1 days,advance
01:21:52,0 days,off-peak
01:34:26,1 days,advance
01:34:46,1 days,advance
01:42:56,1 days,advance
01:50:28,1 days,advance
01:55:28,0 days,off-peak
02:00:17,1 days,advance
02:01:31,1 days,advance
02:17:52,0 days,off-peak
02:23:50,0 days,off-peak
02:25:54,0 days,off-peak
02:41:18,0 days,off-peak
02:59:43,0 days,off-peak
03:00:11,1 days,advance
03:03:14,1 days,advance
03:08:56,0 days,off-peak
03:10:59,1 days,advance
03:25:27,1 days,advance
03:31:02,1 days,advance
03:41:52,0 days,off-peak
03:47:00,1 days,advance
03:50:06,1 days,advance
03:51:34,1 days,advance
03:54:41,0 days,off-peak
03:56:17,0 days,off-peak
04:08:31,0 days,off-peak
04:10:18,1 days,advance
04:43:49,1 days,advance
04:50:40,0 days,anytime
04:50:53,0 days,anytime
04:55:22,0 days,anytime
04:56:07,0 days,anytime
04:57:02,0 days,anytime
05:00:51,0 days,anytime
05:01:20,0 days,anytime
05:01:24,0 days,anytime
05:06:31,0 days,anytime
05:07:56,0 days,anytime
05:11:11,0 days,anytime
05:11:31,0 days,anytime
05:12:39,0 days,anytime
05:17:46,0 days,anytime
05:22:42,0 days,anytime
05:26:09,0 days,anytime
05:30:37,0 days,anytime
05:49:19,0 days,anytime
05:50:29,1 days,advance
05:51:24,0 days,off-peak
06:02:24,1 days,advance
06:04:42,0 days,anytime
06:06:42,0 days,anytime
06:09:06,0 days,anytime
06:13:25,0 days,anytime
06:30:11,0 days,anytime
06:30:44,0 days,anytime
06:31:00,0 days,anytime
06:32:01,0 days,anytime
06:33:22,0 days,anytime
06:36:01,1 days,advance
06:38:10,0 days,anytime
06:40:51,0 days,anytime
06:44:25,0 days,anytime
06:49:26,0 days,anytime
06:50:27,0 days,anytime
06:50:53,0 days,anytime
06:51:18,1 days,advance
06:57:50,0 days,anytime
07:01:32,0 days,anytime
07:12:24,0 days,anytime
07:16:15,0 days,anytime
07:17:23,0 days,anytime
07:17:23,0 days,anytime
07:17:36,1 days,advance
07:19:04,0 days,anytime
07:23:29,0 days,anytime
07:25:54,0 days,anytime
07:27:23,0 days,anytime
07:40:53,0 days,off-peak
07:44:23,0 days,anytime
07:44:49,0 days,off-peak
07:47:01,1 days,advance
07:50:03,0 days,off-peak
07:53:32,1 days,advance
07:53:32,1 days,advance
07:53:38,1 days,advance
07:58:11,1 days,advance
08:01:45,1 days,advance
08:02:29,1 days,advance
08:02:49,0 days,off-peak
08:05:41,1 days,advance
08:06:38,1 days,advance
08:10:49,1 days,advance
08:11:52,1 days,advance
08:12:31,1 days,advance
08:14:45,1 days,advance
08:14:50,1 days,advance
08:27:03,1 days,advance
08:27:38,1 days,advance
08:30:09,1 days,advance
08:42:58,0 days,off-peak
08:47:23,1 days,advance
09:06:17,1 days,advance
09:08:13,1 days,advance
09:08:57,1 days,advance
09:22:08,1 days,advance
09:30:15,1 days,advance
09:30:39,1 days,advance
09:30:50,0 days,off-peak
09:31:45,1 days,advance
09:35:15,1 days,advance
09:39:43,1 days,advance
09:40:38,1 days,advance
09:41:05,0 days,off-peak
09:44:38,1 days,advance
09:49:35,1 days,advance
10:06:04,1 days,advance
10:06:51,1 days,advance
10:18:37,1 days,advance
10:20:52,1 days,advance
10:28:14,0 days,off-peak
10:30:23,1 days,advance
10:30:28,1 days,advance
10:34:28,1 days,advance
10:37:31,0 days,off-peak
10:38:33,1 days,advance
10:40:30,0 days,off-peak
10:58:41,0 days,off-peak
11:04:54,0 days,off-peak
11:23:13,0 days,off-peak
11:46:41,0 days,off-peak
11:47:24,0 days,off-peak
11:51:59,0 days,off-peak
11:58:41,0 days,off-peak
12:01:29,1 days,advance
12:02:06,0 days,off-peak
12:03:40,0 days,off-peak
12:09:55,0 days,off-peak
12:14:37,1 days,advance
12:22:49,0 days,off-peak
12:28:27,0 days,off-peak
12:35:43,1 days,advance
12:39:38,0 days,off-peak
12:44:36,0 days,off-peak
13:12:54,0 days,off-peak
13:18:34,0 days,off-peak
13:18:47,1 days,advance
13:24:07,1 days,advance
13:24:41,1 days,advance
13:28:05,0 days,off-peak
13:28:07,0 days,off-peak
13:29:43,0 days,off-peak
13:40:20,0 days,off-peak
13:44:42,1 days,advance
13:53:43,0 days,off-peak
14:04:54,0 days,off-peak
14:05:02,0 days,off-peak
14:09:33,1 days,advance
14:16:21,1 days,advance
14:23:16,0 days,off-peak
14:25:24,0 days,off-peak
14:29:31,0 days,off-peak
14:31:48,0 days,anytime
14:32:15,1 days,advance
14:33:28,0 days,anytime
14:38:19,0 days,anytime
14:38:24,0 days,anytime
14:38:34,0 days,anytime
14:43:13,0 days,anytime
14:44:40,0 days,anytime
14:46:26,0 days,anytime
14:47:58,1 days,advance
14:50:28,0 days,anytime
14:51:55,0 days,anytime
14:52:54,0 days,anytime
14:59:19,1 days,advance
15:10:54,1 days,advance
15:11:16,0 days,anytime
15:13:51,1 days,advance
15:14:00,0 days,anytime
15:14:49,0 days,anytime
15:15:39,0 days,anytime
15:22:32,0 days,anytime
15:23:47,0 days,anytime
15:24:47,0 days,anytime
15:32:28,0 days,anytime
15:38:00,0 days,anytime
15:38:21,1 days,advance
15:48:19,0 days,anytime
15:49:31,0 days,anytime
15:50:31,0 days,anytime
15:55:03,1 days,advance
16:04:18,0 days,anytime
16:10:22,0 days,anytime
16:11:17,0 days,anytime
16:14:49,1 days,advance
16:24:56,0 days,anytime
17:03:18,0 days,anytime
17:05:23,0 days,anytime
17:09:43,0 days,anytime
17:14:19,0 days,anytime
17:15:06,0 days,anytime
17:18:31,0 days,anytime
17:18:53,0 days,anytime
17:24:59,0 days,anytime
17:25:17,0 days,anytime
17:25:20,0 days,anytime
17:28:59,0 days,anytime
17:30:30,1 days,advance
17:30:32,1 days,advance
17:33:20,1 days,advance
17:36:47,1 days,advance
17:44:29,1 days,advance
17:48:46,0 days,off-peak
17:52:12,1 days,advance
17:56:01,1 days,advance
18:04:58,1 days,advance
18:11:04,1 days,advance
18:12:19,1 days,advance
18:13:12,0 days,anytime
18:22:13,0 days,anytime
18:23:47,0 days,anytime
18:35:19,0 days,off-peak
18:42:55,0 days,off-peak
18:45:17,0 days,off-peak
18:49:55,0 days,off-peak
18:55:50,0 days,off-peak
19:06:32,0 days,off-peak
19:12:01,0 days,off-peak
19:15:01,0 days,off-peak
19:21:03,1 days,advance
19:28:04,1 days,advance
19:29:25,1 days,advance
19:32:26,1 days,advance
19:34:16,1 days,advance
19:36:15,1 days,advance
19:37:30,1 days,advance
19:42:11,1 days,advance
20:04:18,1 days,advance
20:07:37,0 days,off-peak
20:08:38,0 days,off-peak
20:12:22,0 days,off-peak
20:15:21,1 days,advance
20:15:23,1 days,advance
20:15:48,1 days,advance
20:18:18,1 days,advance
20:19:53,1 days,advance
20:20:02,1 days,advance
20:21:51,1 days,advance
20:23:04,1 days,advance
20:23:43,1 days,advance
20:25:45,1 days,advance
20:28:06,1 days,advance
20:40:07,1 days,advance
20:45:56,0 days,off-peak
20:54:41,0 days,off-peak
20:56:19,0 days,off-peak
21:00:09,1 days,advance
21:23:56,1 days,advance
21:29:05,1 days,advance
21:44:20,1 days,advance
21:49:55,1 days,advance
21:53:15,1 days,advance
21:56:36,1 days,advance
22:04:21,1 days,advance
22:08:32,1 days,advance
22:32:35,1 days,advance
22:33:28,1 days,advance
22:36:42,1 days,advance
22:39:28,1 days,advance
23:03:48,1 days,advance
23:05:27,1 days,advance
23:09:29,1 days,advance
23:11:24,1 days,advance
23:41:27,1 days,advance
23:59:44,1 days,advance
00:05:37,0 days,off-peak
00:15:21,0 days,off-peak
00:20:01,1 days,advance
00:27:38,0 days,off-peak
00:32:43,0 days,off-peak
00:39:26,0 days,off-peak
00:40:31,0 days,off-peak
00:40:58,0 days,off-peak
01:16:39,0 days,off-peak
01:18:50,0 days,off-peak
01:29:01,0 days,off-peak
01:46:38,0 days,off-peak
02:18:44,0 days,off-peak
02:50:47,0 days,off-peak
02:53:13,0 days,off-peak
02:55:26,0 days,off-peak
03:03:36,0 days,off-peak
03:04:05,0 days,off-peak
03:09:36,0 days,off-peak
03:10:00,0 days,off-peak
03:19:36,0 days,off-peak
03:19:44,1 days,advance
03:23:37,1 days,advance
03:23:44,0 days,off-peak
03:42:02,0 days,off-peak
03:59:45,0 days,off-peak
04:06:31,1 days,advance
04:17:33,1 days,advance
04:21:35,0 days,off-peak
04:34:00,0 days,anytime
04:40:48,0 days,anytime
04:47:55,0 days,anytime
04:55:22,0 days,anytime
04:56:02,0 days,anytime
04:58:43,0 days,anytime
04:58:48,0 days,anytime
05:00:41,0 days,anytime
05:07:52,0 days,anytime
05:27:47,0 days,anytime
05:35:16,1 days,advance
05:46:22,0 days,off-peak
05:50:18,0 days,anytime
05:51:42,1 days,advance
05:54:31,1 days,advance
05:55:20,0 days,anytime
06:01:36,0 days,anytime
06:02:29,0 days,anytime
06:31:20,0 days,anytime
06:31:38,0 days,anytime
06:35:55,0 days,anytime
06:43:42,1 days,advance
06:43:45,0 days,anytime
06:52:40,1 days,advance
06:59:43,0 days,anytime
07:02:06,1 days,advance
07:16:41,0 days,anytime
07:20:09,0 days,anytime
07:22:50,0 days,anytime
07:23:13,0 days,anytime
07:25:42,1 days,advance
07:34:44,0 days,off-peak
07:38:59,1 days,advance
07:42:49,1 days,advance
07:45:58,1 days,advance
07:47:02,1 days,advance
07:51:03,1 days,advance
07:55:58,1 days,advance
07:58:44,1 days,advance
08:00:57,1 days,advance
08:04:06,1 days,advance
08:05:12,1 days,advance
08:07:47,1 days,advance
08:08:25,1 days,advance
08:16:01,1 days,advance
08:18:44,1 days,advance
08:19:01,1 days,advance
08:21:05,1 days,advance
08:21:24,1 days,advance
08:21:31,1 days,advance
08:24:19,1 days,advance
08:27:44,1 days,advance
08:30:10,1 days,advance
08:41:06,0 days,off-peak
08:51:46,1 days,advance
09:01:37,1 days,advance
09:05:45,1 days,advance
09:11:42,0 days,off-peak
09:12:28,1 days,advance
09:22:04,1 days,advance
09:22:14,0 days,off-peak
09:28:35,1 days,advance
09:30:40,0 days,off-peak
09:34:25,1 days,advance
09:35:16,1 days,advance
09:37:11,1 days,advance
09:39:18,1 days,advance
09:39:33,1 days,advance
09:41:14,1 days,advance
09:43:07,1 days,advance
09:50:13,1 days,advance
09:55:17,1 days,advance
10:19:10,1 days,advance
10:21:22,0 days,off-peak
10:24:20,1 days,advance
10:33:19,0 days,off-peak
10:38:01,1 days,advance
10:38:30,0 days,off-peak
10:39:37,1 days,advance
10:42:36,0 days,off-peak
11:50:37,1 days,advance
11:56:00,0 days,off-peak
12:04:44,0 days,off-peak
12:06:09,0 days,off-peak
12:09:00,0 days,off-peak
12:21:14,0 days,off-peak
12:30:25,1 days,advance
12:32:43,1 days,advance
12:53:22,0 days,off-peak
12:54:51,1 days,advance
12:59:35,0 days,off-peak
13:13:55,0 days,off-peak
13:15:39,1 days,advance
13:20:03,0 days,off-peak
13:22:45,1 days,advance
13:24:29,0 days,off-peak
13:28:32,1 days,advance
13:53:14,1 days,advance
13:53:19,0 days,off-peak
14:07:59,1 days,advance
14:10:34,0 days,off-peak
14:16:57,1 days,advance
14:23:35,0 days,off-peak
14:28:41,1 days,advance
14:36:11,1 days,advance
14:36:47,0 days,anytime
14:38:33,0 days,anytime
14:40:36,0 days,anytime
14:41:21,0 days,anytime
14:42:39,0 days,anytime
14:44:11,0 days,anytime
14:49:36,0 days,anytime
14:52:24,1 days,advance
14:53:19,0 days,anytime
14:53:26,1 days,advance
14:54:53,1 days,advance
14:55:42,0 days,anytime
14:55:49,1 days,advance
14:59:24,0 days,anytime
15:07:56,0 days,anytime
15:13:07,1 days,advance
15:13:36,0 days,anytime
15:14:49,0 days,anytime
15:24:28,1 days,advance
15:33:01,0 days,anytime
15:45:02,0 days,anytime
15:45:20,0 days,anytime
15:54:13,1 days,advance
15:55:09,0 days,anytime
15:57:36,0 days,anytime
16:07:46,0 days,anytime
16:08:01,0 days,anytime
16:09:58,0 days,anytime
16:13:37,0 days,anytime
16:13:49,0 days,anytime
16:18:41,1 days,advance
16:23:35,1 days,advance
16:27:04,0 days,anytime
16:43:14,0 days,anytime
16:49:32,0 days,anytime
16:56:59,0 days,anytime
17:11:29,1 days,advance
17:15:44,0 days,anytime
17:15:59,0 days,anytime
17:18:05,0 days,anytime
17:18:30,0 days,anytime
17:18:36,0 days,anytime
17:18:56,1 days,advance
17:19:24,1 days,advance
17:22:54,0 days,anytime
17:23:07,0 days,anytime
17:23:36,1 days,advance
17:24:23,0 days,anytime
17:26:31,0 days,anytime
17:27:25,0 days,anytime
17:27:56,0 days,anytime
17:30:12,1 days,advance
17:32:01,1 days,advance
17:34:22,1 days,advance
17:37:00,1 days,advance
17:38:05,1 days,advance
17:40:45,1 days,advance
17:41:36,1 days,advance
17:43:20,1 days,advance
17:44:19,1 days,advance
17:44:57,1 days,advance
17:47:37,1 days,advance
17:52:08,1 days,advance
17:54:57,1 days,advance
17:59:55,1 days,advance
18:10:53,1 days,advance
18:14:31,1 days,advance
18:14:34,0 days,anytime
18:14:49,1 days,advance
18:18:16,0 days,anytime
18:21:34,0 days,off-peak
18:29:17,0 days,off-peak
18:36:28,1 days,advance
18:43:05,0 days,off-peak
18:43:23,1 days,advance
18:44:03,1 days,advance
18:51:04,1 days,advance
18:51:20,1 days,advance
18:51:40,1 days,advance
18:52:21,1 days,advance
18:53:42,0 days,off-peak
18:56:08,1 days,advance
19:01:30,0 days,off-peak
19:16:45,0 days,off-peak
19:24:14,1 days,advance
19:36:20,1 days,advance
19:36:39,1 days,advance
19:38:05,1 days,advance
19:41:46,1 days,advance
19:44:02,1 days,advance
19:44:57,1 days,advance
20:01:27,1 days,advance
20:05:48,0 days,off-peak
20:11:52,0 days,off-peak
20:19:42,1 days,advance
20:22:21,1 days,advance
20:23:16,1 days,advance
20:23:18,1 days,advance
20:23:57,1 days,advance
20:24:29,1 days,advance
20:24:40,1 days,advance
20:25:31,1 days,advance
20:26:27,1 days,advance
20:26:45,1 days,advance
20:27:20,1 days,advance
20:28:33,1 days,advance
20:29:31,1 days,advance
20:30:41,1 days,advance
20:34:18,1 days,advance
20:34:29,1 days,advance
20:37:47,1 days,advance
20:38:03,1 days,advance
20:46:50,1 days,advance
20:49:19,0 days,off-peak
20:55:56,0 days,off-peak
21:16:19,1 days,advance
21:35:14,1 days,advance
22:10:43,1 days,advance
22:14:58,1 days,advance
22:47:38,1 days,advance
23:07:29,1 days,advance
23:07:57,1 days,advance
23:11:49,1 days,advance
23:12:18,1 days,advance
23:13:03,1 days,advance
23:30:01,1 days,advance
23:30:21,1 days,advance
23:34:30,1 days,advance
23:35:06,1 days,advance
23:39:18,1 days,advance
23:45:30,1 days,advance
23:50:08,1 days,advance
23:59:25,1 days,advance
00:18:47,0 days,off-peak
00:30:50,2 days,advance
00:33:37,2 days,advance
00:34:01,0 days,off-peak
00:34:56,0 days,off-peak
00:43:19,1 days,advance
00:54:52,0 days,off-peak
01:11:28,1 days,advance
01:19:52,0 days,off-peak
01:20:08,0 days,off-peak
01:23:13,0 days,off-peak
01:36:46,0 days,off-peak
01:42:22,1 days,advance
02:01:09,0 days,off-peak
02:30:12,1 days,advance
02:48:16,0 days,off-peak
02:56:49,0 days,off-peak
02:58:12,0 days,off-peak
03:01:26,0 days,off-peak
03:34:50,0 days,off-peak
03:38:22,0 days,off-peak
03:46:33,1 days,advance
03:52:04,1 days,advance
03:52:55,1 days,advance
04:03:58,0 days,off-peak
04:11:57,1 days,advance
04:18:21,1 days,advance
04:23:41,1 days,advance
04:33:09,0 days,anytime
04:36:23,0 days,anytime
04:43:13,1 days,advance
04:45:55,0 days,anytime
04:47:42,1 days,advance
04:49:04,0 days,anytime
04:49:05,0 days,anytime
04:49:28,0 days,anytime
04:51:15,0 days,anytime
04:52:17,0 days,anytime
04:55:09,0 days,anytime
04:59:39,0 days,anytime
05:02:38,0 days,anytime
05:05:06,0 days,anytime
05:11:36,0 days,anytime
05:15:32,1 days,advance
05:19:31,1 days,advance
05:24:46,0 days,anytime
05:25:44,0 days,anytime
05:26:29,0 days,anytime
05:31:41,0 days,anytime
05:32:26,1 days,advance
05:42:27,1 days,advance
05:46:44,1 days,advance
05:57:49,0 days,anytime
06:01:26,0 days,anytime
06:04:16,0 days,anytime
06:06:12,1 days,advance
06:07:31,0 days,anytime
06:07:40,0 days,anytime
06:07:59,0 days,anytime
06:09:44,0 days,anytime
06:11:05,1 days,advance
06:13:17,0 days,anytime
06:14:33,1 days,advance
06:34:08,0 days,anytime
06:36:03,0 days,anytime
06:40:29,1 days,advance
06:42:11,0 days,anytime
06:43:29,0 days,anytime
06:58:49,0 days,anytime
07:12:48,0 days,anytime
07:16:04,0 days,anytime
07:19:52,0 days,anytime
07:22:45,0 days,anytime
07:24:16,1 days,advance
07:26:57,0 days,anytime
07:28:13,0 days,anytime
07:32:47,1 days,advance
07:35:17,0 days,off-peak
07:43:07,0 days,anytime
07:45:18,1 days,advance
07:47:58,1 days,advance
07:52:26,1 days,advance
07:55:16,1 days,advance
07:55:30,1 days,advance
07:59:52,1 days,advance
07:59:56,0 days,off-peak
08:00:11,1 days,advance
08:00:13,1 days,advance
08:01:16,1 days,advance
08:01:53,1 days,advance
08:01:55,1 days,advance
08:03:37,1 days,advance
08:06:05,1 days,advance
08:09:15,1 days,advance
08:11:48,1 days,advance
08:14:04,1 days,advance
08:16:03,1 days,advance
08:18:05,1 days,advance
08:21:03,1 days,advance
08:21:17,1 days,advance
08:25:38,0 days,off-peak
08:26:27,1 days,advance
08:28:03,1 days,advance
08:28:48,1 days,advance
08:29:56,1 days,advance
08:29:57,1 days,advance
08:35:03,1 days,advance
08:47:03,1 days,advance
08:52:46,1 days,advance
09:01:04,0 days,off-peak
09:09:43,1 days,advance
09:11:48,1 days,advance
09:31:25,1 days,advance
09:37:51,1 days,advance
09:38:38,1 days,advance
09:38:59,1 days,advance
09:39:03,1 days,advance
09:42:08,1 days,advance
09:44:21,1 days,advance
09:50:22,0 days,off-peak
10:09:02,1 days,advance
10:16:19,1 days,advance
10:25:22,1 days,advance
10:26:53,1 days,advance
10:32:53,0 days,off-peak
10:33:19,1 days,advance
10:34:19,1 days,advance
10:36:20,1 days,advance
10:38:53,1 days,advance
10:41:06,1 days,advance
10:44:31,1 days,advance
10:59:34,1 days,advance
11:24:53,1 days,advance
11:27:08,1 days,advance
11:27:34,0 days,off-peak
11:52:30,0 days,off-peak
11:54:58,0 days,off-peak
11:55:06,1 days,advance
11:55:25,1 days,advance
12:13:21,0 days,off-peak
12:15:05,0 days,off-peak
12:21:36,0 days,off-peak
12:32:28,0 days,off-peak
12:34:38,1 days,advance
12:34:57,1 days,advance
12:36:55,1 days,advance
12:38:53,1 days,advance
12:39:37,0 days,off-peak
12:41:28,0 days,off-peak
12:43:13,0 days,off-peak
12:43:37,1 days,advance
12:44:10,1 days,advance
13:17:33,1 days,advance
13:26:14,1 days,advance
13:30:25,1 days,advance
13:50:28,1 days,advance
14:01:35,0 days,off-peak
14:06:10,0 days,off-peak
14:08:08,0 days,off-peak
14:18:42,0 days,off-peak
14:21:40,0 days,off-peak
14:27:20,0 days,off-peak
14:31:16,0 days,anytime
14:33:45,1 days,advance
14:34:23,0 days,anytime
14:34:31,1 days,advance
14:36:57,0 days,anytime
14:38:41,0 days,anytime
14:39:29,0 days,anytime
14:40:29,0 days,anytime
14:41:34,0 days,anytime
14:42:40,0 days,anytime
14:45:34,0 days,anytime
14:46:42,0 days,anytime
14:50:09,1 days,advance
14:50:37,0 days,anytime
14:53:53,1 days,advance
14:54:38,0 days,anytime
14:57:19,0 days,anytime
14:57:52,0 days,anytime
14:59:22,0 days,anytime
14:59:42,1 days,advance
14:59:54,1 days,advance
15:08:22,0 days,anytime
15:08:50,0 days,off-peak
15:09:16,1 days,advance
15:14:50,0 days,off-peak
15:15:40,1 days,advance
15:16:52,0 days,anytime
15:19:57,0 days,anytime
15:22:21,0 days,anytime
15:24:56,1 days,advance
15:31:30,0 days,anytime
15:32:09,0 days,anytime
15:43:28,0 days,anytime
15:49:27,0 days,anytime
16:01:29,0 days,anytime
16:02:25,0 days,anytime
16:08:22,1 days,advance
16:14:22,0 days,anytime
16:23:13,1 days,advance
16:43:39,1 days,advance
16:46:44,0 days,anytime
17:06:31,0 days,anytime
17:11:34,0 days,anytime
17:12:29,0 days,anytime
17:15:59,0 days,anytime
17:16:40,0 days,anytime
17:17:15,0 days,anytime
17:22:25,1 days,advance
17:25:45,0 days,anytime
17:27:07,0 days,anytime
17:27:08,1 days,advance
17:27:37,0 days,anytime
17:28:52,0 days,anytime
17:29:49,0 days,anytime
17:33:04,1 days,advance
17:37:17,1 days,advance
17:39:59,1 days,advance
17:40:28,0 days,off-peak
17:44:38,1 days,advance
17:54:43,1 days,advance
17:55:11,1 days,advance
17:56:27,1 days,advance
18:05:07,1 days,advance
18:15:17,0 days,anytime
18:16:34,0 days,anytime
18:33:00,0 days,off-peak
18:33:30,1 days,advance
18:34:47,1 days,advance
18:38:51,0 days,off-peak
18:41:38,1 days,advance
18:51:22,1 days,advance
18:54:27,0 days,off-peak
19:02:30,0 days,off-peak
19:11:33,1 days,advance
19:14:28,0 days,off-peak
19:18:40,1 days,advance
19:25:29,1 days,advance
19:31:27,1 days,advance
19:33:10,0 days,off-peak
19:46:10,1 days,advance
19:46:57,0 days,off-peak
19:52:41,1 days,advance
19:55:53,1 days,advance
20:09:45,0 days,off-peak
20:16:23,1 days,advance
20:20:00,1 days,advance
20:20:40,1 days,advance
20:20:50,1 days,advance
20:23:04,1 days,advance
20:25:44,1 days,advance
20:26:49,1 days,advance
20:27:06,1 days,advance
20:28:59,1 days,advance
20:29:55,1 days,advance
20:33:06,1 days,advance
20:40:14,1 days,advance
20:44:52,0 days,off-peak
21:36:09,1 days,advance
21:39:32,1 days,advance
21:49:15,1 days,advance
21:53:01,1 days,advance
22:00:10,1 days,advance
22:11:20,1 days,advance
22:38:52,1 days,advance
22:41:05,1 days,advance
22:42:11,1 days,advance
22:50:43,1 days,advance
23:00:57,1 days,advance
23:11:38,1 days,advance
23:12:48,1 days,advance
23:14:46,1 days,advance
23:30:34,1 days,advance
23:33:55,1 days,advance
23:40:44,1 days,advance
23:42:40,1 days,advance
23:50:12,1 days,advance
00:00:34,0 days,off-peak
00:05:10,0 days,off-peak
00:11:01,0 days,off-peak
00:19:51,0 days,off-peak
00:30:56,0 days,off-peak
00:38:06,0 days,off-peak
00:51:00,0 days,off-peak
01:06:05,1 days,advance
01:06:27,1 days,advance
01:16:27,1 days,advance
01:18:38,1 days,advance
01:19:33,0 days,off-peak
01:22:58,0 days,off-peak
01:24:07,1 days,advance
01:28:02,1 days,advance
01:39:01,1 days,advance
01:39:32,1 days,advance
02:15:46,0 days,off-peak
02:52:00,0 days,off-peak
02:52:51,0 days,off-peak
02:55:22,0 days,off-peak
03:00:12,0 days,off-peak
03:00:55,0 days,off-peak
03:03:32,0 days,off-peak
03:04:06,0 days,off-peak
03:05:25,1 days,advance
03:07:58,1 days,advance
03:08:48,0 days,off-peak
03:10:47,1 days,advance
03:24:05,1 days,advance
03:33:09,0 days,off-peak
03:37:03,0 days,off-peak
03:39:02,0 days,off-peak
03:39:48,1 days,advance
03:41:48,0 days,off-peak
03:43:42,0 days,off-peak
04:05:13,0 days,off-peak
04:11:45,1 days,advance
04:16:38,0 days,off-peak
04:42:35,0 days,anytime
04:45:11,0 days,anytime
04:45:15,0 days,anytime
04:55:16,1 days,advance
04:55:38,0 days,anytime
04:56:44,0 days,anytime
04:57:27,1 days,advance
04:58:57,0 days,anytime
04:59:45,0 days,anytime
05:03:58,0 days,anytime
05:05:55,0 days,anytime
05:06:44,0 days,anytime
05:09:41,0 days,anytime
05:10:46,0 days,anytime
05:12:59,0 days,anytime
05:13:35,0 days,anytime
05:15:10,0 days,anytime
05:15:36,0 days,anytime
05:26:33,0 days,anytime
05:36:07,0 days,anytime
05:46:36,0 days,anytime
05:58:45,1 days,advance
06:02:02,0 days,anytime
06:02:49,0 days,anytime
06:02:49,0 days,anytime
06:07:11,1 days,advance
06:09:30,0 days,anytime
06:11:22,0 days,anytime
06:30:47,1 days,advance
06:32:45,1 days,advance
06:35:39,1 days,advance
06:38:11,0 days,anytime
06:40:11,0 days,anytime
06:40:39,0 days,anytime
06:42:24,0 days,anytime
06:42:57,0 days,anytime
06:43:31,0 days,anytime
06:47:43,0 days,anytime
06:50:35,0 days,anytime
06:53:08,0 days,anytime
06:57:36,0 days,anytime
07:15:59,0 days,anytime
07:17:38,0 days,anytime
07:17:49,0 days,anytime
07:19:52,0 days,anytime
07:22:14,1 days,advance
07:24:16,0 days,anytime
07:26:05,1 days,advance
07:27:26,0 days,anytime
07:27:31,0 days,anytime
07:29:08,0 days,anytime
07:35:03,0 days,off-peak
07:41:38,0 days,off-peak
07:46:13,0 days,off-peak
07:46:59,1 days,advance
07:47:23,1 days,advance
07:48:07,1 days,advance
07:50:07,1 days,advance
07:50:40,0 days,off-peak
07:50:58,0 days,anytime
07:51:21,1 days,advance
07:52:04,0 days,off-peak
07:53:45,0 days,off-peak
08:01:43,1 days,advance
08:02:33,1 days,advance
08:03:17,1 days,advance
08:05:36,1 days,advance
08:06:24,1 days,advance
08:08:00,1 days,advance
08:14:07,1 days,advance
08:14:35,1 days,advance
08:14:37,1 days,advance
08:16:14,1 days,advance
08:17:07,1 days,advance
08:20:03,1 days,advance
08:20:34,1 days,advance
08:21:40,1 days,advance
08:25:16,1 days,advance
08:27:36,1 days,advance
08:39:08,1 days,advance
08:44:20,1 days,advance
08:52:36,0 days,off-peak
09:08:52,1 days,advance
09:10:16,1 days,advance
09:13:17,1 days,advance
09:13:24,0 days,off-peak
09:15:57,1 days,advance
09:16:23,0 days,off-peak
09:21:42,0 days,off-peak
09:30:17,1 days,advance
09:30:27,0 days,off-peak
09:33:23,0 days,off-peak
09:37:38,1 days,advance
09:37:49,1 days,advance
09:39:04,0 days,off-peak
09:43:22,1 days,advance
09:44:00,1 days,advance
09:44:26,1 days,advance
09:46:05,1 days,advance
09:53:41,1 days,advance
09:57:35,1 days,advance
10:23:53,1 days,advance
10:25:37,1 days,advance
10:29:49,1 days,advance
10:32:00,1 days,advance
10:37:18,1 days,advance
10:39:13,0 days,off-peak
10:41:41,1 days,advance
10:44:38,0 days,off-peak
10:52:05,0 days,off-peak
10:55:41,1 days,advance
10:58:00,1 days,advance
11:19:35,0 days,off-peak
11:22:21,0 days,off-peak
11:45:32,0 days,off-peak
11:47:19,0 days,off-peak
11:58:41,1 days,advance
12:12:07,1 days,advance
12:15:18,0 days,off-peak
12:22:30,0 days,off-peak
12:32:39,1 days,advance
12:35:45,1 days,advance
12:43:43,1 days,advance
12:50:43,1 days,advance
12:55:13,1 days,advance
13:05:48,0 days,off-peak
13:17:43,1 days,advance
13:19:56,1 days,advance
13:22:15,1 days,advance
13:23:14,1 days,advance
13:24:58,0 days,off-peak
13:31:08,0 days,off-peak
13:33:47,1 days,advance
13:41:30,0 days,off-peak
13:47:56,0 days,off-peak
13:53:32,0 days,off-peak
14:02:16,0 days,off-peak
14:16:45,1 days,advance
14:21:05,1 days,advance
14:22:59,0 days,off-peak
14:25:05,0 days,off-peak
14:32:16,0 days,anytime
14:32:37,0 days,anytime
14:33:20,0 days,anytime
14:37:39,0 days,anytime
14:40:04,1 days,advance
14:43:23,0 days,anytime
14:44:56,0 days,anytime
14:50:20,1 days,advance
14:55:26,1 days,advance
15:09:22,0 days,off-peak
15:09:35,0 days,anytime
15:11:17,0 days,anytime
15:16:07,0 days,anytime
15:23:45,0 days,anytime
15:26:19,0 days,anytime
15:33:12,1 days,advance
15:40:30,0 days,anytime
15:47:11,0 days,anytime
15:47:55,0 days,anytime
15:49:59,0 days,anytime
15:52:34,0 days,anytime
15:54:27,0 days,anytime
15:58:30,0 days,anytime
16:01:51,1 days,advance
16:08:06,1 days,advance
16:10:18,1 days,advance
16:12:41,0 days,anytime
16:13:05,0 days,anytime
16:24:40,1 days,advance
16:41:41,1 days,advance
16:47:01,0 days,anytime
16:49:28,1 days,advance
17:06:02,0 days,anytime
17:08:06,0 days,anytime
17:13:10,0 days,anytime
17:14:24,1 days,advance
17:17:29,0 days,anytime
17:18:28,0 days,anytime
17:20:02,0 days,anytime
17:25:14,0 days,anytime
17:25:34,0 days,anytime
17:26:24,0 days,anytime
17:27:37,0 days,anytime
17:29:40,0 days,anytime
17:29:52,1 days,advance
17:33:50,1 days,advance
17:36:37,0 days,off-peak
17:39:03,0 days,off-peak
17:41:54,1 days,advance
17:42:16,1 days,advance
17:43:33,1 days,advance
17:47:27,0 days,off-peak
17:48:05,1 days,advance
17:48:59,1 days,advance
17:50:20,1 days,advance
17:50:38,1 days,advance
17:54:26,1 days,advance
17:57:50,1 days,advance
18:01:35,1 days,advance
18:09:12,1 days,advance
18:30:03,0 days,off-peak
18:35:56,1 days,advance
18:38:09,0 days,off-peak
18:39:31,0 days,off-peak
18:44:47,0 days,off-peak
18:47:17,1 days,advance
18:49:13,1 days,advance
18:58:41,1 days,advance
19:11:32,0 days,off-peak
19:17:53,1 days,advance
19:27:14,1 days,advance
19:29:00,1 days,advance
19:30:18,1 days,advance
19:30:40,1 days,advance
19:31:35,1 days,advance
19:34:40,1 days,advance
19:36:51,1 days,advance
19:41:07,1 days,advance
19:43:03,1 days,advance
19:57:04,1 days,advance
20:01:53,1 days,advance
20:02:53,0 days,off-peak
20:16:21,1 days,advance
20:16:38,1 days,advance
20:16:50,1 days,advance
20:21:22,1 days,advance
20:22:52,1 days,advance
20:23:30,0 days,off-peak
20:24:23,1 days,advance
20:28:16,1 days,advance
20:29:40,1 days,advance
20:32:28,1 days,advance
20:33:35,1 days,advance
20:40:18,0 days,off-peak
20:54:57,0 days,off-peak
21:20:09,1 days,advance
21:33:36,1 days,advance
21:36:59,1 days,advance
21:51:09,1 days,advance
21:53:29,1 days,advance
21:55:38,1 days,advance
21:59:32,1 days,advance
22:05:50,1 days,advance
22:31:00,1 days,advance
22:53:19,1 days,advance
23:00:16,1 days,advance
23:05:19,1 days,advance
23:31:19,1 days,advance
23:46:52,1 days,advance
23:47:51,1 days,advance
23:50:01,1 days,advance
23:58:12,1 days,advance
00:03:26,1 days,advance
00:03:42,1 days,advance
00:09:35,0 days,off-peak
00:22:19,2 days,advance
00:33:44,0 days,off-peak
00:35:37,0 days,off-peak
00:38:21,0 days,off-peak
00:44:18,0 days,off-peak
00:49:35,1 days,advance
00:52:06,1 days,advance
01:14:16,0 days,off-peak
01:20:20,0 days,off-peak
01:22:25,0 days,off-peak
01:35:04,0 days,off-peak
01:37:04,1 days,advance
01:39:36,1 days,advance
01:43:17,1 days,advance
02:03:41,0 days,off-peak
02:11:32,0 days,off-peak
02:14:17,1 days,advance
02:46:50,0 days,off-peak
02:47:01,1 days,advance
02:59:39,0 days,off-peak
03:07:11,0 days,off-peak
03:23:00,1 days,advance
03:24:06,1 days,advance
03:33:59,1 days,advance
03:34:05,1 days,advance
03:40:50,0 days,off-peak
03:56:55,1 days,advance
04:02:40,1 days,advance
04:04:40,1 days,advance
04:20:01,0 days,off-peak
04:25:57,0 days,off-peak
04:29:29,1 days,advance
04:32:15,0 days,anytime
04:33:21,1 days,advance
04:39:55,0 days,anytime
04:49:52,0 days,anytime
04:53:42,0 days,anytime
05:00:12,0 days,anytime
05:01:41,0 days,anytime
05:09:06,0 days,anytime
05:11:53,0 days,anytime
05:13:48,0 days,anytime
05:16:02,0 days,anytime
05:16:29,1 days,advance
05:18:35,0 days,anytime
05:19:42,0 days,anytime
05:42:47,1 days,advance
05:48:32,1 days,advance
05:49:48,0 days,off-peak
06:01:29,0 days,anytime
06:01:45,0 days,anytime
06:05:04,0 days,anytime
06:11:30,0 days,anytime
06:11:50,0 days,anytime
06:16:07,1 days,advance
06:19:31,0 days,anytime
06:21:51,0 days,anytime
06:28:19,1 days,advance
06:33:32,1 days,advance
06:36:57,0 days,anytime
06:37:54,0 days,anytime
06:39:02,1 days,advance
06:43:48,0 days,anytime
06:45:47,0 days,anytime
06:57:31,0 days,anytime
07:15:47,0 days,anytime
07:17:40,0 days,anytime
07:19:32,0 days,anytime
07:24:34,0 days,anytime
07:27:05,0 days,anytime
07:27:07,0 days,anytime
07:27:19,0 days,anytime
07:33:49,0 days,off-peak
07:40:44,0 days,off-peak
07:45:11,1 days,advance
07:45:48,1 days,advance
07:46:04,1 days,advance
07:48:56,1 days,advance
07:50:16,0 days,off-peak
07:53:55,1 days,advance
07:55:36,0 days,off-peak
07:56:34,1 days,advance
08:00:11,1 days,advance
08:00:32,0 days,off-peak
08:04:24,1 days,advance
08:07:37,1 days,advance
08:08:56,1 days,advance
08:10:51,1 days,advance
08:12:06,1 days,advance
08:16:54,1 days,advance
08:20:28,1 days,advance
08:20:43,1 days,advance
08:22:15,0 days,off-peak
08:22:19,1 days,advance
08:23:00,1 days,advance
08:25:21,1 days,advance
08:29:49,1 days,advance
08:54:05,1 days,advance
09:07:48,1 days,advance
09:10:17,1 days,advance
09:12:13,0 days,off-peak
09:14:00,0 days,off-peak
09:25:11,1 days,advance
09:27:50,1 days,advance
09:30:17,1 days,advance
09:31:20,1 days,advance
09:32:09,1 days,advance
09:32:11,1 days,advance
09:34:26,1 days,advance
09:43:22,1 days,advance
09:46:43,0 days,off-peak
09:51:29,1 days,advance
09:59:34,1 days,advance
10:18:58,1 days,advance
10:23:48,0 days,off-peak
10:30:46,1 days,advance
10:40:21,1 days,advance
10:43:41,1 days,advance
10:48:23,0 days,off-peak
11:18:04,0 days,off-peak
11:33:11,0 days,off-peak
11:36:50,1 days,advance
11:46:35,1 days,advance
11:49:58,1 days,advance
11:54:20,0 days,off-peak
11:55:02,0 days,off-peak
12:00:38,1 days,advance
12:10:26,1 days,advance
12:17:07,0 days,off-peak
12:25:41,1 days,advance
12:42:49,1 days,advance
12:43:16,1 days,advance
13:00:31,0 days,off-peak
13:08:24,1 days,advance
13:11:52,0 days,off-peak
13:22:49,1 days,advance
13:26:43,0 days,off-peak
13:36:16,0 days,off-peak
13:37:04,1 days,advance
13:44:46,0 days,off-peak
14:01:23,0 days,off-peak
14:06:36,0 days,off-peak
14:18:34,0 days,off-peak
14:25:04,0 days,off-peak
14:29:43,1 days,advance
14:30:14,1 days,advance
14:31:36,0 days,anytime
14:33:05,0 days,anytime
14:41:48,0 days,anytime
14:44:53,0 days,anytime
14:49:33,1 days,advance
14:51:20,0 days,anytime
14:53:52,1 days,advance
14:54:02,1 days,advance
14:54:57,0 days,anytime
14:56:30,0 days,anytime
14:56:32,0 days,anytime
14:58:02,1 days,advance
15:00:33,1 days,advance
15:03:05,1 days,advance
15:03:27,0 days,anytime
15:10:24,0 days,anytime
15:14:23,0 days,anytime
15:30:19,0 days,anytime
15:32:32,1 days,advance
15:36:46,0 days,anytime
15:53:37,0 days,anytime
15:58:19,0 days,anytime
15:59:31,0 days,anytime
16:00:20,0 days,anytime
16:01:36,0 days,anytime
16:08:43,0 days,anytime
16:09:45,0 days,anytime
16:12:45,0 days,anytime
16:33:33,1 days,advance
17:02:09,0 days,anytime
17:11:00,0 days,anytime
17:12:37,1 days,advance
17:17:00,0 days,anytime
17:18:39,0 days,anytime
17:20:57,1 days,advance
17:20:58,0 days,anytime
17:22:32,0 days,anytime
17:23:13,0 days,anytime
17:23:16,0 days,anytime
17:23:53,1 days,advance
17:26:26,1 days,advance
17:28:07,1 days,advance
17:29:06,0 days,anytime
17:30:23,1 days,advance
17:31:32,1 days,advance
17:32:09,0 days,off-peak
17:35:41,1 days,advance
17:38:10,1 days,advance
17:41:54,1 days,advance
17:42:02,1 days,advance
17:46:52,1 days,advance
17:46:59,1 days,advance
17:48:04,1 days,advance
17:50:17,1 days,advance
17:58:10,1 days,advance
18:02:28,1 days,advance
18:02:44,1 days,advance
18:13:43,0 days,anytime
18:20:11,0 days,off-peak
18:30:53,1 days,advance
18:32:23,1 days,advance
18:33:08,0 days,off-peak
18:33:32,1 days,advance
18:39:45,0 days,off-peak
18:43:51,1 days,advance
18:47:49,0 days,off-peak
18:47:58,0 days,off-peak
18:48:13,0 days,off-peak
18:52:20,1 days,advance
18:55:42,0 days,off-peak
18:55:43,0 days,off-peak
18:55:53,1 days,advance
18:57:40,1 days,advance
18:58:06,1 days,advance
19:20:46,1 days,advance
19:22:21,1 days,advance
19:27:48,1 days,advance
19:28:00,1 days,advance
19:28:59,1 days,advance
19:29:59,1 days,advance
19:35:06,1 days,advance
19:59:22,0 days,off-peak
20:11:00,1 days,advance
20:18:20,0 days,off-peak
20:20:05,1 days,advance
20:21:19,1 days,advance
20:22:00,1 days,advance
20:25:04,1 days,advance
20:26:52,1 days,advance
20:32:14,1 days,advance
20:33:03,0 days,off-peak
21:18:01,1 days,advance
21:33:12,1 days,advance
21:37:44,1 days,advance
21:42:08,1 days,advance
21:49:20,1 days,advance
21:50:13,1 days,advance
21:56:07,1 days,advance
22:33:23,1 days,advance
22:41:18,1 days,advance
23:39:42,1 days,advance
23:51:05,1 days,advance
23:54:12,1 days,advance
23:56:47,1 days,advance
23:59:19,1 days,advance
00:00:48,1 days,advance
00:05:07,0 days,off-peak
00:12:05,1 days,advance
00:32:25,0 days,off-peak
00:33:53,2 days,advance
00:35:12,0 days,off-peak
00:37:30,0 days,off-peak
00:40:38,0 days,off-peak
00:57:40,0 days,off-peak
01:17:03,1 days,advance
01:17:23,0 days,off-peak
01:43:37,1 days,advance
01:48:10,0 days,off-peak
01:49:34,1 days,advance
01:56:46,0 days,off-peak
01:59:44,0 days,off-peak
02:22:54,0 days,off-peak
02:43:43,1 days,advance
02:50:30,0 days,off-peak
03:02:15,0 days,off-peak
03:03:14,0 days,off-peak
03:09:49,0 days,off-peak
03:14:18,0 days,off-peak
03:27:56,1 days,advance
03:31:18,1 days,advance
03:33:57,1 days,advance
03:38:07,1 days,advance
03:40:55,0 days,off-peak
04:07:47,0 days,off-peak
04:38:40,0 days,off-peak
04:48:21,0 days,off-peak
04:48:36,0 days,off-peak
04:52:07,1 days,advance
04:52:21,0 days,off-peak
04:53:35,0 days,off-peak
04:58:13,0 days,off-peak
04:59:24,0 days,off-peak
05:05:22,0 days,off-peak
05:07:07,0 days,off-peak
05:08:55,0 days,off-peak
05:10:03,0 days,off-peak
05:11:45,0 days,off-peak
05:16:45,0 days,off-peak
05:17:34,0 days,off-peak
05:19:53,0 days,off-peak
05:22:30,1 days,advance
05:22:48,1 days,advance
05:28:01,0 days,off-peak
05:53:06,0 days,off-peak
05:57:18,1 days,advance
06:00:02,0 days,off-peak
06:04:09,0 days,off-peak
06:08:47,0 days,off-peak
06:09:46,1 days,advance
06:13:09,0 days,off-peak
06:33:42,0 days,off-peak
06:36:54,0 days,off-peak
06:37:40,0 days,off-peak
06:37:52,1 days,advance
06:39:14,0 days,off-peak
06:40:57,0 days,off-peak
06:43:22,0 days,off-peak
06:43:29,0 days,off-peak
06:44:25,0 days,off-peak
06:46:59,1 days,advance
07:10:33,0 days,off-peak
07:16:14,1 days,advance
07:18:34,0 days,off-peak
07:19:18,0 days,off-peak
07:22:06,0 days,off-peak
07:22:12,0 days,off-peak
07:22:49,0 days,off-peak
07:24:01,0 days,off-peak
07:25:48,0 days,off-peak
07:26:09,0 days,off-peak
07:29:02,0 days,off-peak
07:29:13,0 days,off-peak
07:38:46,0 days,off-peak
07:39:26,0 days,off-peak
07:45:26,1 days,advance
07:47:25,1 days,advance
07:48:11,0 days,off-peak
07:50:15,0 days,off-peak
07:56:54,0 days,off-peak
08:01:02,1 days,advance
08:11:03,1 days,advance
08:11:24,1 days,advance
08:12:57,1 days,advance
08:13:29,1 days,advance
08:14:23,1 days,advance
08:15:31,1 days,advance
08:21:20,1 days,advance
08:24:08,1 days,advance
08:24:09,1 days,advance
08:41:17,1 days,advance
08:44:41,1 days,advance
09:02:45,1 days,advance
09:30:48,1 days,advance
09:30:48,1 days,advance
09:33:39,1 days,advance
09:34:55,1 days,advance
09:35:12,1 days,advance
09:36:02,1 days,advance
09:36:16,1 days,advance
09:42:06,1 days,advance
09:42:53,1 days,advance
09:44:57,1 days,advance
10:19:50,1 days,advance
10:22:53,0 days,off-peak
10:43:34,0 days,off-peak
10:44:41,1 days,advance
10:47:14,0 days,off-peak
10:50:20,0 days,off-peak
11:06:38,0 days,off-peak
11:12:19,0 days,off-peak
11:27:30,1 days,advance
11:28:06,0 days,off-peak
11:38:06,1 days,advance
11:51:10,0 days,off-peak
11:55:22,0 days,off-peak
11:58:27,0 days,off-peak
12:07:18,1 days,advance
12:09:27,1 days,advance
12:24:05,0 days,off-peak
12:39:44,1 days,advance
13:16:38,1 days,advance
13:20:55,1 days,advance
13:29:03,0 days,off-peak
13:34:43,1 days,advance
13:43:13,1 days,advance
13:43:23,0 days,off-peak
13:43:55,0 days,off-peak
13:45:29,0 days,off-peak
13:53:29,1 days,advance
14:02:10,0 days,off-peak
14:08:46,0 days,off-peak
14:15:31,0 days,off-peak
14:31:10,0 days,off-peak
14:33:04,0 days,off-peak
14:34:34,0 days,off-peak
14:40:14,0 days,off-peak
14:41:21,0 days,off-peak
14:42:48,0 days,off-peak
14:42:51,0 days,off-peak
14:43:09,0 days,off-peak
14:48:14,1 days,advance
14:56:31,1 days,advance
15:03:26,1 days,advance
15:04:18,0 days,off-peak
15:06:50,1 days,advance
15:07:25,0 days,off-peak
15:09:35,1 days,advance
15:10:19,0 days,off-peak
15:11:59,0 days,off-peak
15:12:10,0 days,off-peak
15:14:45,0 days,off-peak
15:17:46,0 days,off-peak
15:21:49,0 days,off-peak
15:32:56,0 days,off-peak
15:35:45,0 days,off-peak
15:45:50,0 days,off-peak
15:47:44,1 days,advance
15:54:17,0 days,off-peak
15:58:17,0 days,off-peak
16:06:06,0 days,off-peak
16:06:42,1 days,advance
16:08:38,0 days,off-peak
16:11:47,0 days,off-peak
16:12:22,1 days,advance
16:12:46,0 days,off-peak
16:15:33,1 days,advance
16:27:11,1 days,advance
16:29:37,1 days,advance
17:09:06,0 days,off-peak
17:13:58,1 days,advance
17:15:03,0 days,off-peak
17:15:53,0 days,off-peak
17:17:26,0 days,off-peak
17:18:58,0 days,off-peak
17:23:11,0 days,off-peak
17:24:21,0 days,off-peak
17:24:37,0 days,off-peak
17:26:15,1 days,advance
17:26:46,0 days,off-peak
17:27:41,0 days,off-peak
17:27:50,1 days,advance
17:31:12,1 days,advance
17:37:15,1 days,advance
17:38:40,1 days,advance
17:44:00,1 days,advance
17:44:10,1 days,advance
17:45:24,1 days,advance
17:46:47,1 days,advance
17:46:57,1 days,advance
17:56:40,1 days,advance
18:14:11,1 days,advance
18:16:03,0 days,off-peak
18:44:30,0 days,off-peak
18:46:02,0 days,off-peak
18:52:32,0 days,off-peak
18:54:06,1 days,advance
18:59:50,1 days,advance
19:01:46,0 days,off-peak
19:23:06,1 days,advance
19:26:25,1 days,advance
19:33:54,1 days,advance
19:36:05,1 days,advance
19:38:13,1 days,advance
19:42:18,1 days,advance
20:00:29,0 days,off-peak
20:00:52,0 days,off-peak
20:05:11,1 days,advance
20:08:58,0 days,off-peak
20:10:44,1 days,advance
20:15:56,1 days,advance
20:16:42,1 days,advance
20:17:54,1 days,advance
20:20:01,1 days,advance
20:20:44,1 days,advance
20:21:16,1 days,advance
20:24:42,1 days,advance
20:25:03,1 days,advance
20:25:49,0 days,off-peak
20:26:14,1 days,advance
20:26:51,0 days,off-peak
20:28:07,1 days,advance
20:29:06,1 days,advance
20:29:33,1 days,advance
20:32:32,1 days,advance
21:33:32,1 days,advance
21:38:22,1 days,advance
21:42:20,1 days,advance
21:42:48,1 days,advance
21:52:02,1 days,advance
22:05:23,1 days,advance
22:23:26,1 days,advance
22:32:04,1 days,advance
22:35:30,1 days,advance
22:40:31,1 days,advance
23:08:34,1 days,advance
23:11:11,1 days,advance
23:11:29,1 days,advance
23:32:14,1 days,advance
23:58:21,1 days,advance
23:59:15,1 days,advance
00:00:14,0 days,off-peak
00:14:16,0 days,off-peak
00:25:20,1 days,advance
00:46:36,1 days,advance
00:52:51,0 days,off-peak
01:05:50,0 days,off-peak
01:08:35,1 days,advance
01:14:03,1 days,advance
01:18:10,1 days,advance
01:29:34,0 days,off-peak
01:29:50,1 days,advance
01:39:31,1 days,advance
01:41:05,1 days,advance
01:57:48,1 days,advance
02:11:14,0 days,off-peak
02:28:08,0 days,off-peak
02:32:04,1 days,advance
02:33:16,1 days,advance
02:36:07,1 days,advance
02:43:54,0 days,off-peak
02:59:49,0 days,off-peak
03:07:16,0 days,off-peak
03:08:04,0 days,off-peak
03:08:40,0 days,off-peak
03:10:05,0 days,off-peak
03:29:12,1 days,advance
03:30:02,0 days,off-peak
03:35:56,0 days,off-peak
03:37:26,1 days,advance
03:39:53,0 days,off-peak
03:46:18,1 days,advance
03:46:36,1 days,advance
03:48:47,1 days,advance
04:03:31,0 days,off-peak
04:04:08,1 days,advance
04:20:20,0 days,off-peak
04:21:45,0 days,off-peak
04:27:04,0 days,off-peak
04:36:36,0 days,off-peak
04:45:02,0 days,off-peak
04:52:24,0 days,off-peak
04:56:57,0 days,off-peak
05:00:23,0 days,off-peak
05:07:16,0 days,off-peak
05:07:25,0 days,off-peak
05:08:23,0 days,off-peak
05:08:28,0 days,off-peak
05:11:08,0 days,off-peak
05:13:04,0 days,off-peak
05:13:33,0 days,off-peak
05:14:47,0 days,off-peak
05:18:19,1 days,advance
05:19:49,0 days,off-peak
05:28:55,0 days,off-peak
05:42:05,1 days,advance
05:49:33,1 days,advance
05:52:55,1 days,advance
06:00:26,1 days,advance
06:00:32,0 days,off-peak
06:01:42,0 days,off-peak
06:01:53,0 days,off-peak
06:02:00,0 days,off-peak
06:02:26,1 days,advance
06:03:15,0 days,off-peak
06:05:01,0 days,off-peak
06:13:15,1 days,advance
06:15:08,1 days,advance
06:18:57,1 days,advance
06:19:00,0 days,off-peak
06:19:51,0 days,off-peak
06:29:42,1 days,advance
06:30:18,0 days,off-peak
06:30:20,0 days,off-peak
06:34:20,0 days,off-peak
06:41:45,1 days,advance
06:50:48,0 days,off-peak
06:52:44,1 days,advance
07:03:59,1 days,advance
07:09:28,0 days,off-peak
07:16:58,0 days,off-peak
07:18:52,0 days,off-peak
07:20:23,0 days,off-peak
07:27:18,0 days,off-peak
07:29:40,0 days,off-peak
07:33:04,1 days,advance
07:35:01,0 days,off-peak
07:37:42,0 days,off-peak
07:37:44,0 days,off-peak
07:39:21,0 days,off-peak
07:45:15,1 days,advance
07:46:37,1 days,advance
07:47:09,1 days,advance
07:49:18,0 days,off-peak
07:51:02,0 days,off-peak
07:56:49,1 days,advance
08:05:16,1 days,advance
08:06:32,1 days,advance
08:08:36,1 days,advance
08:09:00,1 days,advance
08:11:58,1 days,advance
08:16:57,0 days,off-peak
08:21:20,1 days,advance
08:21:50,1 days,advance
08:29:10,1 days,advance
08:30:34,1 days,advance
08:30:53,1 days,advance
08:31:17,0 days,off-peak
08:47:12,1 days,advance
08:55:01,1 days,advance
09:06:08,0 days,off-peak
09:07:24,0 days,off-peak
09:07:38,1 days,advance
09:08:28,1 days,advance
09:12:01,1 days,advance
09:32:05,1 days,advance
09:32:28,1 days,advance
09:34:26,1 days,advance
09:37:41,1 days,advance
09:38:29,0 days,off-peak
09:39:38,0 days,off-peak
09:39:43,0 days,off-peak
09:40:41,1 days,advance
09:41:14,1 days,advance
09:42:12,0 days,off-peak
09:42:33,1 days,advance
09:45:40,1 days,advance
09:48:41,1 days,advance
09:54:14,1 days,advance
09:56:47,0 days,off-peak
09:59:36,1 days,advance
10:13:07,0 days,off-peak
10:16:29,0 days,off-peak
10:19:49,0 days,off-peak
10:19:52,1 days,advance
10:34:16,1 days,advance
10:37:43,0 days,off-peak
10:41:35,0 days,off-peak
10:41:51,0 days,off-peak
10:41:51,1 days,advance
10:42:03,0 days,off-peak
10:43:53,1 days,advance
10:44:43,1 days,advance
10:49:14,1 days,advance
10:52:46,1 days,advance
11:02:07,0 days,off-peak
11:08:23,0 days,off-peak
11:31:28,0 days,off-peak
11:39:57,0 days,off-peak
11:47:21,0 days,off-peak
11:52:20,1 days,advance
11:55:31,0 days,off-peak
11:57:01,1 days,advance
12:01:26,0 days,off-peak
12:08:34,1 days,advance
12:12:23,0 days,off-peak
12:34:30,0 days,off-peak
12:35:09,1 days,advance
12:42:10,1 days,advance
12:54:33,1 days,advance
12:57:28,0 days,off-peak
13:15:46,1 days,advance
13:20:45,1 days,advance
13:22:46,1 days,advance
13:25:20,0 days,off-peak
13:38:54,1 days,advance
13:39:12,0 days,off-peak
13:47:32,0 days,off-peak
14:07:55,0 days,off-peak
14:10:31,0 days,off-peak
14:13:10,0 days,off-peak
14:15:09,0 days,off-peak
14:18:14,0 days,off-peak
14:18:15,1 days,advance
14:19:12,1 days,advance
14:20:58,0 days,off-peak
14:35:08,0 days,off-peak
14:45:07,0 days,off-peak
14:47:59,0 days,off-peak
14:50:45,1 days,advance
14:53:57,0 days,off-peak
15:05:11,0 days,off-peak
15:07:18,1 days,advance
15:10:57,0 days,off-peak
15:11:29,1 days,advance
15:12:57,0 days,off-peak
15:13:06,0 days,off-peak
15:15:56,1 days,advance
15:16:54,0 days,off-peak
15:24:07,0 days,off-peak
15:24:42,0 days,off-peak
15:34:54,0 days,off-peak
15:39:51,1 days,advance
15:41:36,0 days,off-peak
15:47:07,0 days,off-peak
16:03:16,0 days,off-peak
16:04:58,1 days,advance
16:07:08,1 days,advance
16:12:54,0 days,off-peak
16:16:46,1 days,advance
16:23:05,1 days,advance
16:26:09,1 days,advance
16:26:27,1 days,advance
16:32:35,1 days,advance
16:48:56,0 days,off-peak
17:00:12,1 days,advance
17:02:23,0 days,off-peak
17:05:32,1 days,advance
17:10:36,1 days,advance
17:11:54,0 days,off-peak
17:14:53,1 days,advance
17:15:11,0 days,off-peak
17:16:34,1 days,advance
17:17:50,1 days,advance
17:18:22,0 days,off-peak
17:18:58,0 days,off-peak
17:20:03,1 days,advance
17:21:29,1 days,advance
17:21:56,0 days,off-peak
17:22:08,0 days,off-peak
17:24:24,0 days,off-peak
17:27:09,0 days,off-peak
17:28:01,0 days,off-peak
17:31:47,1 days,advance
17:34:22,1 days,advance
17:35:09,1 days,advance
17:38:22,1 days,advance
17:38:59,1 days,advance
17:40:16,1 days,advance
17:40:27,1 days,advance
17:44:48,1 days,advance
17:47:04,1 days,advance
17:50:02,1 days,advance
17:52:58,1 days,advance
17:56:20,1 days,advance
17:56:35,1 days,advance
18:01:14,1 days,advance
18:10:33,0 days,off-peak
18:15:58,0 days,off-peak
18:27:49,0 days,off-peak
18:31:54,1 days,advance
18:32:54,0 days,off-peak
18:36:54,0 days,off-peak
18:39:32,1 days,advance
18:45:06,1 days,advance
18:48:35,0 days,off-peak
18:53:21,0 days,off-peak
18:56:32,1 days,advance
18:58:09,0 days,off-peak
18:59:13,1 days,advance
18:59:54,1 days,advance
19:24:28,1 days,advance
19:30:13,1 days,advance
19:34:05,1 days,advance
19:34:18,1 days,advance
19:35:20,1 days,advance
19:36:55,1 days,advance
19:48:44,1 days,advance
20:03:52,1 days,advance
20:17:41,1 days,advance
20:18:24,1 days,advance
20:20:21,1 days,advance
20:21:24,1 days,advance
20:21:41,1 days,advance
20:23:01,1 days,advance
20:24:20,1 days,advance
20:24:32,1 days,advance
20:24:41,1 days,advance
20:24:58,1 days,advance
20:27:30,1 days,advance
20:27:46,1 days,advance
20:27:49,1 days,advance
20:29:24,1 days,advance
20:29:57,1 days,advance
20:31:12,1 days,advance
20:34:27,1 days,advance
20:58:43,1 days,advance
21:03:37,1 days,advance
21:35:14,1 days,advance
21:36:09,1 days,advance
21:46:02,1 days,advance
21:48:11,1 days,advance
22:31:12,1 days,advance
22:32:14,1 days,advance
22:35:58,1 days,advance
22:38:06,1 days,advance
22:43:49,1 days,advance
22:51:04,1 days,advance
23:11:22,1 days,advance
23:14:33,1 days,advance
23:19:57,1 days,advance
23:33:35,1 days,advance
23:35:37,1 days,advance
23:42:59,1 days,advance
23:44:40,1 days,advance
23:45:33,1 days,advance
23:56:24,1 days,advance
00:06:48,0 days,off-peak
00:24:59,0 days,off-peak
00:26:41,2 days,advance
00:29:36,0 days,off-peak
00:44:47,0 days,off-peak
00:53:33,0 days,off-peak
01:06:48,0 days,off-peak
01:07:03,0 days,off-peak
01:17:29,1 days,advance
01:18:29,0 days,off-peak
01:20:17,0 days,off-peak
01:20:41,1 days,advance
01:23:21,1 days,advance
01:24:18,1 days,advance
01:34:11,1 days,advance
01:38:47,1 days,advance
01:38:52,0 days,off-peak
01:38:58,1 days,advance
01:40:26,1 days,advance
01:47:08,0 days,off-peak
02:07:47,1 days,advance
02:22:01,0 days,off-peak
03:05:35,1 days,advance
03:09:10,0 days,off-peak
03:13:31,1 days,advance
03:16:56,1 days,advance
03:17:42,1 days,advance
03:23:17,1 days,advance
03:32:41,1 days,advance
03:35:29,0 days,off-peak
03:35:57,1 days,advance
03:36:05,1 days,advance
03:39:40,1 days,advance
03:41:05,1 days,advance
04:13:52,0 days,off-peak
04:19:46,0 days,off-peak
04:26:18,0 days,off-peak
04:48:21,0 days,anytime
04:48:51,0 days,anytime
04:51:24,0 days,anytime
04:53:06,0 days,anytime
04:58:52,0 days,anytime
05:00:39,1 days,advance
05:06:02,0 days,anytime
05:06:52,0 days,anytime
05:07:48,0 days,anytime
05:08:36,0 days,anytime
05:09:05,1 days,advance
05:11:54,0 days,anytime
05:13:26,0 days,anytime
05:13:47,0 days,anytime
05:16:08,0 days,anytime
05:18:02,0 days,anytime
05:29:21,0 days,anytime
05:36:40,0 days,anytime
05:36:55,1 days,advance
05:37:58,0 days,anytime
05:47:05,0 days,anytime
05:55:50,0 days,anytime
06:02:38,0 days,anytime
06:06:01,0 days,anytime
06:07:05,0 days,anytime
06:07:16,1 days,advance
06:14:30,0 days,anytime
06:28:06,0 days,anytime
06:30:03,0 days,anytime
06:31:27,0 days,anytime
06:33:02,0 days,anytime
06:34:13,0 days,anytime
06:35:41,0 days,anytime
06:36:17,1 days,advance
06:36:45,1 days,advance
06:39:37,0 days,anytime
06:41:19,0 days,anytime
06:41:24,0 days,anytime
06:47:33,0 days,anytime
06:51:18,0 days,anytime
06:53:05,1 days,advance
06:56:12,0 days,anytime
07:07:30,1 days,advance
07:13:01,0 days,anytime
07:15:07,0 days,anytime
07:21:04,0 days,anytime
07:24:25,0 days,anytime
07:24:33,1 days,advance
07:27:03,0 days,anytime
07:27:35,0 days,anytime
07:27:46,0 days,anytime
07:29:05,0 days,anytime
07:30:58,1 days,advance
07:33:26,0 days,off-peak
07:38:31,0 days,off-peak
07:41:19,1 days,advance
07:46:14,1 days,advance
07:47:34,0 days,anytime
07:48:34,0 days,off-peak
07:48:42,1 days,advance
07:49:24,1 days,advance
07:49:24,0 days,off-peak
07:55:22,1 days,advance
07:59:36,1 days,advance
08:00:14,1 days,advance
08:01:20,1 days,advance
08:10:41,1 days,advance
08:11:58,1 days,advance
08:12:49,1 days,advance
08:13:49,1 days,advance
08:15:20,1 days,advance
08:17:25,1 days,advance
08:18:56,1 days,advance
08:19:23,1 days,advance
08:20:22,1 days,advance
08:21:33,1 days,advance
08:22:11,1 days,advance
08:26:02,1 days,advance
08:32:27,1 days,advance
08:42:44,1 days,advance
08:44:46,1 days,advance
08:51:11,0 days,off-peak
08:51:52,1 days,advance
09:01:55,1 days,advance
09:08:30,0 days,off-peak
09:10:32,1 days,advance
09:10:45,1 days,advance
09:11:28,1 days,advance
09:11:35,1 days,advance
09:11:49,1 days,advance
09:13:59,1 days,advance
09:31:50,1 days,advance
09:32:47,0 days,off-peak
09:35:48,1 days,advance
09:40:19,1 days,advance
09:43:45,0 days,off-peak
09:44:48,0 days,off-peak
09:49:37,1 days,advance
09:50:54,1 days,advance
09:53:19,0 days,off-peak
09:54:23,1 days,advance
09:56:06,1 days,advance
09:56:49,1 days,advance
10:04:07,0 days,off-peak
10:07:05,1 days,advance
10:14:21,1 days,advance
10:19:25,1 days,advance
10:20:44,0 days,off-peak
10:24:10,0 days,off-peak
10:26:28,0 days,off-peak
10:30:46,1 days,advance
10:31:33,1 days,advance
10:39:32,1 days,advance
10:43:10,1 days,advance
10:44:39,0 days,off-peak
11:03:21,0 days,off-peak
11:25:24,1 days,advance
11:29:34,0 days,off-peak
11:40:57,0 days,off-peak
11:52:39,0 days,off-peak
11:52:51,1 days,advance
12:01:39,0 days,off-peak
12:03:09,1 days,advance
12:33:45,1 days,advance
12:33:48,1 days,advance
12:36:02,1 days,advance
12:40:28,1 days,advance
12:43:35,1 days,advance
12:50:07,1 days,advance
12:56:40,1 days,advance
12:59:42,0 days,off-peak
13:17:12,1 days,advance
13:25:55,0 days,off-peak
13:40:51,0 days,off-peak
13:44:08,0 days,off-peak
14:07:42,0 days,off-peak
14:17:38,0 days,off-peak
14:20:07,1 days,advance
14:28:09,1 days,advance
14:30:24,0 days,anytime
14:32:59,0 days,anytime
14:35:07,0 days,anytime
14:42:25,0 days,anytime
14:45:51,0 days,anytime
14:53:35,0 days,anytime
14:54:38,1 days,advance
14:55:10,0 days,anytime
14:55:25,1 days,advance
14:58:42,1 days,advance
14:59:42,0 days,anytime
15:02:30,1 days,advance
15:09:49,1 days,advance
15:20:30,1 days,advance
15:30:49,0 days,anytime
15:39:09,0 days,anytime
15:42:46,0 days,anytime
15:45:46,0 days,anytime
15:47:52,0 days,anytime
15:52:16,0 days,anytime
15:53:36,0 days,anytime
15:54:31,0 days,anytime
15:56:09,0 days,anytime
15:58:07,1 days,advance
15:59:37,0 days,anytime
16:05:01,1 days,advance
16:08:24,1 days,advance
16:12:41,0 days,anytime
16:25:01,1 days,advance
16:26:07,0 days,anytime
16:34:07,1 days,advance
17:08:03,1 days,advance
17:09:03,0 days,anytime
17:09:37,1 days,advance
17:13:51,1 days,advance
17:15:03,0 days,anytime
17:15:24,0 days,anytime
17:16:08,1 days,advance
17:16:09,0 days,anytime
17:17:13,0 days,anytime
17:17:51,0 days,anytime
17:18:56,0 days,anytime
17:19:34,0 days,anytime
17:20:09,0 days,anytime
17:21:32,0 days,anytime
17:21:41,0 days,anytime
17:22:50,0 days,anytime
17:23:03,0 days,anytime
17:23:31,0 days,anytime
17:27:49,0 days,anytime
17:28:59,0 days,anytime
17:29:42,1 days,advance
17:31:07,1 days,advance
17:31:51,0 days,off-peak
17:32:41,1 days,advance
17:32:58,1 days,advance
17:39:13,1 days,advance
17:41:28,1 days,advance
17:44:24,1 days,advance
17:54:27,0 days,off-peak
18:04:23,1 days,advance
18:06:54,1 days,advance
18:10:38,1 days,advance
18:18:33,0 days,anytime
18:22:28,0 days,anytime
18:31:47,1 days,advance
18:38:49,1 days,advance
18:43:40,0 days,off-peak
18:45:27,0 days,off-peak
18:50:55,0 days,off-peak
18:52:14,1 days,advance
18:55:51,1 days,advance
18:56:53,0 days,off-peak
19:06:46,0 days,off-peak
19:24:24,1 days,advance
19:26:14,1 days,advance
19:31:33,1 days,advance
19:32:31,1 days,advance
19:35:33,1 days,advance
20:06:53,1 days,advance
20:09:10,1 days,advance
20:13:09,1 days,advance
20:13:40,0 days,off-peak
20:15:51,1 days,advance
20:20:30,1 days,advance
20:21:00,1 days,advance
20:22:16,1 days,advance
20:23:07,1 days,advance
20:23:39,1 days,advance
20:24:11,1 days,advance
20:25:21,1 days,advance
20:25:29,1 days,advance
20:26:02,1 days,advance
20:26:59,1 days,advance
20:27:37,1 days,advance
20:28:30,1 days,advance
20:29:03,0 days,off-peak
20:29:39,1 days,advance
20:30:57,1 days,advance
20:32:28,1 days,advance
20:51:43,1 days,advance
20:54:44,1 days,advance
20:55:22,0 days,off-peak
20:55:42,0 days,off-peak
21:09:08,1 days,advance
21:21:05,1 days,advance
21:22:22,1 days,advance
21:37:05,1 days,advance
21:39:34,1 days,advance
21:51:14,1 days,advance
21:52:36,1 days,advance
22:06:15,1 days,advance
22:27:50,1 days,advance
22:35:07,1 days,advance
22:37:10,1 days,advance
22:38:14,1 days,advance
22:39:18,1 days,advance
22:42:33,1 days,advance
22:42:53,1 days,advance
22:49:12,1 days,advance
23:09:05,1 days,advance
23:21:47,1 days,advance
23:45:10,1 days,advance
23:50:52,1 days,advance
00:07:27,0 days,off-peak
00:08:34,0 days,off-peak
00:14:14,1 days,advance
00:28:21,0 days,off-peak
00:29:44,2 days,advance
00:40:23,0 days,off-peak
00:41:33,0 days,off-peak
00:45:15,0 days,off-peak
00:54:39,0 days,off-peak
01:00:55,0 days,off-peak
01:02:49,0 days,off-peak
01:13:53,0 days,off-peak
01:14:34,0 days,off-peak
01:16:53,0 days,off-peak
01:20:05,1 days,advance
01:20:43,0 days,off-peak
01:21:06,1 days,advance
01:22:39,1 days,advance
01:35:38,1 days,advance
01:55:57,1 days,advance
02:08:29,0 days,off-peak
02:09:48,0 days,off-peak
02:10:11,0 days,off-peak
02:21:05,0 days,off-peak
02:41:43,1 days,advance
02:53:43,0 days,off-peak
03:03:30,0 days,off-peak
03:06:46,0 days,off-peak
03:13:22,0 days,off-peak
03:22:27,1 days,advance
03:35:43,1 days,advance
03:41:10,0 days,off-peak
03:45:19,1 days,advance
03:53:10,1 days,advance
04:12:44,0 days,off-peak
04:13:45,1 days,advance
04:14:59,1 days,advance
04:27:23,0 days,off-peak
04:40:25,1 days,advance
04:44:17,0 days,anytime
04:46:50,0 days,anytime
04:47:02,0 days,anytime
04:56:04,0 days,anytime
04:58:22,0 days,anytime
05:02:01,0 days,anytime
05:06:50,0 days,anytime
05:08:08,0 days,anytime
05:10:48,0 days,anytime
05:11:43,0 days,anytime
05:12:09,0 days,anytime
05:12:34,1 days,advance
05:14:46,0 days,anytime
05:17:33,1 days,advance
05:20:13,1 days,advance
05:21:51,0 days,anytime
05:29:39,1 days,advance
05:46:18,1 days,advance
05:58:08,1 days,advance
06:00:59,1 days,advance
06:01:13,0 days,anytime
06:05:20,0 days,anytime
06:07:35,0 days,anytime
06:10:17,0 days,anytime
06:11:59,0 days,anytime
06:30:23,0 days,anytime
06:31:45,0 days,anytime
06:32:13,0 days,anytime
06:32:13,0 days,anytime
06:37:34,1 days,advance
06:38:17,1 days,advance
06:38:39,0 days,anytime
06:42:40,0 days,anytime
06:59:17,1 days,advance
07:15:40,0 days,anytime
07:17:17,0 days,anytime
07:18:35,0 days,anytime
07:19:43,0 days,anytime
07:29:28,0 days,anytime
07:30:23,0 days,off-peak
07:41:48,0 days,off-peak
07:43:23,0 days,off-peak
07:45:55,1 days,advance
07:49:17,0 days,off-peak
07:50:20,1 days,advance
07:52:04,1 days,advance
07:57:45,1 days,advance
08:05:30,1 days,advance
08:10:39,1 days,advance
08:14:00,1 days,advance
08:17:27,1 days,advance
08:19:17,1 days,advance
08:21:25,1 days,advance
08:26:54,1 days,advance
08:28:54,1 days,advance
08:29:47,1 days,advance
08:36:44,1 days,advance
08:40:56,1 days,advance
08:44:06,1 days,advance
08:59:57,1 days,advance
09:02:14,1 days,advance
09:02:42,1 days,advance
09:07:46,1 days,advance
09:13:20,1 days,advance
09:17:34,0 days,off-peak
09:18:44,0 days,off-peak
09:29:33,0 days,off-peak
09:30:47,0 days,off-peak
09:39:08,0 days,off-peak
09:40:52,0 days,off-peak
09:40:59,1 days,advance
09:41:49,1 days,advance
09:52:02,1 days,advance
09:52:04,1 days,advance
09:54:20,1 days,advance
10:19:40,1 days,advance
10:24:59,0 days,off-peak
10:29:05,1 days,advance
10:33:16,1 days,advance
10:33:52,0 days,off-peak
10:36:40,0 days,off-peak
10:40:50,0 days,off-peak
10:49:44,1 days,advance
10:50:29,0 days,off-peak
10:53:26,1 days,advance
10:59:01,1 days,advance
11:02:18,0 days,off-peak
11:02:26,1 days,advance
11:06:16,0 days,off-peak
11:23:16,0 days,off-peak
11:36:10,0 days,off-peak
12:00:00,1 days,advance
12:08:19,0 days,off-peak
12:20:16,0 days,off-peak
12:30:18,1 days,advance
12:34:46,1 days,advance
12:36:31,1 days,advance
12:37:16,0 days,off-peak
12:42:13,1 days,advance
12:51:43,0 days,off-peak
12:54:24,1 days,advance
12:55:10,1 days,advance
12:57:13,1 days,advance
13:15:08,1 days,advance
13:22:11,0 days,off-peak
13:24:42,1 days,advance
13:35:01,0 days,off-peak
13:38:49,1 days,advance
13:40:34,1 days,advance
13:40:50,1 days,advance
13:48:41,0 days,off-peak
13:57:58,0 days,off-peak
14:01:43,0 days,off-peak
14:02:05,0 days,off-peak
14:14:11,0 days,off-peak
14:23:00,0 days,off-peak
14:27:46,0 days,off-peak
14:30:47,0 days,anytime
14:32:09,0 days,anytime
14:33:11,0 days,anytime
14:34:04,0 days,anytime
14:35:02,0 days,anytime
14:35:58,0 days,anytime
14:36:17,0 days,anytime
14:38:26,0 days,anytime
14:39:27,1 days,advance
14:41:52,1 days,advance
14:43:44,0 days,anytime
14:46:43,1 days,advance
14:52:08,1 days,advance
14:54:34,1 days,advance
14:56:11,0 days,anytime
14:59:24,0 days,anytime
14:59:42,0 days,anytime
15:00:51,1 days,advance
15:18:05,1 days,advance
15:22:35,0 days,anytime
15:24:56,0 days,anytime
15:24:59,1 days,advance
15:35:53,0 days,anytime
15:36:31,1 days,advance
15:40:13,0 days,anytime
15:54:26,1 days,advance
15:58:57,0 days,anytime
16:02:20,1 days,advance
16:03:29,0 days,anytime
16:17:30,0 days,anytime
16:20:55,1 days,advance
16:21:27,1 days,advance
16:28:41,0 days,anytime
16:38:00,0 days,anytime
17:01:20,1 days,advance
17:07:42,1 days,advance
17:08:56,0 days,anytime
17:11:03,0 days,anytime
17:14:33,1 days,advance
17:17:40,0 days,anytime
17:20:55,0 days,anytime
17:21:07,0 days,anytime
17:22:08,0 days,anytime
17:22:19,0 days,anytime
17:22:27,0 days,anytime
17:23:40,1 days,advance
17:24:21,0 days,anytime
17:25:23,0 days,anytime
17:37:38,1 days,advance
17:49:31,1 days,advance
17:53:14,1 days,advance
18:10:25,0 days,anytime
18:12:07,1 days,advance
18:18:13,0 days,anytime
18:35:16,1 days,advance
18:36:06,1 days,advance
18:37:54,1 days,advance
18:44:32,1 days,advance
18:45:24,0 days,off-peak
18:46:09,1 days,advance
18:49:41,1 days,advance
18:49:58,0 days,off-peak
18:59:40,1 days,advance
19:28:31,1 days,advance
19:30:27,1 days,advance
19:31:21,1 days,advance
19:33:06,1 days,advance
19:41:32,0 days,off-peak
20:03:01,1 days,advance
20:06:18,1 days,advance
20:13:41,0 days,off-peak
20:13:48,0 days,off-peak
20:18:27,1 days,advance
20:18:30,1 days,advance
20:19:53,1 days,advance
20:20:47,1 days,advance
20:21:14,1 days,advance
20:22:11,1 days,advance
20:22:25,1 days,advance
20:23:12,1 days,advance
20:23:32,1 days,advance
20:27:07,1 days,advance
20:27:40,1 days,advance
20:29:47,1 days,advance
20:33:02,1 days,advance
20:33:41,1 days,advance
20:42:02,0 days,off-peak
20:52:39,0 days,off-peak
20:53:54,1 days,advance
21:43:07,1 days,advance
21:55:21,1 days,advance
22:42:35,1 days,advance
23:02:06,1 days,advance
23:04:31,1 days,advance
23:05:50,1 days,advance
23:08:42,1 days,advance
23:11:00,1 days,advance
23:34:03,1 days,advance
23:41:49,1 days,advance
00:22:19,0 days,off-peak
00:56:28,0 days,off-peak
00:57:54,0 days,off-peak
01:01:41,0 days,off-peak
01:17:29,1 days,advance
01:17:29,0 days,off-peak
01:17:50,1 days,advance
01:20:41,1 days,advance
01:24:22,1 days,advance
01:29:02,1 days,advance
01:30:07,1 days,advance
01:33:20,1 days,advance
01:49:23,1 days,advance
02:04:18,0 days,off-peak
02:37:34,0 days,off-peak
02:44:15,1 days,advance
02:48:28,0 days,off-peak
03:07:42,0 days,off-peak
03:07:58,0 days,off-peak
03:20:02,1 days,advance
03:27:50,1 days,advance
03:34:45,0 days,off-peak
03:39:28,1 days,advance
04:11:43,1 days,advance
04:48:41,0 days,anytime
04:49:56,0 days,anytime
04:52:02,0 days,anytime
04:52:24,0 days,anytime
04:54:44,1 days,advance
05:00:06,0 days,anytime
05:00:21,0 days,anytime
05:00:28,0 days,anytime
05:00:34,0 days,anytime
05:01:15,0 days,anytime
05:01:58,0 days,anytime
05:03:05,0 days,anytime
05:03:46,0 days,anytime
05:07:13,1 days,advance
05:07:29,0 days,anytime
05:11:03,0 days,anytime
05:11:06,0 days,anytime
05:16:24,0 days,anytime
05:20:20,0 days,anytime
05:20:59,0 days,anytime
05:22:15,0 days,anytime
05:27:19,0 days,anytime
05:29:51,0 days,anytime
05:33:52,0 days,anytime
05:54:01,0 days,anytime
05:54:53,1 days,advance
06:01:57,0 days,anytime
06:02:51,0 days,anytime
06:05:59,0 days,anytime
06:07:57,0 days,anytime
06:08:08,0 days,anytime
06:09:01,0 days,anytime
06:10:39,1 days,advance
06:11:50,0 days,anytime
06:14:26,0 days,anytime
06:14:36,0 days,anytime
06:14:53,0 days,anytime
06:25:59,0 days,anytime
06:32:43,1 days,advance
06:34:07,0 days,anytime
06:37:10,0 days,anytime
06:37:15,0 days,anytime
06:39:05,0 days,anytime
06:40:59,0 days,anytime
06:41:44,0 days,anytime
06:48:10,0 days,anytime
06:50:06,0 days,anytime
06:58:06,1 days,advance
07:03:28,0 days,anytime
07:12:12,0 days,anytime
07:13:08,1 days,advance
07:14:14,0 days,anytime
07:22:24,0 days,anytime
07:24:11,0 days,anytime
07:25:42,0 days,anytime
07:27:52,0 days,anytime
07:28:59,0 days,anytime
07:29:30,1 days,advance
07:41:17,0 days,anytime
07:43:20,0 days,off-peak
07:44:04,1 days,advance
07:46:03,1 days,advance
07:47:28,1 days,advance
07:50:42,1 days,advance
07:52:52,0 days,off-peak
07:55:33,1 days,advance
07:56:59,0 days,off-peak
07:58:39,1 days,advance
08:01:36,1 days,advance
08:01:40,1 days,advance
08:04:53,6 days,advance
08:15:39,1 days,advance
08:24:16,1 days,advance
08:24:46,0 days,off-peak
08:51:44,1 days,advance
08:55:55,1 days,advance
09:02:45,1 days,advance
09:06:48,1 days,advance
09:24:01,0 days,off-peak
09:25:32,0 days,off-peak
09:32:07,0 days,off-peak
09:36:18,1 days,advance
09:37:57,1 days,advance
09:40:02,0 days,off-peak
09:52:05,1 days,advance
10:19:43,0 days,off-peak
10:19:56,1 days,advance
10:22:24,0 days,off-peak
10:26:54,1 days,advance
10:28:29,0 days,off-peak
10:36:41,1 days,advance
10:46:08,1 days,advance
10:58:36,1 days,advance
11:19:14,0 days,off-peak
11:20:04,1 days,advance
11:21:13,0 days,off-peak
11:30:20,0 days,off-peak
11:45:48,0 days,off-peak
11:46:11,0 days,off-peak
11:49:37,1 days,advance
11:52:07,1 days,advance
11:52:08,0 days,off-peak
12:02:35,1 days,advance
12:18:12,0 days,off-peak
12:22:45,1 days,advance
12:24:29,1 days,advance
12:24:54,0 days,off-peak
12:29:20,0 days,off-peak
12:32:22,1 days,advance
12:33:45,1 days,advance
12:44:52,1 days,advance
12:55:01,0 days,off-peak
13:01:16,0 days,off-peak
13:16:10,0 days,off-peak
13:18:38,1 days,advance
13:23:27,1 days,advance
13:24:10,1 days,advance
13:34:34,1 days,advance
13:35:28,1 days,advance
14:24:39,1 days,advance
14:25:54,0 days,off-peak
14:29:35,0 days,off-peak
14:30:54,0 days,anytime
14:31:13,0 days,anytime
14:32:44,1 days,advance
14:38:49,1 days,advance
14:41:15,0 days,anytime
14:46:56,1 days,advance
14:47:17,0 days,anytime
14:47:27,0 days,anytime
14:51:15,1 days,advance
14:53:16,1 days,advance
14:55:50,1 days,advance
14:58:51,0 days,anytime
14:58:55,1 days,advance
14:58:55,0 days,anytime
15:00:33,0 days,anytime
15:00:56,0 days,anytime
15:04:00,1 days,advance
15:11:25,0 days,anytime
15:14:46,0 days,anytime
15:18:41,0 days,anytime
15:21:21,1 days,advance
15:30:44,1 days,advance
15:36:56,0 days,anytime
15:48:14,1 days,advance
15:48:14,1 days,advance
15:51:52,0 days,anytime
15:53:37,0 days,anytime
15:53:44,0 days,anytime
15:54:18,0 days,anytime
15:55:08,0 days,anytime
15:56:34,0 days,anytime
15:59:47,0 days,anytime
16:01:27,0 days,anytime
16:06:00,0 days,anytime
16:07:57,0 days,anytime
16:08:00,0 days,anytime
16:15:38,0 days,anytime
16:22:25,1 days,advance
16:23:37,0 days,anytime
16:26:06,0 days,anytime
16:26:40,1 days,advance
16:27:55,1 days,advance
16:29:23,1 days,advance
16:31:14,0 days,anytime
17:13:41,0 days,anytime
17:14:20,0 days,anytime
17:17:47,0 days,anytime
17:17:49,0 days,anytime
17:18:32,0 days,anytime
17:19:46,0 days,anytime
17:20:28,0 days,anytime
17:22:01,0 days,anytime
17:23:51,0 days,anytime
17:24:10,1 days,advance
17:24:21,0 days,anytime
17:26:35,0 days,anytime
17:28:09,0 days,anytime
17:28:32,0 days,anytime
17:28:57,1 days,advance
17:29:16,0 days,anytime
17:29:38,0 days,anytime
17:29:58,0 days,anytime
17:36:32,1 days,advance
17:37:02,1 days,advance
17:39:47,1 days,advance
17:48:55,1 days,advance
17:52:45,1 days,advance
17:58:09,1 days,advance
18:04:17,1 days,advance
18:09:37,1 days,advance
18:12:27,1 days,advance
18:12:31,0 days,anytime
18:18:47,0 days,off-peak
18:33:22,0 days,off-peak
18:35:44,0 days,off-peak
18:37:05,1 days,advance
18:38:15,1 days,advance
18:45:26,0 days,off-peak
18:45:41,0 days,off-peak
18:46:18,0 days,off-peak
18:47:39,1 days,advance
19:07:11,0 days,off-peak
19:17:51,0 days,off-peak
19:21:34,1 days,advance
19:21:44,1 days,advance
19:24:18,1 days,advance
19:30:31,0 days,off-peak
19:31:14,0 days,off-peak
19:32:31,1 days,advance
19:46:37,1 days,advance
20:01:13,0 days,off-peak
20:02:15,1 days,advance
20:07:38,1 days,advance
20:08:51,0 days,off-peak
20:13:20,1 days,advance
20:17:14,1 days,advance
20:20:37,1 days,advance
20:20:56,1 days,advance
20:21:27,1 days,advance
20:21:36,1 days,advance
20:26:16,1 days,advance
20:29:46,1 days,advance
20:30:30,1 days,advance
20:31:49,1 days,advance
20:49:32,0 days,off-peak
21:36:19,1 days,advance
21:37:42,1 days,advance
21:55:08,1 days,advance
22:32:05,1 days,advance
22:37:30,1 days,advance
22:38:24,1 days,advance
22:42:19,1 days,advance
22:46:22,1 days,advance
22:52:02,1 days,advance
23:02:07,1 days,advance
23:03:30,1 days,advance
23:05:46,1 days,advance
23:09:39,1 days,advance
23:40:14,1 days,advance
23:40:36,1 days,advance
23:56:41,1 days,advance
00:02:23,0 days,off-peak
00:05:18,0 days,off-peak
00:13:26,0 days,off-peak
00:33:52,0 days,off-peak
00:36:50,0 days,off-peak
01:01:37,1 days,advance
01:05:17,0 days,off-peak
01:05:30,0 days,off-peak
01:17:06,0 days,off-peak
01:18:34,0 days,off-peak
01:19:53,1 days,advance
01:22:15,1 days,advance
01:22:44,0 days,off-peak
01:27:20,1 days,advance
01:30:30,1 days,advance
01:32:19,1 days,advance
01:34:23,1 days,advance
01:39:50,1 days,advance
01:40:59,0 days,off-peak
01:43:09,1 days,advance
01:46:40,0 days,off-peak
02:02:40,0 days,off-peak
02:22:19,0 days,off-peak
02:46:21,0 days,off-peak
02:48:01,0 days,off-peak
02:52:27,0 days,off-peak
02:55:22,0 days,off-peak
02:59:05,0 days,off-peak
03:05:28,0 days,off-peak
03:07:11,0 days,off-peak
03:29:19,0 days,off-peak
03:41:59,1 days,advance
03:48:48,1 days,advance
03:55:31,1 days,advance
03:59:39,0 days,off-peak
04:05:24,1 days,advance
04:16:32,0 days,off-peak
04:28:58,0 days,off-peak
04:47:24,0 days,anytime
05:04:21,0 days,anytime
05:07:59,0 days,anytime
05:09:29,0 days,anytime
05:09:54,1 days,advance
05:10:03,0 days,anytime
05:11:27,0 days,anytime
05:15:46,0 days,anytime
05:16:54,0 days,anytime
05:19:15,0 days,anytime
05:21:33,0 days,anytime
05:28:27,0 days,anytime
05:29:03,0 days,anytime
05:31:27,0 days,anytime
05:38:38,1 days,advance
05:50:48,0 days,anytime
05:51:32,0 days,anytime
05:56:24,4 days,advance
05:57:04,1 days,advance
06:00:13,0 days,anytime
06:02:53,1 days,advance
06:08:34,0 days,anytime
06:09:43,1 days,advance
06:11:46,1 days,advance
06:13:44,1 days,advance
06:38:01,1 days,advance
06:40:50,0 days,anytime
06:53:15,0 days,anytime
07:09:46,0 days,anytime
07:09:59,1 days,advance
07:21:05,0 days,anytime
07:22:49,0 days,anytime
07:23:26,0 days,anytime
07:23:56,0 days,anytime
07:25:03,0 days,anytime
07:26:53,0 days,anytime
07:27:15,0 days,anytime
07:28:29,0 days,anytime
07:28:33,0 days,anytime
07:28:44,0 days,anytime
07:30:34,0 days,off-peak
07:31:25,0 days,off-peak
07:34:16,1 days,advance
07:35:57,0 days,off-peak
07:43:22,0 days,off-peak
07:50:49,1 days,advance
07:51:39,0 days,anytime
07:52:08,0 days,anytime
07:54:00,1 days,advance
07:54:59,1 days,advance
07:58:18,1 days,advance
08:00:02,0 days,off-peak
08:01:21,1 days,advance
08:02:10,1 days,advance
08:04:19,0 days,off-peak
08:05:35,1 days,advance
08:06:34,1 days,advance
08:09:56,1 days,advance
08:10:09,1 days,advance
08:11:03,1 days,advance
08:20:37,1 days,advance
08:21:37,0 days,off-peak
08:26:49,1 days,advance
08:27:13,0 days,off-peak
08:39:29,0 days,off-peak
08:59:42,1 days,advance
09:00:51,1 days,advance
09:01:37,1 days,advance
09:03:53,1 days,advance
09:11:51,1 days,advance
09:13:42,1 days,advance
09:17:22,0 days,off-peak
09:30:05,0 days,off-peak
09:32:35,1 days,advance
09:33:30,0 days,off-peak
09:34:14,1 days,advance
09:35:07,1 days,advance
09:36:23,1 days,advance
09:36:24,0 days,off-peak
09:41:22,1 days,advance
09:49:55,0 days,off-peak
09:58:16,1 days,advance
10:19:18,1 days,advance
10:20:04,1 days,advance
10:22:38,1 days,advance
10:24:31,0 days,off-peak
10:33:13,1 days,advance
10:49:38,0 days,off-peak
10:55:07,1 days,advance
11:19:25,0 days,off-peak
11:37:13,0 days,off-peak
11:58:24,0 days,off-peak
12:03:09,1 days,advance
12:09:07,0 days,off-peak
12:12:58,0 days,off-peak
12:30:39,0 days,off-peak
12:35:58,1 days,advance
12:44:16,1 days,advance
12:52:10,0 days,off-peak
13:16:28,0 days,off-peak
13:22:50,0 days,off-peak
13:27:52,1 days,advance
13:28:32,1 days,advance
13:29:39,1 days,advance
13:29:45,1 days,advance
13:36:11,1 days,advance
13:36:36,1 days,advance
13:42:59,1 days,advance
13:54:09,0 days,off-peak
13:57:58,0 days,off-peak
14:21:52,0 days,off-peak
14:24:45,1 days,advance
14:30:11,0 days,anytime
14:32:00,0 days,anytime
14:32:01,1 days,advance
14:34:58,1 days,advance
14:36:27,0 days,anytime
14:38:46,0 days,anytime
14:39:40,0 days,anytime
14:40:17,0 days,anytime
14:41:47,0 days,anytime
14:43:25,0 days,anytime
14:52:07,0 days,anytime
14:53:09,0 days,anytime
14:54:35,0 days,anytime
14:57:27,0 days,anytime
14:58:57,1 days,advance
15:01:09,1 days,advance
15:05:47,0 days,anytime
15:13:39,0 days,anytime
15:14:12,0 days,anytime
15:22:20,0 days,anytime
15:24:57,1 days,advance
15:29:42,1 days,advance
15:31:54,0 days,anytime
15:33:03,0 days,anytime
15:35:19,0 days,anytime
15:43:11,0 days,anytime
15:49:48,0 days,anytime
15:49:55,0 days,anytime
15:52:36,0 days,anytime
15:52:36,0 days,anytime
15:54:58,1 days,advance
16:00:19,1 days,advance
16:01:23,0 days,anytime
16:03:34,0 days,anytime
16:05:24,1 days,advance
16:06:28,0 days,anytime
16:07:59,0 days,anytime
16:08:46,1 days,advance
16:32:16,1 days,advance
16:55:58,0 days,anytime
16:57:54,0 days,anytime
17:01:14,0 days,anytime
17:08:29,1 days,advance
17:08:56,1 days,advance
17:12:38,0 days,anytime
17:14:18,0 days,anytime
17:21:00,0 days,anytime
17:27:54,0 days,anytime
17:28:45,0 days,anytime
17:32:02,1 days,advance
17:38:59,1 days,advance
17:40:26,1 days,advance
17:40:48,1 days,advance
17:46:22,0 days,off-peak
17:49:43,1 days,advance
17:53:07,1 days,advance
17:59:10,1 days,advance
18:06:27,1 days,advance
18:12:17,1 days,advance
18:23:17,0 days,anytime
18:23:26,0 days,anytime
18:32:57,1 days,advance
18:49:26,1 days,advance
18:52:12,0 days,off-peak
18:53:01,0 days,off-peak
18:53:38,0 days,off-peak
18:58:13,0 days,off-peak
19:01:52,1 days,advance
19:05:05,0 days,off-peak
19:06:29,0 days,off-peak
19:08:05,0 days,off-peak
19:12:18,0 days,off-peak
19:29:33,1 days,advance
19:30:37,1 days,advance
19:31:25,0 days,off-peak
19:32:10,1 days,advance
19:35:35,1 days,advance
19:37:00,1 days,advance
19:41:44,1 days,advance
19:44:40,1 days,advance
20:11:42,1 days,advance
20:14:44,1 days,advance
20:20:54,1 days,advance
20:21:57,1 days,advance
20:23:24,1 days,advance
20:24:51,1 days,advance
20:34:41,1 days,advance
20:47:15,0 days,off-peak
20:51:03,1 days,advance
21:00:32,1 days,advance
21:03:55,1 days,advance
21:35:38,1 days,advance
21:46:38,1 days,advance
21:47:34,1 days,advance
21:53:20,1 days,advance
22:01:27,1 days,advance
22:08:15,1 days,advance
22:11:26,1 days,advance
22:34:05,1 days,advance
22:36:17,1 days,advance
22:38:58,1 days,advance
22:46:57,1 days,advance
23:06:25,1 days,advance
23:42:51,1 days,advance
23:46:52,1 days,advance
23:52:32,1 days,advance
00:11:37,0 days,off-peak
00:22:52,0 days,off-peak
00:27:12,1 days,advance
00:30:16,0 days,off-peak
00:40:10,0 days,off-peak
00:57:44,0 days,off-peak
00:57:45,1 days,advance
01:08:00,0 days,off-peak
01:10:18,0 days,off-peak
01:15:10,0 days,off-peak
01:15:15,0 days,off-peak
01:15:54,0 days,off-peak
01:16:25,0 days,off-peak
01:31:53,1 days,advance
02:10:09,0 days,off-peak
02:27:34,0 days,off-peak
02:34:48,1 days,advance
02:35:17,0 days,off-peak
02:40:56,1 days,advance
02:49:48,0 days,off-peak
02:50:02,1 days,advance
02:53:17,1 days,advance
02:54:56,0 days,off-peak
02:55:19,0 days,off-peak
03:20:21,0 days,off-peak
03:29:17,1 days,advance
03:30:47,1 days,advance
03:32:05,1 days,advance
03:32:35,1 days,advance
03:39:45,0 days,off-peak
03:45:31,0 days,off-peak
03:54:11,0 days,off-peak
03:56:03,1 days,advance
04:02:57,0 days,off-peak
04:20:40,0 days,off-peak
04:33:06,0 days,anytime
04:46:37,0 days,anytime
04:50:25,0 days,anytime
04:52:55,0 days,anytime
05:01:38,0 days,anytime
05:01:45,0 days,anytime
05:01:53,0 days,anytime
05:04:58,1 days,advance
05:05:42,0 days,anytime
05:06:28,0 days,anytime
05:07:35,0 days,anytime
05:12:20,0 days,anytime
05:14:32,0 days,anytime
05:28:31,0 days,anytime
05:28:37,0 days,anytime
05:29:13,1 days,advance
05:39:46,1 days,advance
05:53:37,0 days,anytime
05:55:56,1 days,advance
06:00:25,0 days,anytime
06:02:33,1 days,advance
06:07:08,0 days,anytime
06:07:23,0 days,anytime
06:07:31,1 days,advance
06:07:43,0 days,anytime
06:07:54,0 days,anytime
06:09:38,1 days,advance
06:09:43,1 days,advance
06:11:09,1 days,advance
06:14:00,1 days,advance
06:14:15,1 days,advance
06:30:15,1 days,advance
06:31:02,0 days,anytime
06:33:45,1 days,advance
06:37:53,0 days,anytime
06:39:23,0 days,anytime
06:40:03,0 days,anytime
06:40:31,1 days,advance
06:40:53,0 days,anytime
06:46:40,0 days,anytime
06:49:42,1 days,advance
06:59:00,0 days,anytime
07:13:25,1 days,advance
07:16:42,1 days,advance
07:16:48,0 days,anytime
07:17:11,0 days,anytime
07:17:25,0 days,anytime
07:17:54,1 days,advance
07:21:20,0 days,anytime
07:22:39,0 days,anytime
07:24:50,0 days,anytime
07:26:02,0 days,anytime
07:26:53,0 days,anytime
07:28:15,0 days,anytime
07:28:18,0 days,anytime
07:32:22,0 days,off-peak
07:33:44,0 days,off-peak
07:35:45,0 days,off-peak
07:37:50,0 days,off-peak
07:47:41,0 days,anytime
07:48:31,1 days,advance
07:48:32,1 days,advance
07:48:58,0 days,off-peak
07:53:11,1 days,advance
07:53:55,0 days,off-peak
07:54:25,1 days,advance
07:55:45,1 days,advance
07:56:45,1 days,advance
08:00:04,1 days,advance
08:00:22,1 days,advance
08:03:07,1 days,advance
08:07:44,1 days,advance
08:13:22,1 days,advance
08:14:47,1 days,advance
08:19:58,1 days,advance
08:22:53,1 days,advance
08:23:08,3 days,advance
08:23:21,0 days,off-peak
08:25:13,1 days,advance
08:26:56,1 days,advance
08:35:01,1 days,advance
08:48:16,0 days,off-peak
09:01:35,1 days,advance
09:02:30,1 days,advance
09:04:24,1 days,advance
09:04:52,0 days,off-peak
09:05:33,1 days,advance
09:07:11,1 days,advance
09:07:49,0 days,off-peak
09:07:54,1 days,advance
09:08:02,0 days,off-peak
09:08:29,1 days,advance
09:09:00,1 days,advance
09:10:03,0 days,off-peak
09:12:10,1 days,advance
09:12:33,1 days,advance
09:23:32,0 days,off-peak
09:26:13,0 days,off-peak
09:31:10,0 days,off-peak
09:32:59,1 days,advance
09:34:48,0 days,off-peak
09:41:42,0 days,off-peak
09:41:51,1 days,advance
09:42:30,1 days,advance
09:42:41,1 days,advance
09:43:18,0 days,off-peak
09:47:42,0 days,off-peak
09:52:23,1 days,advance
09:56:37,1 days,advance
10:20:25,1 days,advance
10:24:28,1 days,advance
10:28:49,0 days,off-peak
10:31:45,1 days,advance
10:33:17,0 days,off-peak
10:33:44,1 days,advance
10:37:30,1 days,advance
10:42:42,1 days,advance
10:55:02,1 days,advance
11:03:44,0 days,off-peak
11:16:25,0 days,off-peak
11:25:29,1 days,advance
11:26:27,0 days,off-peak
11:39:48,0 days,off-peak
11:43:11,0 days,off-peak
11:48:54,0 days,off-peak
11:57:13,0 days,off-peak
12:00:37,1 days,advance
12:09:42,1 days,advance
12:16:47,1 days,advance
12:19:58,0 days,off-peak
12:27:35,0 days,off-peak
12:29:01,1 days,advance
12:30:43,1 days,advance
12:32:04,1 days,advance
12:43:03,1 days,advance
12:45:42,1 days,advance
12:46:54,0 days,off-peak
13:05:40,1 days,advance
13:22:19,1 days,advance
13:27:27,0 days,off-peak
13:34:35,1 days,advance
14:00:13,0 days,off-peak
14:05:07,0 days,off-peak
14:13:35,0 days,off-peak
14:17:31,0 days,off-peak
14:31:35,0 days,anytime
14:38:28,0 days,anytime
14:41:45,0 days,anytime
14:41:46,0 days,anytime
14:43:39,1 days,advance
14:45:37,1 days,advance
14:51:29,0 days,anytime
14:53:40,0 days,anytime
14:56:03,1 days,advance
14:58:27,0 days,anytime
15:01:20,1 days,advance
15:03:44,1 days,advance
15:09:24,0 days,anytime
15:09:25,0 days,off-peak
15:09:28,0 days,anytime
15:12:29,0 days,anytime
15:21:53,0 days,anytime
15:24:23,0 days,anytime
15:30:46,1 days,advance
15:31:57,0 days,anytime
15:42:01,0 days,anytime
16:00:51,0 days,anytime
16:07:07,1 days,advance
16:12:08,0 days,anytime
16:22:16,1 days,advance
16:23:37,0 days,anytime
16:59:31,0 days,anytime
17:02:03,0 days,anytime
17:07:02,1 days,advance
17:07:44,0 days,anytime
17:07:46,1 days,advance
17:09:53,1 days,advance
17:10:14,0 days,anytime
17:10:36,0 days,anytime
17:13:36,1 days,advance
17:15:37,0 days,anytime
17:18:39,0 days,anytime
17:20:40,0 days,anytime
17:23:04,1 days,advance
17:24:34,0 days,anytime
17:24:39,0 days,anytime
17:26:14,0 days,anytime
17:26:17,0 days,anytime
17:26:47,0 days,anytime
17:28:20,0 days,anytime
17:29:09,0 days,anytime
17:36:36,1 days,advance
17:39:43,1 days,advance
17:43:37,1 days,advance
17:44:06,1 days,advance
17:44:27,0 days,off-peak
17:44:49,1 days,advance
17:48:52,0 days,off-peak
17:51:40,1 days,advance
17:54:46,1 days,advance
18:01:26,1 days,advance
18:07:14,1 days,advance
18:29:47,0 days,off-peak
18:37:13,0 days,off-peak
18:39:34,1 days,advance
18:45:23,0 days,off-peak
18:48:14,1 days,advance
18:54:36,0 days,off-peak
18:57:41,1 days,advance
19:21:46,1 days,advance
19:23:12,1 days,advance
19:23:17,1 days,advance
19:26:38,1 days,advance
19:28:41,1 days,advance
19:30:06,1 days,advance
19:31:40,1 days,advance
19:34:06,1 days,advance
19:34:44,1 days,advance
19:34:45,1 days,advance
19:35:49,1 days,advance
19:37:47,1 days,advance
19:42:12,1 days,advance
20:15:07,1 days,advance
20:17:44,1 days,advance
20:18:14,1 days,advance
20:18:43,1 days,advance
20:19:05,1 days,advance
20:20:23,1 days,advance
20:21:43,1 days,advance
20:23:58,1 days,advance
20:25:07,1 days,advance
20:25:23,1 days,advance
20:25:50,1 days,advance
20:27:21,1 days,advance
20:32:25,1 days,advance
20:36:44,0 days,off-peak
20:39:58,0 days,off-peak
21:12:59,1 days,advance
21:30:40,1 days,advance
21:42:10,1 days,advance
21:44:40,1 days,advance
21:45:39,1 days,advance
21:47:50,1 days,advance
22:36:16,1 days,advance
22:36:38,1 days,advance
22:54:08,1 days,advance
22:58:25,1 days,advance
23:06:23,1 days,advance
23:09:32,1 days,advance
23:11:39,1 days,advance
23:23:14,1 days,advance
23:33:39,1 days,advance
23:40:20,1 days,advance
00:02:52,0 days,off-peak
00:08:47,0 days,off-peak
00:30:32,0 days,off-peak
00:35:01,0 days,off-peak
00:40:40,0 days,off-peak
00:51:21,0 days,off-peak
01:01:07,0 days,off-peak
01:01:23,0 days,off-peak
01:10:28,0 days,off-peak
01:19:31,0 days,off-peak
01:35:51,0 days,off-peak
02:19:15,0 days,off-peak
02:27:38,0 days,off-peak
02:59:50,0 days,off-peak
03:05:18,0 days,off-peak
03:30:21,0 days,off-peak
03:39:46,0 days,off-peak
04:20:56,0 days,off-peak
04:46:51,0 days,off-peak
04:49:19,0 days,off-peak
04:56:17,0 days,off-peak
05:00:01,0 days,off-peak
05:00:26,0 days,off-peak
05:00:58,0 days,off-peak
05:03:48,0 days,off-peak
05:04:37,0 days,off-peak
05:07:47,0 days,off-peak
05:08:34,0 days,off-peak
05:08:48,0 days,off-peak
05:13:00,0 days,off-peak
05:51:29,0 days,off-peak
05:51:41,0 days,off-peak
06:00:09,0 days,off-peak
06:00:53,0 days,off-peak
06:04:38,0 days,off-peak
06:06:17,0 days,off-peak
06:06:55,0 days,off-peak
06:09:00,0 days,off-peak
06:10:36,0 days,off-peak
06:14:05,0 days,off-peak
06:23:25,0 days,off-peak
06:30:23,0 days,off-peak
06:30:36,0 days,off-peak
06:31:07,0 days,off-peak
06:32:52,0 days,off-peak
06:33:58,0 days,off-peak
06:39:16,0 days,off-peak
06:41:44,0 days,off-peak
06:42:30,0 days,off-peak
06:50:48,0 days,off-peak
07:09:06,0 days,off-peak
07:15:44,0 days,off-peak
07:16:37,0 days,off-peak
07:19:56,0 days,off-peak
07:20:49,0 days,off-peak
07:26:32,0 days,off-peak
07:27:03,0 days,off-peak
07:27:11,0 days,off-peak
07:32:34,0 days,off-peak
07:47:17,0 days,off-peak
09:03:20,0 days,off-peak
09:12:44,0 days,off-peak
09:43:55,0 days,off-peak
10:29:24,0 days,off-peak
10:38:14,2 days,advance
10:52:15,0 days,off-peak
11:06:22,0 days,off-peak
11:17:05,0 days,off-peak
11:30:07,0 days,off-peak
11:37:27,0 days,off-peak
11:41:07,0 days,off-peak
11:45:45,0 days,off-peak
11:48:22,0 days,off-peak
12:01:31,0 days,off-peak
12:01:51,0 days,off-peak
12:04:46,0 days,off-peak
12:25:35,0 days,off-peak
12:37:40,0 days,off-peak
12:52:01,0 days,off-peak
14:18:28,0 days,off-peak
14:22:24,0 days,off-peak
14:31:30,0 days,off-peak
14:32:20,0 days,off-peak
14:34:42,0 days,off-peak
14:35:17,0 days,off-peak
14:44:39,0 days,off-peak
14:44:54,0 days,off-peak
14:47:41,0 days,off-peak
14:55:25,0 days,off-peak
15:00:44,0 days,off-peak
15:06:13,0 days,off-peak
15:07:30,0 days,off-peak
15:10:03,0 days,off-peak
15:13:28,0 days,off-peak
15:34:33,0 days,off-peak
15:48:41,0 days,off-peak
16:00:37,0 days,off-peak
16:03:27,0 days,off-peak
16:04:47,0 days,off-peak
16:06:44,0 days,off-peak
16:13:40,0 days,off-peak
16:14:42,0 days,off-peak
16:17:13,0 days,off-peak
16:18:35,0 days,off-peak
16:55:36,0 days,off-peak
17:11:30,0 days,off-peak
17:16:16,0 days,off-peak
17:18:01,0 days,off-peak
17:18:18,0 days,off-peak
17:18:25,0 days,off-peak
17:19:14,0 days,off-peak
17:21:38,0 days,off-peak
17:22:40,0 days,off-peak
17:24:36,0 days,off-peak
17:29:04,0 days,off-peak
17:29:43,0 days,off-peak
18:14:51,0 days,off-peak
18:17:13,0 days,off-peak
18:18:04,0 days,off-peak
18:19:18,0 days,off-peak
18:21:58,0 days,off-peak
18:24:13,0 days,off-peak
18:31:38,0 days,off-peak
18:35:38,0 days,off-peak
18:41:08,0 days,off-peak
18:44:34,0 days,off-peak
18:48:29,0 days,off-peak
18:49:06,0 days,off-peak
19:24:38,2 days,advance
20:01:45,0 days,off-peak
20:02:02,0 days,off-peak
20:11:06,0 days,off-peak
20:20:30,0 days,off-peak
20:33:52,0 days,off-peak
20:36:32,0 days,off-peak
20:38:47,0 days,off-peak
20:44:04,0 days,off-peak
20:52:27,0 days,off-peak
22:31:10,1 days,advance
22:36:21,1 days,advance
22:41:05,1 days,advance
22:42:17,1 days,advance
22:59:33,1 days,advance
23:30:14,1 days,advance
00:02:39,0 days,off-peak
00:06:58,0 days,off-peak
00:07:19,0 days,off-peak
00:20:42,2 days,advance
00:22:07,0 days,off-peak
00:31:26,0 days,off-peak
00:31:52,0 days,off-peak
00:40:58,0 days,off-peak
00:41:23,0 days,off-peak
00:48:59,0 days,off-peak
01:04:19,0 days,off-peak
01:07:10,0 days,off-peak
01:07:57,0 days,off-peak
01:09:19,0 days,off-peak
01:25:42,0 days,off-peak
01:36:12,0 days,off-peak
01:48:01,0 days,off-peak
01:48:07,0 days,off-peak
02:02:55,0 days,off-peak
02:04:56,0 days,off-peak
02:06:45,0 days,off-peak
02:10:53,0 days,off-peak
02:18:30,0 days,off-peak
02:48:56,0 days,off-peak
02:49:21,0 days,off-peak
02:55:04,0 days,off-peak
02:58:41,0 days,off-peak
02:59:14,0 days,off-peak
03:00:59,0 days,off-peak
03:01:08,0 days,off-peak
03:03:52,0 days,off-peak
03:12:21,0 days,off-peak
03:35:26,0 days,off-peak
03:43:27,0 days,off-peak
03:49:56,0 days,off-peak
04:15:57,0 days,off-peak
04:19:17,0 days,off-peak
04:39:02,0 days,off-peak
04:47:15,0 days,off-peak
04:49:05,0 days,off-peak
04:49:22,0 days,off-peak
04:49:23,0 days,off-peak
04:50:57,0 days,off-peak
04:55:58,0 days,off-peak
04:58:53,0 days,off-peak
05:00:50,1 days,advance
05:01:53,0 days,off-peak
05:02:15,0 days,off-peak
05:04:51,0 days,off-peak
05:05:49,0 days,off-peak
05:06:35,0 days,off-peak
05:09:36,0 days,off-peak
05:12:02,0 days,off-peak
05:12:20,0 days,off-peak
05:13:42,0 days,off-peak
05:14:03,0 days,off-peak
05:14:29,0 days,off-peak
05:18:05,0 days,off-peak
05:19:17,0 days,off-peak
05:21:03,0 days,off-peak
05:21:15,1 days,advance
05:36:09,0 days,off-peak
05:40:53,0 days,off-peak
05:49:19,0 days,off-peak
06:00:17,0 days,off-peak
06:01:12,0 days,off-peak
06:01:12,0 days,off-peak
06:02:07,0 days,off-peak
06:03:41,0 days,off-peak
06:07:36,0 days,off-peak
06:13:13,0 days,off-peak
06:23:07,0 days,off-peak
06:32:26,0 days,off-peak
06:32:53,0 days,off-peak
06:35:40,1 days,advance
06:37:01,0 days,off-peak
06:39:01,0 days,off-peak
06:39:49,0 days,off-peak
06:39:50,0 days,off-peak
06:41:20,0 days,off-peak
06:44:04,0 days,off-peak
06:44:29,0 days,off-peak
06:46:39,0 days,off-peak
06:51:45,0 days,off-peak
06:55:50,0 days,off-peak
06:57:44,0 days,off-peak
06:59:01,0 days,off-peak
07:03:47,0 days,off-peak
07:12:05,0 days,off-peak
07:12:33,0 days,off-peak
07:15:20,0 days,off-peak
07:15:21,0 days,off-peak
07:15:37,0 days,off-peak
07:18:43,0 days,off-peak
07:19:04,0 days,off-peak
07:19:36,0 days,off-peak
07:20:02,0 days,off-peak
07:24:16,0 days,off-peak
07:24:55,0 days,off-peak
07:26:20,0 days,off-peak
07:27:45,0 days,off-peak
07:28:21,0 days,off-peak
07:31:04,0 days,off-peak
07:33:50,0 days,off-peak
07:37:24,0 days,off-peak
07:40:08,0 days,off-peak
07:41:17,0 days,off-peak
07:45:10,0 days,off-peak
07:47:55,0 days,off-peak
07:48:53,0 days,off-peak
07:49:53,1 days,advance
07:51:54,0 days,off-peak
07:52:31,0 days,off-peak
07:53:19,0 days,off-peak
07:54:58,0 days,off-peak
08:07:35,1 days,advance
08:44:32,0 days,off-peak
09:02:23,1 days,advance
09:20:34,0 days,off-peak
09:22:55,0 days,off-peak
09:30:48,1 days,advance
09:32:03,0 days,off-peak
09:32:14,0 days,off-peak
09:34:06,1 days,advance
09:38:42,0 days,off-peak
09:41:09,0 days,off-peak
09:48:34,0 days,off-peak
09:52:36,0 days,off-peak
09:55:26,1 days,advance
10:11:26,0 days,off-peak
10:24:13,0 days,off-peak
10:32:18,0 days,off-peak
10:35:46,0 days,off-peak
10:35:59,0 days,off-peak
10:36:43,0 days,off-peak
10:37:17,0 days,off-peak
10:38:25,0 days,off-peak
10:54:23,0 days,off-peak
10:57:30,1 days,advance
11:07:19,0 days,off-peak
11:28:29,0 days,off-peak
11:31:08,0 days,off-peak
11:42:27,0 days,off-peak
11:43:47,0 days,off-peak
11:49:58,0 days,off-peak
11:50:44,0 days,off-peak
11:51:50,0 days,off-peak
11:53:57,0 days,off-peak
11:59:42,0 days,off-peak
12:00:30,0 days,off-peak
12:02:18,0 days,off-peak
12:03:41,0 days,off-peak
12:06:22,0 days,off-peak
12:07:49,0 days,off-peak
12:13:28,0 days,off-peak
12:14:13,0 days,off-peak
12:17:27,0 days,off-peak
12:21:53,0 days,off-peak
12:22:15,0 days,off-peak
12:24:23,0 days,off-peak
12:45:04,0 days,off-peak
12:49:26,0 days,off-peak
12:52:50,1 days,advance
13:04:01,0 days,off-peak
13:04:49,0 days,off-peak
13:08:54,0 days,off-peak
13:19:11,0 days,off-peak
13:27:24,0 days,off-peak
13:29:08,0 days,off-peak
13:31:52,0 days,off-peak
13:34:54,0 days,off-peak
13:36:36,0 days,off-peak
13:38:28,0 days,off-peak
14:22:45,0 days,off-peak
14:24:01,0 days,off-peak
14:26:13,0 days,off-peak
14:30:54,0 days,off-peak
14:31:43,0 days,off-peak
14:36:03,0 days,off-peak
14:37:37,0 days,off-peak
14:38:11,0 days,off-peak
14:38:19,0 days,off-peak
14:40:36,0 days,off-peak
14:41:58,0 days,off-peak
14:42:18,0 days,off-peak
14:47:14,0 days,off-peak
14:48:52,0 days,off-peak
14:53:06,0 days,off-peak
14:58:39,0 days,off-peak
14:59:02,0 days,off-peak
15:12:30,0 days,off-peak
15:12:34,0 days,off-peak
15:13:27,0 days,off-peak
15:21:55,0 days,off-peak
15:24:28,0 days,off-peak
15:39:33,0 days,off-peak
15:40:30,0 days,off-peak
15:42:02,1 days,advance
15:45:38,0 days,off-peak
15:48:14,0 days,off-peak
15:49:22,0 days,off-peak
15:49:38,0 days,off-peak
15:53:16,0 days,off-peak
16:04:47,0 days,off-peak
16:05:23,0 days,off-peak
16:08:45,0 days,off-peak
16:09:20,0 days,off-peak
16:10:48,0 days,off-peak
16:11:56,0 days,off-peak
16:18:46,0 days,off-peak
16:20:19,0 days,off-peak
16:44:18,0 days,off-peak
16:53:53,0 days,off-peak
17:00:05,0 days,off-peak
17:01:22,0 days,off-peak
17:08:19,0 days,off-peak
17:11:12,0 days,off-peak
17:11:18,1 days,advance
17:15:15,0 days,off-peak
17:17:56,0 days,off-peak
17:19:11,0 days,off-peak
17:21:33,0 days,off-peak
17:23:58,0 days,off-peak
17:24:27,0 days,off-peak
17:25:01,0 days,off-peak
17:26:11,0 days,off-peak
17:26:14,0 days,off-peak
17:26:21,0 days,off-peak
17:27:01,0 days,off-peak
17:27:44,0 days,off-peak
17:27:46,0 days,off-peak
17:28:31,0 days,off-peak
17:28:39,0 days,off-peak
17:28:56,0 days,off-peak
17:29:29,0 days,off-peak
17:29:42,0 days,off-peak
17:52:50,2 days,advance
18:01:28,0 days,off-peak
18:02:23,1 days,advance
18:10:16,0 days,off-peak
18:12:13,0 days,off-peak
18:16:37,0 days,off-peak
18:18:32,0 days,off-peak
18:19:40,0 days,off-peak
18:20:48,0 days,off-peak
18:23:23,0 days,off-peak
18:24:21,0 days,off-peak
18:24:51,0 days,off-peak
18:25:01,0 days,off-peak
18:32:20,1 days,advance
18:33:25,0 days,off-peak
18:42:54,0 days,off-peak
18:46:16,0 days,off-peak
18:46:54,0 days,off-peak
18:48:07,0 days,off-peak
18:49:32,1 days,advance
18:53:11,0 days,off-peak
18:53:22,0 days,off-peak
18:53:31,0 days,off-peak
18:53:36,0 days,off-peak
18:55:26,1 days,advance
18:55:51,0 days,off-peak
18:55:52,0 days,off-peak
18:58:57,0 days,off-peak
19:00:16,0 days,off-peak
19:00:45,0 days,off-peak
19:12:58,0 days,off-peak
19:39:06,0 days,off-peak
19:50:47,0 days,off-peak
20:00:03,0 days,off-peak
20:06:08,0 days,off-peak
20:07:41,0 days,off-peak
20:20:12,0 days,off-peak
20:28:56,1 days,advance
20:40:48,0 days,off-peak
20:45:29,0 days,off-peak
20:45:47,0 days,off-peak
20:46:01,0 days,off-peak
20:50:49,0 days,off-peak
20:59:05,0 days,off-peak
21:16:53,1 days,advance
21:42:14,1 days,advance
22:03:22,1 days,advance
22:37:25,1 days,advance
00:08:17,0 days,off-peak
00:09:41,0 days,off-peak
00:24:50,2 days,advance
01:00:38,0 days,off-peak
01:17:22,0 days,off-peak
01:19:06,0 days,off-peak
01:19:22,0 days,off-peak
01:20:02,0 days,off-peak
01:22:56,0 days,off-peak
02:06:47,0 days,off-peak
02:45:14,0 days,off-peak
03:42:04,1 days,advance
05:04:08,0 days,anytime
06:01:44,0 days,anytime
06:07:59,0 days,anytime
06:08:13,0 days,anytime
06:47:46,0 days,anytime
07:03:59,0 days,anytime
07:15:09,0 days,anytime
07:16:31,0 days,anytime
08:26:04,0 days,off-peak
08:27:44,1 days,advance
08:52:20,0 days,off-peak
09:10:05,1 days,advance
09:12:59,1 days,advance
10:22:16,0 days,off-peak
10:42:52,0 days,off-peak
10:53:35,1 days,advance
11:58:51,0 days,off-peak
12:00:13,0 days,off-peak
12:46:53,0 days,off-peak
13:41:03,0 days,off-peak
14:09:26,0 days,off-peak
14:36:46,0 days,anytime
14:38:40,1 days,advance
14:53:00,0 days,anytime
15:38:44,0 days,anytime
15:44:13,0 days,anytime
16:00:35,1 days,advance
17:06:01,1 days,advance
17:15:36,1 days,advance
17:18:03,0 days,anytime
17:38:19,1 days,advance
18:43:19,0 days,off-peak
18:54:32,1 days,advance
19:45:25,1 days,advance
20:04:35,1 days,advance
20:17:50,1 days,advance
20:21:33,1 days,advance
20:36:50,0 days,off-peak
20:52:56,0 days,off-peak
22:34:57,1 days,advance
22:48:37,1 days,advance
23:02:34,1 days,advance
00:05:23,0 days,off-peak
00:16:15,1 days,advance
00:20:53,2 days,advance
00:33:47,0 days,off-peak
00:38:04,0 days,off-peak
00:38:42,0 days,off-peak
00:59:52,0 days,off-peak
01:40:01,1 days,advance
01:42:50,1 days,advance
02:05:57,0 days,off-peak
02:13:12,1 days,advance
02:43:02,0 days,off-peak
02:56:54,0 days,off-peak
03:08:18,0 days,off-peak
03:08:40,0 days,off-peak
03:13:16,1 days,advance
03:24:33,1 days,advance
03:25:31,1 days,advance
03:27:22,1 days,advance
03:30:36,0 days,off-peak
03:35:15,0 days,off-peak
03:39:44,1 days,advance
03:40:29,0 days,off-peak
03:41:12,1 days,advance
03:41:26,0 days,off-peak
03:42:05,0 days,off-peak
03:42:57,1 days,advance
03:51:23,1 days,advance
04:04:48,0 days,off-peak
04:18:31,1 days,advance
04:18:35,1 days,advance
04:28:33,0 days,off-peak
04:40:07,1 days,advance
04:42:15,0 days,anytime
04:47:32,0 days,anytime
04:50:28,0 days,anytime
04:53:39,0 days,anytime
04:56:17,0 days,anytime
04:57:47,0 days,anytime
05:00:11,0 days,anytime
05:04:09,0 days,anytime
05:07:10,1 days,advance
05:07:28,0 days,anytime
05:07:34,0 days,anytime
05:10:36,0 days,anytime
05:11:14,0 days,anytime
05:22:39,0 days,anytime
05:46:28,0 days,anytime
05:48:15,0 days,off-peak
06:04:00,1 days,advance
06:05:42,0 days,anytime
06:06:14,1 days,advance
06:09:15,1 days,advance
06:09:20,0 days,anytime
06:11:39,1 days,advance
06:13:26,0 days,anytime
06:29:56,0 days,anytime
06:32:27,0 days,anytime
06:34:19,1 days,advance
06:36:24,0 days,anytime
06:36:33,0 days,anytime
06:37:59,1 days,advance
06:39:02,0 days,anytime
06:39:40,1 days,advance
06:41:04,1 days,advance
06:41:59,0 days,anytime
06:43:27,1 days,advance
06:43:35,0 days,anytime
06:54:49,0 days,anytime
06:55:03,1 days,advance
06:57:03,0 days,anytime
07:16:48,0 days,anytime
07:18:26,0 days,anytime
07:21:15,0 days,anytime
07:21:24,0 days,anytime
07:23:40,0 days,anytime
07:25:42,0 days,anytime
07:26:21,0 days,anytime
07:26:40,0 days,anytime
07:35:25,1 days,advance
07:41:59,0 days,off-peak
07:46:16,1 days,advance
07:53:02,1 days,advance
07:57:49,1 days,advance
08:06:22,0 days,off-peak
08:12:34,1 days,advance
08:13:04,1 days,advance
08:14:49,1 days,advance
08:15:42,1 days,advance
08:22:19,1 days,advance
08:22:57,1 days,advance
08:23:19,1 days,advance
08:23:43,1 days,advance
08:24:08,1 days,advance
08:25:13,1 days,advance
08:26:34,1 days,advance
08:27:37,1 days,advance
08:28:16,1 days,advance
09:00:28,1 days,advance
09:00:43,1 days,advance
09:01:59,1 days,advance
09:02:38,0 days,off-peak
09:05:59,0 days,off-peak
09:10:15,0 days,off-peak
09:11:29,1 days,advance
09:21:31,0 days,off-peak
09:26:15,1 days,advance
09:31:58,1 days,advance
09:34:21,1 days,advance
09:34:46,1 days,advance
09:34:51,1 days,advance
09:35:28,1 days,advance
09:38:12,1 days,advance
09:38:24,0 days,off-peak
09:39:31,1 days,advance
09:40:00,0 days,off-peak
09:40:11,1 days,advance
09:41:20,1 days,advance
09:42:22,0 days,off-peak
09:42:58,1 days,advance
09:43:56,1 days,advance
09:44:24,1 days,advance
09:44:36,0 days,off-peak
09:51:38,0 days,off-peak
09:56:40,0 days,off-peak
10:08:25,1 days,advance
10:16:37,0 days,off-peak
10:17:36,0 days,off-peak
10:18:02,1 days,advance
10:23:59,1 days,advance
10:37:03,1 days,advance
10:39:51,0 days,off-peak
10:49:23,1 days,advance
10:50:33,0 days,off-peak
10:53:47,1 days,advance
10:59:37,1 days,advance
11:20:52,0 days,off-peak
11:36:26,0 days,off-peak
11:53:26,0 days,off-peak
12:10:19,1 days,advance
12:15:50,1 days,advance
12:16:48,0 days,off-peak
12:39:22,1 days,advance
12:52:33,1 days,advance
12:59:44,0 days,off-peak
12:59:57,0 days,off-peak
13:01:00,0 days,off-peak
13:02:10,0 days,off-peak
13:17:51,1 days,advance
13:20:03,0 days,off-peak
13:21:14,1 days,advance
13:22:53,1 days,advance
13:23:02,0 days,off-peak
13:31:17,0 days,off-peak
13:35:16,1 days,advance
13:44:57,1 days,advance
13:47:23,0 days,off-peak
13:50:46,1 days,advance
13:56:59,1 days,advance
14:08:11,0 days,off-peak
14:14:27,1 days,advance
14:31:50,0 days,anytime
14:32:37,0 days,anytime
14:32:49,1 days,advance
14:36:12,0 days,anytime
14:36:57,1 days,advance
14:37:13,0 days,anytime
14:37:53,0 days,anytime
14:38:59,0 days,anytime
14:39:22,0 days,anytime
14:39:28,0 days,anytime
14:41:50,0 days,anytime
14:46:33,1 days,advance
14:47:34,0 days,anytime
14:49:48,0 days,anytime
14:50:59,1 days,advance
14:53:19,0 days,anytime
14:56:08,0 days,anytime
14:56:08,0 days,anytime
14:57:12,1 days,advance
14:57:45,1 days,advance
14:58:27,0 days,anytime
14:58:28,0 days,anytime
14:59:28,1 days,advance
15:00:35,1 days,advance
15:01:18,1 days,advance
15:03:21,0 days,off-peak
15:06:35,1 days,advance
15:10:43,1 days,advance
15:22:14,0 days,anytime
15:23:44,0 days,anytime
15:30:20,0 days,anytime
15:37:52,1 days,advance
15:46:00,1 days,advance
15:47:44,0 days,anytime
15:56:24,0 days,anytime
15:57:05,0 days,anytime
16:00:08,0 days,anytime
16:00:43,1 days,advance
16:06:15,0 days,anytime
16:13:42,0 days,anytime
16:16:38,0 days,anytime
16:16:44,1 days,advance
16:27:20,0 days,anytime
16:32:37,0 days,anytime
16:34:43,0 days,anytime
17:00:45,0 days,anytime
17:01:32,1 days,advance
17:07:30,0 days,anytime
17:08:17,0 days,anytime
17:08:33,1 days,advance
17:09:48,1 days,advance
17:15:54,0 days,anytime
17:18:02,0 days,anytime
17:23:53,0 days,anytime
17:24:37,0 days,anytime
17:33:33,1 days,advance
17:33:43,1 days,advance
17:34:43,1 days,advance
17:35:52,1 days,advance
17:36:16,1 days,advance
17:37:25,1 days,advance
17:38:22,1 days,advance
17:40:48,1 days,advance
17:41:41,0 days,off-peak
17:46:04,1 days,advance
17:58:22,0 days,off-peak
17:58:28,1 days,advance
18:10:34,0 days,anytime
18:13:04,1 days,advance
18:15:37,0 days,anytime
18:16:03,0 days,anytime
18:35:06,0 days,off-peak
18:52:30,0 days,off-peak
18:55:31,0 days,off-peak
18:59:22,0 days,off-peak
19:18:57,1 days,advance
19:26:32,1 days,advance
19:30:02,0 days,off-peak
19:31:56,1 days,advance
19:32:14,1 days,advance
19:32:54,1 days,advance
19:35:41,1 days,advance
19:36:46,1 days,advance
19:36:57,1 days,advance
19:41:33,1 days,advance
19:43:57,1 days,advance
20:00:13,1 days,advance
20:16:12,1 days,advance
20:16:30,1 days,advance
20:17:45,1 days,advance
20:19:29,1 days,advance
20:19:43,1 days,advance
20:21:27,1 days,advance
20:26:38,1 days,advance
20:27:56,1 days,advance
20:28:08,1 days,advance
20:29:48,1 days,advance
20:29:56,1 days,advance
20:30:33,1 days,advance
20:41:05,1 days,advance
20:52:40,0 days,off-peak
20:57:53,0 days,off-peak
21:20:23,1 days,advance
21:30:01,1 days,advance
21:31:55,1 days,advance
21:51:43,1 days,advance
21:54:42,1 days,advance
22:02:48,1 days,advance
22:31:02,1 days,advance
22:37:59,1 days,advance
22:43:01,1 days,advance
22:52:01,1 days,advance
22:54:09,1 days,advance
23:02:07,1 days,advance
23:04:12,1 days,advance
23:11:57,1 days,advance
23:13:47,1 days,advance
23:25:05,1 days,advance
23:36:02,1 days,advance
23:50:10,1 days,advance
00:01:51,0 days,off-peak
00:13:17,0 days,off-peak
00:18:35,1 days,advance
00:22:54,0 days,off-peak
00:30:22,0 days,off-peak
00:30:36,0 days,off-peak
00:30:44,0 days,off-peak
00:34:34,0 days,off-peak
01:07:55,0 days,off-peak
01:10:48,1 days,advance
01:22:23,0 days,off-peak
01:25:33,1 days,advance
01:27:52,0 days,off-peak
01:29:51,0 days,off-peak
01:29:53,0 days,off-peak
01:40:30,1 days,advance
01:43:08,1 days,advance
01:43:55,1 days,advance
01:53:36,0 days,off-peak
02:09:44,0 days,off-peak
02:14:48,0 days,off-peak
02:46:39,0 days,off-peak
02:47:30,0 days,off-peak
02:54:58,0 days,off-peak
03:00:06,1 days,advance
03:10:56,0 days,off-peak
03:21:31,1 days,advance
03:25:31,1 days,advance
03:31:49,1 days,advance
03:38:39,0 days,off-peak
03:47:38,1 days,advance
03:53:30,1 days,advance
03:54:21,1 days,advance
04:08:11,1 days,advance
04:11:07,1 days,advance
04:23:06,1 days,advance
04:46:18,0 days,anytime
04:47:27,0 days,anytime
04:51:28,0 days,anytime
04:53:41,0 days,anytime
04:56:40,0 days,anytime
05:00:16,0 days,anytime
05:06:31,0 days,anytime
05:09:10,0 days,anytime
05:11:01,0 days,anytime
05:12:27,0 days,anytime
05:49:58,0 days,anytime
05:52:31,0 days,anytime
05:57:39,0 days,anytime
05:58:20,1 days,advance
06:01:36,0 days,anytime
06:02:27,0 days,anytime
06:04:11,1 days,advance
06:05:19,0 days,anytime
06:06:51,0 days,anytime
06:08:49,0 days,anytime
06:31:33,0 days,anytime
06:32:27,0 days,anytime
06:39:12,1 days,advance
06:39:24,0 days,anytime
06:42:38,0 days,anytime
06:44:38,0 days,anytime
06:51:45,1 days,advance
07:00:45,1 days,advance
07:05:53,0 days,anytime
07:13:26,1 days,advance
07:17:21,0 days,anytime
07:17:38,0 days,anytime
07:19:03,0 days,anytime
07:21:53,0 days,anytime
07:22:14,0 days,anytime
07:24:37,0 days,anytime
07:30:38,0 days,off-peak
07:32:51,0 days,off-peak
07:45:23,1 days,advance
07:45:23,1 days,advance
07:48:42,1 days,advance
07:52:25,1 days,advance
07:55:12,1 days,advance
07:55:36,1 days,advance
08:02:00,1 days,advance
08:02:43,1 days,advance
08:04:12,1 days,advance
08:04:16,1 days,advance
08:05:20,1 days,advance
08:09:31,1 days,advance
08:11:04,1 days,advance
08:11:48,1 days,advance
08:16:09,0 days,off-peak
08:16:40,1 days,advance
08:17:18,1 days,advance
08:18:53,1 days,advance
08:19:19,1 days,advance
08:19:59,1 days,advance
08:22:43,1 days,advance
08:23:51,1 days,advance
08:25:03,1 days,advance
08:25:36,1 days,advance
08:27:54,1 days,advance
08:29:23,0 days,off-peak
08:29:43,1 days,advance
09:00:03,1 days,advance
09:04:12,1 days,advance
09:04:37,1 days,advance
09:06:37,1 days,advance
09:08:49,0 days,off-peak
09:14:06,1 days,advance
09:15:09,0 days,off-peak
09:18:25,0 days,off-peak
09:30:26,0 days,off-peak
09:31:14,1 days,advance
09:35:30,1 days,advance
09:35:35,0 days,off-peak
09:37:36,1 days,advance
09:37:56,1 days,advance
09:40:38,1 days,advance
09:40:57,1 days,advance
09:42:35,1 days,advance
09:44:38,1 days,advance
10:16:18,0 days,off-peak
10:18:16,1 days,advance
10:18:47,1 days,advance
10:20:41,1 days,advance
10:21:27,1 days,advance
10:22:59,0 days,off-peak
10:23:45,1 days,advance
10:29:48,1 days,advance
10:40:50,1 days,advance
10:42:38,1 days,advance
10:44:02,0 days,off-peak
10:47:08,0 days,off-peak
10:48:05,0 days,off-peak
10:51:12,0 days,off-peak
10:53:04,0 days,off-peak
10:59:35,1 days,advance
11:10:26,0 days,off-peak
11:28:45,1 days,advance
11:34:06,0 days,off-peak
11:43:55,0 days,off-peak
11:44:20,0 days,off-peak
11:56:40,0 days,off-peak
12:00:04,1 days,advance
12:10:44,0 days,off-peak
12:29:10,1 days,advance
12:29:19,0 days,off-peak
12:31:07,1 days,advance
12:34:45,1 days,advance
13:25:46,1 days,advance
13:26:42,0 days,off-peak
13:27:09,0 days,off-peak
13:32:02,1 days,advance
13:53:17,1 days,advance
14:21:07,1 days,advance
14:23:45,0 days,off-peak
14:25:32,1 days,advance
14:26:45,0 days,off-peak
14:33:30,0 days,anytime
14:39:05,0 days,anytime
14:44:18,0 days,anytime
14:50:05,1 days,advance
14:56:51,0 days,anytime
14:58:48,0 days,anytime
14:58:49,1 days,advance
14:59:39,0 days,anytime
15:05:27,1 days,advance
15:14:23,1 days,advance
15:16:01,0 days,anytime
15:16:55,0 days,anytime
15:30:18,0 days,anytime
15:37:02,0 days,anytime
15:50:45,0 days,anytime
15:52:49,0 days,anytime
15:58:32,0 days,anytime
15:58:45,0 days,anytime
16:01:03,0 days,anytime
16:01:23,1 days,advance
16:01:41,0 days,anytime
16:04:51,0 days,anytime
16:06:12,0 days,anytime
16:07:50,1 days,advance
16:29:46,1 days,advance
16:43:29,1 days,advance
16:51:34,1 days,advance
17:03:43,1 days,advance
17:04:43,0 days,anytime
17:07:56,1 days,advance
17:13:14,0 days,anytime
17:15:08,0 days,anytime
17:15:11,0 days,anytime
17:17:25,0 days,anytime
17:18:54,0 days,anytime
17:21:40,0 days,anytime
17:23:26,1 days,advance
17:26:09,0 days,anytime
17:27:27,1 days,advance
17:27:48,0 days,anytime
17:29:00,0 days,anytime
17:29:48,0 days,anytime
17:30:18,0 days,off-peak
17:30:59,1 days,advance
17:33:00,1 days,advance
17:37:21,1 days,advance
17:41:01,1 days,advance
17:47:16,1 days,advance
17:58:07,0 days,off-peak
17:58:14,1 days,advance
17:59:32,1 days,advance
18:05:59,1 days,advance
18:16:19,0 days,anytime
18:21:15,0 days,anytime
18:31:36,1 days,advance
18:33:26,1 days,advance
18:38:53,0 days,off-peak
18:40:52,1 days,advance
18:48:16,1 days,advance
18:53:45,0 days,off-peak
18:54:37,1 days,advance
18:54:55,1 days,advance
18:59:44,1 days,advance
19:20:42,1 days,advance
19:25:07,1 days,advance
19:27:24,1 days,advance
19:28:26,1 days,advance
19:28:39,1 days,advance
19:30:09,1 days,advance
19:31:40,1 days,advance
19:32:04,1 days,advance
19:32:04,1 days,advance
19:34:13,0 days,off-peak
19:37:03,1 days,advance
19:42:05,1 days,advance
19:44:38,1 days,advance
19:50:08,1 days,advance
19:55:52,1 days,advance
20:00:36,1 days,advance
20:05:06,1 days,advance
20:06:36,1 days,advance
20:15:18,1 days,advance
20:15:40,1 days,advance
20:19:23,1 days,advance
20:19:32,1 days,advance
20:21:06,1 days,advance
20:22:25,1 days,advance
20:23:01,1 days,advance
20:25:11,1 days,advance
20:25:42,1 days,advance
20:26:01,1 days,advance
20:27:34,1 days,advance
20:29:22,1 days,advance
20:30:11,0 days,off-peak
20:32:13,1 days,advance
20:36:49,0 days,off-peak
20:38:17,0 days,off-peak
21:39:45,1 days,advance
21:42:03,1 days,advance
21:58:27,1 days,advance
21:59:51,1 days,advance
22:06:30,1 days,advance
22:30:28,1 days,advance
22:43:04,1 days,advance
22:48:38,1 days,advance
23:00:06,1 days,advance
23:10:03,1 days,advance
23:14:09,1 days,advance
23:47:18,1 days,advance
23:48:40,1 days,advance
23:54:50,1 days,advance
23:57:06,1 days,advance
00:00:46,0 days,off-peak
00:07:37,0 days,off-peak
00:39:20,0 days,off-peak
01:11:18,0 days,off-peak
01:18:18,1 days,advance
01:23:16,0 days,off-peak
01:37:12,1 days,advance
01:41:58,1 days,advance
02:03:47,0 days,off-peak
02:05:55,0 days,off-peak
02:56:47,1 days,advance
03:10:34,0 days,off-peak
03:10:39,0 days,off-peak
03:19:13,1 days,advance
03:22:24,1 days,advance
03:41:51,1 days,advance
03:57:57,1 days,advance
04:10:53,1 days,advance
04:16:39,0 days,off-peak
04:23:42,1 days,advance
04:41:25,0 days,anytime
04:47:27,0 days,anytime
04:54:10,0 days,anytime
05:00:52,0 days,anytime
05:06:19,0 days,anytime
05:08:18,0 days,anytime
05:08:54,0 days,anytime
05:11:51,0 days,anytime
05:16:26,0 days,anytime
05:19:04,0 days,anytime
05:24:55,0 days,anytime
05:46:29,0 days,anytime
06:03:18,0 days,anytime
06:07:18,0 days,anytime
06:09:17,1 days,advance
06:21:34,0 days,anytime
06:30:19,0 days,anytime
06:31:49,0 days,anytime
06:35:53,0 days,anytime
06:38:45,0 days,anytime
06:40:15,0 days,anytime
06:42:51,0 days,anytime
06:47:44,0 days,anytime
06:54:32,0 days,anytime
06:59:09,1 days,advance
07:17:41,0 days,anytime
07:20:07,0 days,anytime
07:20:57,1 days,advance
07:23:38,0 days,anytime
07:25:01,0 days,anytime
07:27:10,1 days,advance
07:27:20,0 days,anytime
07:27:38,0 days,anytime
07:28:25,0 days,anytime
07:29:51,0 days,anytime
07:44:44,0 days,off-peak
07:49:04,1 days,advance
07:49:04,1 days,advance
07:49:51,1 days,advance
07:50:09,1 days,advance
07:51:41,1 days,advance
07:52:16,0 days,anytime
07:52:36,1 days,advance
07:52:45,0 days,anytime
07:55:38,1 days,advance
07:56:24,0 days,off-peak
07:57:03,1 days,advance
07:58:00,1 days,advance
07:59:58,0 days,off-peak
08:00:19,1 days,advance
08:00:25,1 days,advance
08:08:25,1 days,advance
08:12:00,1 days,advance
08:13:55,1 days,advance
08:17:17,1 days,advance
08:19:20,1 days,advance
08:19:32,1 days,advance
08:24:05,0 days,off-peak
08:24:54,1 days,advance
08:44:24,1 days,advance
08:49:12,0 days,off-peak
08:52:04,1 days,advance
08:52:58,1 days,advance
09:03:12,1 days,advance
09:10:52,0 days,off-peak
09:19:47,1 days,advance
09:21:13,1 days,advance
09:25:08,0 days,off-peak
09:25:20,1 days,advance
09:34:01,1 days,advance
09:35:16,1 days,advance
09:37:01,1 days,advance
09:39:50,1 days,advance
09:40:50,1 days,advance
09:41:40,1 days,advance
09:43:32,1 days,advance
09:45:04,1 days,advance
09:56:16,1 days,advance
09:58:47,0 days,off-peak
10:03:01,0 days,off-peak
10:09:13,1 days,advance
10:12:10,1 days,advance
10:16:31,1 days,advance
10:20:20,0 days,off-peak
10:28:17,1 days,advance
10:28:21,1 days,advance
10:39:50,1 days,advance
10:43:53,1 days,advance
10:46:56,1 days,advance
10:53:15,1 days,advance
10:59:21,1 days,advance
11:05:36,1 days,advance
11:43:19,0 days,off-peak
11:56:44,1 days,advance
12:06:56,1 days,advance
12:11:45,0 days,off-peak
12:25:42,0 days,off-peak
12:35:25,1 days,advance
12:58:52,0 days,off-peak
13:15:57,0 days,off-peak
13:19:34,0 days,off-peak
13:20:22,1 days,advance
13:26:36,1 days,advance
13:38:46,1 days,advance
14:03:04,0 days,off-peak
14:03:11,0 days,off-peak
14:23:50,0 days,off-peak
14:28:11,0 days,off-peak
14:30:15,0 days,anytime
14:31:26,0 days,anytime
14:35:02,1 days,advance
14:36:24,1 days,advance
14:42:10,0 days,anytime
14:48:35,0 days,anytime
14:49:47,1 days,advance
14:52:57,1 days,advance
14:56:18,1 days,advance
15:04:32,1 days,advance
15:04:41,0 days,anytime
15:07:18,1 days,advance
15:11:22,0 days,anytime
15:14:58,0 days,anytime
15:22:42,0 days,anytime
15:24:41,0 days,anytime
15:29:03,1 days,advance
15:45:15,0 days,anytime
15:46:33,0 days,anytime
15:46:56,0 days,anytime
15:58:23,0 days,anytime
16:02:17,1 days,advance
16:04:53,1 days,advance
16:10:18,0 days,anytime
16:21:35,1 days,advance
16:24:43,0 days,anytime
16:33:11,0 days,anytime
16:45:11,0 days,anytime
17:06:05,1 days,advance
17:19:17,0 days,anytime
17:20:13,0 days,anytime
17:20:43,0 days,anytime
17:23:36,1 days,advance
17:24:15,0 days,anytime
17:26:11,0 days,anytime
17:29:47,0 days,anytime
17:31:35,1 days,advance
17:35:21,1 days,advance
17:36:09,1 days,advance
17:39:42,1 days,advance
17:41:14,1 days,advance
17:44:02,1 days,advance
18:07:58,1 days,advance
18:11:09,1 days,advance
18:11:43,0 days,anytime
18:13:19,0 days,anytime
18:15:47,0 days,anytime
18:34:04,0 days,off-peak
18:41:18,1 days,advance
18:45:15,0 days,off-peak
18:45:31,0 days,off-peak
18:51:57,0 days,off-peak
18:54:34,0 days,off-peak
18:54:57,1 days,advance
19:13:45,1 days,advance
19:23:22,1 days,advance
19:30:20,1 days,advance
19:31:19,0 days,off-peak
19:33:18,1 days,advance
19:42:13,1 days,advance
20:01:39,1 days,advance
20:06:16,1 days,advance
20:12:59,0 days,off-peak
20:15:36,1 days,advance
20:15:54,1 days,advance
20:17:02,1 days,advance
20:17:43,1 days,advance
20:18:17,1 days,advance
20:18:25,1 days,advance
20:20:58,1 days,advance
20:23:35,1 days,advance
20:25:03,1 days,advance
20:32:20,1 days,advance
20:35:02,0 days,off-peak
20:49:02,0 days,off-peak
20:52:10,0 days,off-peak
20:53:09,1 days,advance
21:53:17,1 days,advance
21:57:29,1 days,advance
21:59:35,1 days,advance
22:35:38,1 days,advance
22:43:00,1 days,advance
22:43:38,1 days,advance
22:57:03,1 days,advance
23:05:41,1 days,advance
23:44:39,1 days,advance
00:08:57,0 days,off-peak
00:14:05,0 days,off-peak
00:14:19,1 days,advance
00:21:54,0 days,off-peak
00:29:39,0 days,off-peak
00:31:07,0 days,off-peak
00:31:08,0 days,off-peak
00:32:16,0 days,off-peak
00:37:08,0 days,off-peak
00:45:37,0 days,off-peak
01:06:36,1 days,advance
01:13:05,0 days,off-peak
01:16:13,1 days,advance
01:18:46,0 days,off-peak
01:26:53,0 days,off-peak
01:35:42,1 days,advance
01:36:14,1 days,advance
01:36:55,1 days,advance
01:38:41,1 days,advance
01:40:56,1 days,advance
01:43:53,1 days,advance
01:46:59,1 days,advance
01:49:47,1 days,advance
02:02:46,0 days,off-peak
02:09:38,1 days,advance
02:10:00,0 days,off-peak
02:32:26,1 days,advance
02:46:22,0 days,off-peak
02:46:37,0 days,off-peak
02:46:58,0 days,off-peak
02:57:07,0 days,off-peak
02:58:26,0 days,off-peak
03:05:44,0 days,off-peak
03:10:09,0 days,off-peak
03:19:52,1 days,advance
03:28:16,1 days,advance
03:45:11,1 days,advance
03:52:39,1 days,advance
04:00:41,0 days,off-peak
04:21:02,0 days,off-peak
04:47:26,0 days,anytime
04:48:39,0 days,anytime
04:48:55,0 days,anytime
04:49:02,0 days,anytime
04:52:26,0 days,anytime
04:54:15,0 days,anytime
04:55:35,0 days,anytime
04:55:42,0 days,anytime
04:56:25,0 days,anytime
04:57:10,1 days,advance
05:00:15,0 days,anytime
05:03:58,0 days,anytime
05:04:35,0 days,anytime
05:10:59,0 days,anytime
05:16:22,0 days,anytime
05:28:33,0 days,anytime
05:34:54,1 days,advance
05:38:19,1 days,advance
05:46:09,1 days,advance
05:51:38,1 days,advance
06:02:40,0 days,anytime
06:02:41,0 days,anytime
06:06:37,0 days,anytime
06:09:23,0 days,anytime
06:09:39,0 days,anytime
06:31:43,0 days,anytime
06:32:18,0 days,anytime
06:33:35,0 days,anytime
06:34:12,0 days,anytime
06:34:38,0 days,anytime
06:35:50,1 days,advance
06:37:11,0 days,anytime
06:37:40,0 days,anytime
06:37:52,0 days,anytime
06:49:52,0 days,anytime
06:50:06,1 days,advance
06:55:48,0 days,anytime
07:04:47,0 days,anytime
07:14:02,1 days,advance
07:17:46,0 days,anytime
07:19:56,0 days,anytime
07:20:25,0 days,anytime
07:22:06,0 days,anytime
07:24:28,0 days,anytime
07:25:54,1 days,advance
07:27:47,0 days,anytime
07:27:56,0 days,anytime
07:31:10,0 days,off-peak
07:46:57,1 days,advance
07:57:18,1 days,advance
07:58:58,1 days,advance
08:02:51,1 days,advance
08:03:57,1 days,advance
08:04:16,1 days,advance
08:06:15,1 days,advance
08:06:31,1 days,advance
08:07:27,0 days,off-peak
08:12:27,1 days,advance
08:12:51,1 days,advance
08:13:40,1 days,advance
08:15:16,1 days,advance
08:17:52,1 days,advance
08:19:26,1 days,advance
08:21:27,1 days,advance
08:25:02,1 days,advance
08:29:38,1 days,advance
08:29:51,1 days,advance
08:48:35,1 days,advance
09:00:53,1 days,advance
09:02:21,1 days,advance
09:02:52,1 days,advance
09:06:24,1 days,advance
09:09:34,1 days,advance
09:11:41,1 days,advance
09:13:34,1 days,advance
09:13:57,1 days,advance
09:18:29,1 days,advance
09:24:20,0 days,off-peak
09:29:10,0 days,off-peak
09:32:03,0 days,off-peak
09:35:19,1 days,advance
09:35:24,1 days,advance
09:37:41,1 days,advance
09:38:46,0 days,off-peak
09:41:19,1 days,advance
09:43:04,0 days,off-peak
09:43:21,1 days,advance
09:45:45,1 days,advance
09:49:21,1 days,advance
10:12:07,0 days,off-peak
10:15:31,0 days,off-peak
10:20:31,0 days,off-peak
10:26:27,0 days,off-peak
10:29:12,1 days,advance
10:29:13,0 days,off-peak
10:31:43,0 days,off-peak
10:40:13,0 days,off-peak
10:59:54,1 days,advance
11:06:32,0 days,off-peak
11:08:28,0 days,off-peak
11:11:16,0 days,off-peak
11:22:42,1 days,advance
11:56:59,0 days,off-peak
12:06:53,1 days,advance
12:14:25,1 days,advance
12:24:12,0 days,off-peak
12:26:41,0 days,off-peak
12:33:22,1 days,advance
12:59:23,0 days,off-peak
13:16:04,0 days,off-peak
13:33:17,1 days,advance
13:34:41,1 days,advance
13:36:31,1 days,advance
13:51:45,1 days,advance
13:57:53,0 days,off-peak
14:15:52,1 days,advance
14:21:45,1 days,advance
14:24:31,0 days,off-peak
14:26:10,0 days,off-peak
14:26:54,1 days,advance
14:29:17,1 days,advance
14:30:51,0 days,anytime
14:31:31,0 days,anytime
14:38:19,0 days,anytime
14:40:02,0 days,anytime
14:40:27,0 days,anytime
14:40:44,0 days,anytime
14:41:19,0 days,anytime
15:13:05,0 days,anytime
15:22:56,0 days,anytime
15:24:39,0 days,anytime
15:38:14,0 days,anytime
15:38:19,0 days,anytime
15:39:03,1 days,advance
15:39:54,1 days,advance
15:43:31,0 days,anytime
15:45:53,1 days,advance
15:48:32,1 days,advance
15:52:01,0 days,anytime
15:53:12,0 days,anytime
16:02:30,0 days,anytime
16:03:35,0 days,anytime
16:14:30,0 days,anytime
16:15:49,1 days,advance
16:16:26,1 days,advance
16:24:53,0 days,anytime
17:01:16,0 days,anytime
17:04:45,0 days,anytime
17:05:10,1 days,advance
17:16:41,0 days,anytime
17:20:43,1 days,advance
17:21:15,1 days,advance
17:21:49,0 days,anytime
17:24:21,1 days,advance
17:24:54,0 days,anytime
17:26:53,0 days,anytime
17:27:10,0 days,anytime
17:27:29,0 days,anytime
17:30:43,1 days,advance
17:31:49,1 days,advance
17:35:29,1 days,advance
17:35:32,1 days,advance
17:39:46,1 days,advance
17:41:47,1 days,advance
17:43:37,1 days,advance
17:44:21,1 days,advance
17:45:46,1 days,advance
17:54:59,0 days,off-peak
17:57:06,1 days,advance
17:57:12,1 days,advance
18:10:33,1 days,advance
18:12:32,0 days,anytime
18:14:23,1 days,advance
18:14:46,0 days,anytime
18:17:15,0 days,off-peak
18:19:14,0 days,anytime
18:19:57,0 days,anytime
18:32:48,0 days,off-peak
18:45:12,0 days,off-peak
18:47:36,1 days,advance
18:50:54,1 days,advance
18:54:49,0 days,off-peak
19:31:18,1 days,advance
19:37:13,1 days,advance
19:38:31,1 days,advance
19:39:38,1 days,advance
19:42:55,1 days,advance
20:06:01,1 days,advance
20:10:36,0 days,off-peak
20:13:12,0 days,off-peak
20:15:52,1 days,advance
20:15:56,1 days,advance
20:18:18,1 days,advance
20:18:37,1 days,advance
20:20:55,1 days,advance
20:21:26,1 days,advance
20:21:58,1 days,advance
20:22:15,1 days,advance
20:23:02,1 days,advance
20:23:08,1 days,advance
20:23:29,1 days,advance
20:24:10,1 days,advance
20:24:23,1 days,advance
20:26:02,1 days,advance
20:26:49,1 days,advance
20:27:42,1 days,advance
20:28:27,1 days,advance
20:28:36,1 days,advance
20:29:09,1 days,advance
20:34:54,1 days,advance
20:36:50,1 days,advance
20:58:46,0 days,off-peak
21:39:39,1 days,advance
21:45:46,1 days,advance
21:46:46,1 days,advance
21:59:02,1 days,advance
22:44:45,1 days,advance
23:07:34,1 days,advance
23:09:01,1 days,advance
23:12:32,1 days,advance
23:13:00,1 days,advance
23:43:59,1 days,advance
23:58:10,1 days,advance
00:05:28,1 days,advance
00:14:23,1 days,advance
00:15:55,0 days,off-peak
00:22:20,0 days,off-peak
00:22:51,2 days,advance
00:27:52,0 days,off-peak
00:30:58,0 days,off-peak
00:34:10,0 days,off-peak
00:42:08,0 days,off-peak
01:00:12,0 days,off-peak
01:02:56,1 days,advance
01:10:17,1 days,advance
01:16:49,0 days,off-peak
01:22:51,0 days,off-peak
01:27:11,0 days,off-peak
01:39:39,1 days,advance
01:41:12,1 days,advance
01:59:51,1 days,advance
02:01:10,0 days,off-peak
02:02:22,1 days,advance
02:05:48,1 days,advance
02:08:55,1 days,advance
02:21:22,0 days,off-peak
02:46:44,0 days,off-peak
02:51:43,0 days,off-peak
02:56:48,0 days,off-peak
03:05:00,0 days,off-peak
03:20:34,1 days,advance
03:30:22,1 days,advance
03:33:27,1 days,advance
03:35:37,1 days,advance
03:36:21,1 days,advance
03:36:41,1 days,advance
03:38:19,1 days,advance
03:38:31,1 days,advance
03:40:20,1 days,advance
03:41:33,1 days,advance
03:42:35,1 days,advance
03:43:35,0 days,off-peak
03:57:15,1 days,advance
04:07:02,1 days,advance
04:33:57,0 days,off-peak
04:45:10,0 days,off-peak
04:47:12,0 days,off-peak
04:47:13,0 days,off-peak
04:53:10,0 days,off-peak
04:57:03,0 days,off-peak
05:03:04,0 days,off-peak
05:14:23,0 days,off-peak
05:21:45,0 days,off-peak
05:35:04,0 days,off-peak
05:46:46,0 days,off-peak
05:53:36,1 days,advance
06:01:07,0 days,off-peak
06:01:27,1 days,advance
06:02:28,1 days,advance
06:06:06,0 days,off-peak
06:06:48,0 days,off-peak
06:08:02,0 days,off-peak
06:11:04,0 days,off-peak
06:11:35,1 days,advance
06:11:40,0 days,off-peak
06:30:18,0 days,off-peak
06:30:23,0 days,off-peak
06:33:42,0 days,off-peak
06:36:35,0 days,off-peak
06:38:11,0 days,off-peak
06:38:20,0 days,off-peak
06:40:22,1 days,advance
06:53:10,0 days,off-peak
06:58:10,0 days,off-peak
07:18:32,0 days,off-peak
07:20:34,0 days,off-peak
07:22:01,0 days,off-peak
07:23:02,0 days,off-peak
07:24:05,0 days,off-peak
07:24:09,0 days,off-peak
07:25:54,0 days,off-peak
07:28:25,0 days,off-peak
07:28:56,0 days,off-peak
07:29:04,0 days,off-peak
07:35:49,0 days,off-peak
07:46:53,1 days,advance
07:47:05,1 days,advance
07:51:36,1 days,advance
07:51:45,0 days,off-peak
07:51:56,1 days,advance
07:52:02,1 days,advance
07:53:48,0 days,off-peak
08:04:42,1 days,advance
08:10:06,1 days,advance
08:11:56,0 days,off-peak
08:14:53,1 days,advance
08:16:01,1 days,advance
08:16:58,1 days,advance
08:20:36,1 days,advance
08:22:18,1 days,advance
08:25:43,1 days,advance
08:27:21,1 days,advance
08:28:59,1 days,advance
08:40:50,1 days,advance
08:49:01,1 days,advance
09:00:11,1 days,advance
09:00:29,1 days,advance
09:01:53,0 days,off-peak
09:04:48,1 days,advance
09:05:37,1 days,advance
09:08:05,1 days,advance
09:08:21,1 days,advance
09:11:48,1 days,advance
09:21:23,1 days,advance
09:23:00,0 days,off-peak
09:27:57,0 days,off-peak
09:31:51,0 days,off-peak
09:36:51,1 days,advance
09:37:49,0 days,off-peak
09:37:59,1 days,advance
09:44:38,1 days,advance
09:48:25,1 days,advance
10:15:21,1 days,advance
10:15:39,0 days,off-peak
10:22:04,1 days,advance
10:23:56,0 days,off-peak
10:35:53,1 days,advance
10:38:03,1 days,advance
10:38:48,0 days,off-peak
10:46:49,1 days,advance
11:15:56,0 days,off-peak
11:20:12,0 days,off-peak
11:29:00,0 days,off-peak
11:45:22,0 days,off-peak
11:46:09,0 days,off-peak
11:49:19,0 days,off-peak
11:51:50,0 days,off-peak
11:58:13,0 days,off-peak
12:10:38,0 days,off-peak
12:16:03,0 days,off-peak
12:18:57,0 days,off-peak
12:19:52,1 days,advance
12:20:03,0 days,off-peak
12:22:44,0 days,off-peak
12:28:09,0 days,off-peak
12:31:22,0 days,off-peak
12:33:00,1 days,advance
12:45:05,0 days,off-peak
12:52:31,1 days,advance
12:58:30,0 days,off-peak
13:00:30,1 days,advance
13:14:37,0 days,off-peak
13:15:42,0 days,off-peak
13:19:35,0 days,off-peak
13:26:06,0 days,off-peak
13:29:08,0 days,off-peak
13:34:01,0 days,off-peak
13:41:25,0 days,off-peak
13:56:39,1 days,advance
14:03:27,0 days,off-peak
14:11:06,1 days,advance
14:11:08,0 days,off-peak
14:24:36,0 days,off-peak
14:26:57,1 days,advance
14:29:10,0 days,off-peak
14:31:45,0 days,off-peak
14:37:07,0 days,off-peak
14:37:25,0 days,off-peak
14:38:11,0 days,off-peak
14:40:14,0 days,off-peak
14:42:31,1 days,advance
14:43:26,0 days,off-peak
14:44:40,0 days,off-peak
14:50:45,1 days,advance
14:51:55,0 days,off-peak
15:05:55,1 days,advance
15:07:59,1 days,advance
15:11:04,0 days,off-peak
15:16:05,1 days,advance
15:21:17,0 days,off-peak
15:22:37,0 days,off-peak
15:38:59,0 days,off-peak
15:40:46,0 days,off-peak
15:41:39,0 days,off-peak
15:44:27,1 days,advance
15:50:29,0 days,off-peak
15:53:04,1 days,advance
16:02:06,0 days,off-peak
16:09:24,0 days,off-peak
16:12:58,0 days,off-peak
16:17:29,1 days,advance
16:17:52,0 days,off-peak
16:40:52,0 days,off-peak
16:52:01,0 days,off-peak
17:00:28,0 days,off-peak
17:01:39,0 days,off-peak
17:05:58,0 days,off-peak
17:14:02,0 days,off-peak
17:15:32,0 days,off-peak
17:17:07,0 days,off-peak
17:18:11,1 days,advance
17:18:11,0 days,off-peak
17:18:38,1 days,advance
17:18:51,0 days,off-peak
17:19:38,0 days,off-peak
17:20:56,0 days,off-peak
17:21:21,0 days,off-peak
17:21:50,0 days,off-peak
17:23:18,0 days,off-peak
17:23:18,1 days,advance
17:23:55,0 days,off-peak
17:28:14,0 days,off-peak
17:28:51,0 days,off-peak
17:31:27,1 days,advance
17:33:55,1 days,advance
17:34:34,1 days,advance
17:38:09,1 days,advance
17:38:57,1 days,advance
17:40:56,1 days,advance
17:43:44,1 days,advance
17:47:59,0 days,off-peak
17:48:35,1 days,advance
17:50:20,1 days,advance
17:52:45,1 days,advance
17:53:11,1 days,advance
18:02:51,1 days,advance
18:03:29,0 days,off-peak
18:07:52,1 days,advance
18:10:51,1 days,advance
18:23:21,0 days,off-peak
18:23:37,0 days,off-peak
18:27:52,1 days,advance
18:30:26,0 days,off-peak
18:33:40,1 days,advance
18:40:14,1 days,advance
18:44:18,0 days,off-peak
18:45:15,0 days,off-peak
18:47:50,0 days,off-peak
18:50:19,1 days,advance
19:04:33,0 days,off-peak
19:07:29,0 days,off-peak
19:23:23,0 days,off-peak
19:24:26,1 days,advance
19:27:52,1 days,advance
19:31:30,1 days,advance
19:34:13,1 days,advance
19:34:34,1 days,advance
19:39:09,1 days,advance
20:10:33,1 days,advance
20:18:55,1 days,advance
20:21:31,1 days,advance
20:21:39,1 days,advance
20:24:02,1 days,advance
20:24:04,1 days,advance
20:24:18,1 days,advance
20:25:24,1 days,advance
20:26:50,1 days,advance
20:27:45,1 days,advance
20:30:24,1 days,advance
20:34:13,1 days,advance
20:41:04,0 days,off-peak
20:51:26,0 days,off-peak
20:51:47,1 days,advance
20:53:21,0 days,off-peak
20:54:01,0 days,off-peak
21:21:09,1 days,advance
21:44:03,1 days,advance
22:11:11,1 days,advance
22:37:26,1 days,advance
22:37:57,1 days,advance
22:38:18,1 days,advance
23:01:28,1 days,advance
23:07:36,1 days,advance
23:09:21,1 days,advance
23:31:23,1 days,advance
23:43:08,1 days,advance
23:46:51,1 days,advance
23:55:53,1 days,advance
00:15:14,0 days,off-peak
00:17:58,0 days,off-peak
00:20:05,2 days,advance
00:20:56,0 days,off-peak
00:23:06,0 days,off-peak
00:23:52,0 days,off-peak
00:29:44,2 days,advance
00:32:45,1 days,advance
00:41:17,0 days,off-peak
01:02:08,1 days,advance
01:12:27,1 days,advance
01:14:14,0 days,off-peak
01:16:37,0 days,off-peak
01:17:34,1 days,advance
01:17:43,1 days,advance
01:26:44,1 days,advance
01:29:10,1 days,advance
01:38:20,1 days,advance
01:46:37,0 days,off-peak
02:31:37,0 days,off-peak
02:42:58,1 days,advance
03:06:07,0 days,off-peak
03:12:29,1 days,advance
03:14:56,0 days,off-peak
03:15:22,0 days,off-peak
03:16:49,1 days,advance
03:18:19,1 days,advance
03:23:42,1 days,advance
03:43:59,1 days,advance
03:45:12,1 days,advance
03:48:16,1 days,advance
04:03:40,1 days,advance
04:03:53,1 days,advance
04:24:18,0 days,off-peak
04:25:59,1 days,advance
04:46:32,0 days,off-peak
04:53:11,0 days,off-peak
05:00:09,0 days,off-peak
05:03:23,0 days,off-peak
05:03:52,0 days,off-peak
05:04:38,0 days,off-peak
05:05:06,1 days,advance
05:07:13,0 days,off-peak
05:10:09,0 days,off-peak
05:10:21,0 days,off-peak
05:13:43,0 days,off-peak
05:29:42,0 days,off-peak
05:39:07,1 days,advance
05:41:24,0 days,off-peak
05:41:50,0 days,off-peak
05:45:56,0 days,off-peak
05:53:14,0 days,off-peak
05:54:42,0 days,off-peak
06:02:05,0 days,off-peak
06:04:20,0 days,off-peak
06:06:47,0 days,off-peak
06:07:32,0 days,off-peak
06:14:31,1 days,advance
06:30:04,0 days,off-peak
06:31:23,0 days,off-peak
06:32:47,0 days,off-peak
06:33:47,0 days,off-peak
06:34:50,0 days,off-peak
06:36:48,1 days,advance
06:40:12,0 days,off-peak
06:42:48,0 days,off-peak
06:43:36,0 days,off-peak
06:50:16,1 days,advance
06:58:01,1 days,advance
07:08:50,0 days,off-peak
07:09:47,1 days,advance
07:18:21,0 days,off-peak
07:18:47,0 days,off-peak
07:19:09,0 days,off-peak
07:24:07,1 days,advance
07:24:14,0 days,off-peak
07:25:12,0 days,off-peak
07:28:04,0 days,off-peak
07:28:24,0 days,off-peak
07:29:30,0 days,off-peak
07:35:41,0 days,off-peak
07:37:57,1 days,advance
07:46:11,1 days,advance
07:49:07,1 days,advance
07:49:16,1 days,advance
07:50:42,1 days,advance
07:52:17,0 days,off-peak
07:55:14,1 days,advance
07:56:36,1 days,advance
07:59:00,1 days,advance
07:59:45,1 days,advance
08:04:54,1 days,advance
08:05:08,1 days,advance
08:05:21,1 days,advance
08:09:43,1 days,advance
08:10:30,1 days,advance
08:10:34,1 days,advance
08:11:45,1 days,advance
08:13:07,1 days,advance
08:16:24,1 days,advance
08:17:36,1 days,advance
08:17:47,1 days,advance
08:18:06,1 days,advance
08:18:49,1 days,advance
08:20:39,1 days,advance
08:24:22,1 days,advance
08:24:59,1 days,advance
08:38:57,1 days,advance
09:00:06,1 days,advance
09:01:03,1 days,advance
09:01:42,1 days,advance
09:02:17,1 days,advance
09:06:09,0 days,off-peak
09:14:32,1 days,advance
09:30:15,1 days,advance
09:33:21,0 days,off-peak
09:36:11,0 days,off-peak
09:40:32,1 days,advance
09:40:34,1 days,advance
09:41:03,1 days,advance
09:43:14,1 days,advance
09:44:40,1 days,advance
09:46:09,1 days,advance
09:56:10,1 days,advance
10:21:34,1 days,advance
10:25:19,1 days,advance
10:26:07,0 days,off-peak
10:33:42,1 days,advance
10:35:27,1 days,advance
10:46:40,0 days,off-peak
10:51:08,1 days,advance
10:56:10,1 days,advance
11:08:29,1 days,advance
11:17:14,0 days,off-peak
11:33:40,0 days,off-peak
11:37:16,1 days,advance
11:41:46,1 days,advance
11:53:02,1 days,advance
11:56:24,0 days,off-peak
12:00:22,0 days,off-peak
12:09:30,0 days,off-peak
12:24:13,0 days,off-peak
12:40:06,0 days,off-peak
13:19:38,0 days,off-peak
13:24:51,1 days,advance
13:31:28,1 days,advance
13:48:45,0 days,off-peak
13:55:25,1 days,advance
13:58:37,0 days,off-peak
14:06:05,1 days,advance
14:17:38,0 days,off-peak
14:20:35,0 days,off-peak
14:30:11,1 days,advance
14:33:28,0 days,off-peak
14:34:39,1 days,advance
14:38:13,0 days,off-peak
14:38:50,0 days,off-peak
14:41:20,0 days,off-peak
14:41:35,0 days,off-peak
14:47:56,0 days,off-peak
14:51:58,0 days,off-peak
14:53:11,1 days,advance
14:54:46,1 days,advance
15:14:12,0 days,off-peak
15:18:28,0 days,off-peak
15:20:29,0 days,off-peak
15:21:25,0 days,off-peak
15:22:29,1 days,advance
15:23:46,0 days,off-peak
15:30:58,0 days,off-peak
15:35:13,0 days,off-peak
15:35:29,0 days,off-peak
15:42:44,0 days,off-peak
15:46:28,0 days,off-peak
15:46:52,1 days,advance
15:48:40,1 days,advance
15:55:06,1 days,advance
15:56:35,0 days,off-peak
15:59:38,1 days,advance
16:07:57,0 days,off-peak
16:13:34,0 days,off-peak
16:14:30,0 days,off-peak
16:15:11,1 days,advance
16:15:28,0 days,off-peak
16:28:37,1 days,advance
16:39:15,1 days,advance
16:44:57,0 days,off-peak
17:00:10,0 days,off-peak
17:15:50,0 days,off-peak
17:16:38,0 days,off-peak
17:17:00,0 days,off-peak
17:17:15,1 days,advance
17:18:23,0 days,off-peak
17:19:12,1 days,advance
17:19:47,0 days,off-peak
17:21:00,0 days,off-peak
17:21:15,0 days,off-peak
17:21:42,0 days,off-peak
17:23:14,0 days,off-peak
17:29:15,0 days,off-peak
17:30:01,1 days,advance
17:30:40,1 days,advance
17:33:31,1 days,advance
17:33:33,0 days,off-peak
17:38:46,1 days,advance
17:38:53,1 days,advance
17:40:46,1 days,advance
17:46:15,1 days,advance
17:46:57,1 days,advance
17:47:08,1 days,advance
17:48:47,1 days,advance
17:53:36,1 days,advance
18:19:09,0 days,off-peak
18:36:12,1 days,advance
18:36:47,1 days,advance
18:40:05,1 days,advance
18:41:33,1 days,advance
18:42:13,0 days,off-peak
18:53:57,0 days,off-peak
18:54:24,0 days,off-peak
18:57:26,0 days,off-peak
19:20:14,1 days,advance
19:22:07,1 days,advance
19:25:52,1 days,advance
19:26:05,1 days,advance
19:34:44,1 days,advance
19:42:40,1 days,advance
19:58:04,1 days,advance
20:00:58,0 days,off-peak
20:07:02,1 days,advance
20:07:26,1 days,advance
20:15:54,1 days,advance
20:16:28,1 days,advance
20:20:07,1 days,advance
20:21:31,1 days,advance
20:22:41,0 days,off-peak
20:23:59,1 days,advance
20:25:20,1 days,advance
20:27:54,1 days,advance
20:30:14,1 days,advance
20:31:02,0 days,off-peak
20:31:34,1 days,advance
20:37:58,0 days,off-peak
20:57:41,0 days,off-peak
21:22:10,1 days,advance
21:45:57,1 days,advance
21:50:29,1 days,advance
21:52:50,1 days,advance
21:52:58,1 days,advance
21:56:04,1 days,advance
22:44:32,1 days,advance
23:07:31,1 days,advance
23:07:55,1 days,advance
23:09:18,1 days,advance
23:39:28,1 days,advance
23:53:42,1 days,advance
23:57:02,1 days,advance
23:59:21,1 days,advance
00:05:15,1 days,advance
00:06:14,0 days,off-peak
00:20:55,0 days,off-peak
00:22:25,0 days,off-peak
00:24:15,0 days,off-peak
00:30:39,0 days,off-peak
00:34:52,0 days,off-peak
00:38:21,0 days,off-peak
00:39:48,0 days,off-peak
00:40:39,0 days,off-peak
00:42:06,0 days,off-peak
00:50:50,0 days,off-peak
01:00:18,1 days,advance
01:02:47,0 days,off-peak
01:11:36,0 days,off-peak
01:19:46,1 days,advance
01:20:02,1 days,advance
01:21:50,1 days,advance
01:27:57,0 days,off-peak
01:28:20,1 days,advance
01:33:02,1 days,advance
01:37:55,1 days,advance
01:39:26,1 days,advance
01:39:57,1 days,advance
01:58:15,1 days,advance
02:06:15,1 days,advance
02:48:38,0 days,off-peak
02:55:06,0 days,off-peak
03:07:42,0 days,off-peak
03:07:51,1 days,advance
03:07:58,0 days,off-peak
03:10:52,1 days,advance
03:11:39,1 days,advance
03:13:51,1 days,advance
03:14:07,0 days,off-peak
03:23:22,1 days,advance
03:30:37,1 days,advance
03:32:46,1 days,advance
03:34:17,1 days,advance
03:37:12,1 days,advance
03:51:18,1 days,advance
03:54:02,0 days,off-peak
04:11:25,1 days,advance
04:19:52,0 days,off-peak
04:49:16,1 days,advance
04:50:43,0 days,anytime
04:54:52,0 days,anytime
04:58:45,0 days,anytime
05:03:01,0 days,anytime
05:11:26,0 days,anytime
05:12:32,0 days,anytime
05:12:45,0 days,anytime
05:18:08,0 days,anytime
05:19:59,0 days,anytime
05:20:29,0 days,anytime
05:44:03,1 days,advance
05:46:24,1 days,advance
06:00:57,0 days,anytime
06:00:58,0 days,anytime
06:02:58,0 days,anytime
06:04:25,1 days,advance
06:06:57,0 days,anytime
06:08:46,0 days,anytime
06:08:59,0 days,anytime
06:10:49,0 days,anytime
06:11:13,0 days,anytime
06:11:23,1 days,advance
06:12:32,0 days,anytime
06:14:07,0 days,anytime
06:14:19,1 days,advance
06:14:24,1 days,advance
06:34:06,0 days,anytime
06:35:06,0 days,anytime
06:36:38,0 days,anytime
06:38:27,0 days,anytime
06:42:00,0 days,anytime
06:44:08,0 days,anytime
06:54:43,0 days,anytime
07:03:11,1 days,advance
07:05:43,1 days,advance
07:09:01,0 days,anytime
07:09:37,1 days,advance
07:11:32,1 days,advance
07:15:16,0 days,anytime
07:15:33,0 days,anytime
07:15:44,0 days,anytime
07:18:05,0 days,anytime
07:19:07,0 days,anytime
07:22:17,1 days,advance
07:23:09,1 days,advance
07:25:00,1 days,advance
07:26:30,0 days,anytime
07:30:35,0 days,off-peak
07:32:05,0 days,off-peak
07:44:23,0 days,anytime
07:48:29,1 days,advance
07:54:46,1 days,advance
07:55:06,0 days,off-peak
07:55:23,1 days,advance
07:58:21,1 days,advance
08:00:31,1 days,advance
08:03:06,1 days,advance
08:03:44,1 days,advance
08:09:42,1 days,advance
08:11:13,0 days,off-peak
08:13:33,0 days,off-peak
08:13:35,1 days,advance
08:17:05,1 days,advance
08:17:12,1 days,advance
08:19:07,1 days,advance
08:21:11,1 days,advance
08:21:19,1 days,advance
08:21:35,1 days,advance
08:21:57,1 days,advance
08:24:07,1 days,advance
08:42:12,1 days,advance
09:10:41,1 days,advance
09:12:23,1 days,advance
09:14:58,0 days,off-peak
09:23:02,1 days,advance
09:25:43,0 days,off-peak
09:29:20,1 days,advance
09:30:38,1 days,advance
09:31:13,0 days,off-peak
09:31:27,1 days,advance
09:32:53,1 days,advance
09:33:17,0 days,off-peak
09:35:17,1 days,advance
09:35:43,1 days,advance
09:35:47,1 days,advance
09:36:07,0 days,off-peak
09:37:06,1 days,advance
09:37:40,1 days,advance
09:37:51,0 days,off-peak
09:37:57,1 days,advance
09:39:23,1 days,advance
09:40:24,1 days,advance
09:42:07,1 days,advance
09:43:36,1 days,advance
09:44:07,1 days,advance
09:44:32,1 days,advance
09:56:45,0 days,off-peak
09:57:30,0 days,off-peak
10:16:09,1 days,advance
10:23:48,1 days,advance
10:28:17,0 days,off-peak
10:29:38,0 days,off-peak
10:29:40,1 days,advance
10:32:25,1 days,advance
10:33:54,0 days,off-peak
10:37:26,1 days,advance
10:37:58,1 days,advance
10:39:01,1 days,advance
10:41:23,0 days,off-peak
10:41:54,0 days,off-peak
10:56:17,1 days,advance
11:17:14,0 days,off-peak
11:24:29,1 days,advance
11:37:25,0 days,off-peak
11:45:04,1 days,advance
11:54:02,0 days,off-peak
11:54:43,0 days,off-peak
11:56:05,1 days,advance
12:03:08,1 days,advance
12:20:03,0 days,off-peak
12:20:11,0 days,off-peak
12:28:29,0 days,off-peak
12:30:08,0 days,off-peak
12:32:30,0 days,off-peak
12:39:30,0 days,off-peak
12:46:23,1 days,advance
13:32:31,0 days,off-peak
13:36:24,1 days,advance
13:37:40,0 days,off-peak
13:42:50,1 days,advance
13:54:11,0 days,off-peak
14:08:51,0 days,off-peak
14:15:48,1 days,advance
14:15:54,0 days,off-peak
14:17:13,0 days,off-peak
14:28:23,0 days,off-peak
14:37:03,0 days,anytime
14:37:26,0 days,anytime
14:37:39,0 days,anytime
14:39:08,0 days,anytime
14:42:51,0 days,anytime
14:44:44,0 days,anytime
14:44:56,0 days,anytime
14:46:18,0 days,anytime
14:47:16,0 days,anytime
15:03:17,0 days,off-peak
15:04:21,0 days,off-peak
15:14:33,1 days,advance
15:16:40,0 days,anytime
15:23:21,1 days,advance
15:27:39,1 days,advance
15:36:10,1 days,advance
15:41:06,0 days,anytime
15:46:43,1 days,advance
15:49:03,0 days,anytime
15:49:16,0 days,anytime
15:49:50,1 days,advance
15:50:00,1 days,advance
15:59:25,0 days,anytime
16:01:52,1 days,advance
16:02:28,0 days,anytime
16:05:27,0 days,anytime
16:05:36,0 days,anytime
16:07:10,1 days,advance
16:08:38,0 days,anytime
16:09:45,0 days,anytime
16:13:51,0 days,anytime
16:16:52,1 days,advance
16:17:59,0 days,anytime
16:22:55,0 days,anytime
16:25:32,0 days,anytime
16:29:50,0 days,anytime
17:00:18,1 days,advance
17:00:27,0 days,anytime
17:02:35,1 days,advance
17:06:27,0 days,anytime
17:09:14,1 days,advance
17:13:59,0 days,anytime
17:15:23,1 days,advance
17:15:38,0 days,anytime
17:16:26,0 days,anytime
17:16:52,0 days,anytime
17:17:08,0 days,anytime
17:23:53,0 days,anytime
17:27:09,0 days,anytime
17:30:11,1 days,advance
17:33:05,1 days,advance
17:33:26,1 days,advance
17:34:11,1 days,advance
17:34:31,1 days,advance
17:35:09,1 days,advance
17:35:49,1 days,advance
17:41:50,1 days,advance
17:46:27,1 days,advance
17:46:52,1 days,advance
17:53:08,1 days,advance
17:53:25,1 days,advance
17:58:48,0 days,off-peak
18:19:53,0 days,anytime
18:20:21,0 days,off-peak
18:31:49,0 days,off-peak
18:33:49,0 days,off-peak
18:36:47,0 days,off-peak
18:36:47,1 days,advance
18:41:20,1 days,advance
18:45:25,0 days,off-peak
18:45:30,0 days,off-peak
18:45:47,1 days,advance
18:50:38,1 days,advance
18:54:34,1 days,advance
19:19:21,1 days,advance
19:21:26,1 days,advance
19:22:13,0 days,off-peak
19:24:17,1 days,advance
19:26:20,1 days,advance
19:28:59,1 days,advance
19:34:03,1 days,advance
19:38:27,1 days,advance
20:00:15,1 days,advance
20:01:17,1 days,advance
20:06:03,0 days,off-peak
20:09:12,1 days,advance
20:09:49,0 days,off-peak
20:12:08,0 days,off-peak
20:16:44,1 days,advance
20:17:02,1 days,advance
20:18:48,1 days,advance
20:19:06,1 days,advance
20:21:05,1 days,advance
20:22:08,1 days,advance
20:24:03,1 days,advance
20:25:30,1 days,advance
20:26:13,1 days,advance
20:29:26,1 days,advance
20:32:00,1 days,advance
20:32:03,1 days,advance
20:38:53,1 days,advance
21:19:55,1 days,advance
21:40:29,1 days,advance
21:43:46,1 days,advance
22:31:54,1 days,advance
22:35:57,1 days,advance
22:37:03,1 days,advance
22:38:38,1 days,advance
22:41:59,1 days,advance
22:42:34,1 days,advance
22:52:41,1 days,advance
23:01:45,1 days,advance
23:02:18,1 days,advance
23:04:13,1 days,advance
23:05:28,1 days,advance
23:36:17,1 days,advance
23:50:00,1 days,advance
23:54:47,1 days,advance
23:57:15,1 days,advance
23:59:32,1 days,advance
00:10:32,0 days,off-peak
00:19:52,0 days,off-peak
00:25:26,0 days,off-peak
00:34:58,2 days,advance
00:39:55,0 days,off-peak
00:43:57,0 days,off-peak
00:47:48,0 days,off-peak
00:50:13,0 days,off-peak
00:51:34,0 days,off-peak
00:55:28,0 days,off-peak
01:02:47,0 days,off-peak
01:04:02,1 days,advance
01:05:11,1 days,advance
01:12:45,1 days,advance
01:13:13,1 days,advance
01:15:55,0 days,off-peak
01:25:15,0 days,off-peak
01:29:23,1 days,advance
02:08:15,0 days,off-peak
02:31:17,1 days,advance
02:36:00,0 days,off-peak
03:09:11,0 days,off-peak
03:17:30,0 days,off-peak
03:27:59,1 days,advance
03:31:37,1 days,advance
03:31:42,1 days,advance
03:33:56,1 days,advance
03:40:28,1 days,advance
03:41:31,0 days,off-peak
03:46:43,0 days,off-peak
03:58:07,0 days,off-peak
04:23:42,0 days,off-peak
04:25:12,0 days,off-peak
04:29:18,1 days,advance
04:43:28,0 days,anytime
04:49:52,0 days,anytime
04:50:40,0 days,anytime
04:56:30,0 days,anytime
04:56:49,0 days,anytime
05:00:23,0 days,anytime
05:00:48,0 days,anytime
05:01:33,0 days,anytime
05:03:08,0 days,anytime
05:07:42,0 days,anytime
05:10:05,0 days,anytime
05:12:15,0 days,anytime
05:13:15,0 days,anytime
05:14:09,0 days,anytime
05:14:24,0 days,anytime
05:23:47,0 days,anytime
05:24:56,0 days,anytime
05:50:21,0 days,anytime
05:51:03,1 days,advance
05:53:36,0 days,off-peak
05:55:11,0 days,anytime
05:57:35,1 days,advance
06:01:40,1 days,advance
06:04:57,0 days,anytime
06:07:00,0 days,anytime
06:10:11,1 days,advance
06:15:42,0 days,anytime
06:17:28,1 days,advance
06:20:07,0 days,anytime
06:28:27,0 days,anytime
06:31:26,0 days,anytime
06:34:57,0 days,anytime
06:35:42,0 days,anytime
06:36:06,0 days,anytime
06:38:08,0 days,anytime
06:38:34,0 days,anytime
06:43:33,0 days,anytime
06:49:27,1 days,advance
06:52:46,0 days,anytime
07:17:41,0 days,anytime
07:23:26,0 days,anytime
07:24:14,0 days,anytime
07:48:56,0 days,off-peak
07:50:43,0 days,anytime
07:52:31,1 days,advance
07:53:29,1 days,advance
07:57:53,0 days,off-peak
07:58:40,0 days,off-peak
08:00:22,1 days,advance
08:02:38,1 days,advance
08:03:14,1 days,advance
08:06:34,1 days,advance
08:09:06,1 days,advance
08:19:41,1 days,advance
08:21:20,1 days,advance
08:21:36,1 days,advance
08:22:23,0 days,off-peak
08:25:34,1 days,advance
08:27:58,1 days,advance
08:47:39,1 days,advance
09:04:55,1 days,advance
09:05:02,0 days,off-peak
09:08:55,0 days,off-peak
09:10:20,1 days,advance
09:11:37,1 days,advance
09:12:34,0 days,off-peak
09:14:38,1 days,advance
09:36:04,1 days,advance
09:37:22,1 days,advance
09:39:41,1 days,advance
09:40:07,0 days,off-peak
09:41:14,1 days,advance
09:50:13,0 days,off-peak
09:56:33,0 days,off-peak
10:22:02,0 days,off-peak
10:23:23,0 days,off-peak
10:26:32,1 days,advance
10:27:37,1 days,advance
10:40:51,0 days,off-peak
10:46:34,1 days,advance
10:46:51,1 days,advance
10:46:57,0 days,off-peak
10:53:52,0 days,off-peak
11:20:40,0 days,off-peak
11:20:40,0 days,off-peak
11:33:15,0 days,off-peak
11:49:15,1 days,advance
11:53:20,0 days,off-peak
11:54:28,1 days,advance
11:54:42,1 days,advance
12:10:45,1 days,advance
12:20:49,0 days,off-peak
12:23:23,0 days,off-peak
12:30:50,1 days,advance
12:35:38,1 days,advance
12:37:32,1 days,advance
12:37:36,1 days,advance
13:03:18,1 days,advance
13:04:15,0 days,off-peak
13:10:09,0 days,off-peak
13:20:53,0 days,off-peak
13:32:28,0 days,off-peak
13:40:09,1 days,advance
13:41:36,1 days,advance
13:42:13,1 days,advance
13:57:36,0 days,off-peak
14:07:07,0 days,off-peak
14:12:00,0 days,off-peak
14:15:38,0 days,off-peak
14:17:54,0 days,off-peak
14:31:01,0 days,anytime
14:31:54,1 days,advance
14:39:15,0 days,anytime
14:39:40,0 days,anytime
14:39:46,1 days,advance
14:41:16,0 days,anytime
14:42:10,0 days,anytime
14:42:16,0 days,anytime
14:46:45,1 days,advance
14:50:04,0 days,anytime
14:50:42,0 days,anytime
14:51:02,1 days,advance
14:52:14,0 days,anytime
14:53:12,0 days,anytime
14:54:56,0 days,anytime
14:58:42,1 days,advance
14:58:58,1 days,advance
14:59:57,1 days,advance
15:00:48,1 days,advance
15:06:56,0 days,anytime
15:07:05,1 days,advance
15:07:20,1 days,advance
15:07:30,0 days,off-peak
15:08:10,0 days,anytime
15:09:24,0 days,anytime
15:13:02,0 days,anytime
15:15:42,0 days,anytime
15:20:10,1 days,advance
15:29:43,1 days,advance
15:31:23,1 days,advance
15:32:07,0 days,anytime
15:52:30,1 days,advance
15:55:13,0 days,anytime
15:57:44,0 days,anytime
15:59:46,0 days,anytime
16:08:30,0 days,anytime
16:11:15,0 days,anytime
16:24:40,0 days,anytime
16:26:51,1 days,advance
16:35:29,0 days,anytime
17:01:33,0 days,anytime
17:05:34,1 days,advance
17:08:02,0 days,anytime
17:10:02,0 days,anytime
17:12:34,0 days,anytime
17:15:10,1 days,advance
17:17:41,0 days,anytime
17:17:47,0 days,anytime
17:18:27,0 days,anytime
17:19:32,0 days,anytime
17:20:08,0 days,anytime
17:20:34,0 days,anytime
17:20:59,1 days,advance
17:21:01,0 days,anytime
17:22:41,1 days,advance
17:23:00,1 days,advance
17:28:45,1 days,advance
17:29:05,0 days,anytime
17:29:46,0 days,anytime
17:35:01,1 days,advance
17:40:21,0 days,off-peak
17:44:49,0 days,off-peak
17:50:33,0 days,off-peak
18:10:15,0 days,anytime
18:16:41,0 days,anytime
18:35:41,1 days,advance
18:36:09,1 days,advance
18:38:53,1 days,advance
18:41:25,1 days,advance
18:42:26,0 days,off-peak
18:43:25,1 days,advance
18:44:32,1 days,advance
18:48:53,1 days,advance
18:50:00,1 days,advance
18:51:04,1 days,advance
18:54:04,1 days,advance
18:55:05,1 days,advance
18:56:13,1 days,advance
18:56:23,1 days,advance
18:57:03,1 days,advance
19:22:50,1 days,advance
19:24:56,1 days,advance
19:33:01,1 days,advance
19:33:06,1 days,advance
19:34:37,1 days,advance
19:34:50,1 days,advance
19:34:58,1 days,advance
19:40:48,1 days,advance
19:51:25,1 days,advance
20:00:28,1 days,advance
20:03:58,0 days,off-peak
20:04:25,1 days,advance
20:05:13,1 days,advance
20:18:03,1 days,advance
20:18:27,1 days,advance
20:18:39,1 days,advance
20:19:29,1 days,advance
20:21:23,1 days,advance
20:21:28,1 days,advance
20:23:08,1 days,advance
20:23:21,1 days,advance
20:23:37,1 days,advance
20:25:12,1 days,advance
20:26:09,1 days,advance
20:27:34,1 days,advance
20:28:58,1 days,advance
20:29:20,1 days,advance
20:29:48,1 days,advance
20:31:32,1 days,advance
20:41:20,0 days,off-peak
20:46:47,0 days,off-peak
20:47:29,0 days,off-peak
20:56:09,0 days,off-peak
21:31:23,1 days,advance
22:03:35,1 days,advance
22:31:23,1 days,advance
22:31:28,1 days,advance
22:34:03,1 days,advance
22:38:13,1 days,advance
22:56:08,1 days,advance
22:59:17,1 days,advance
23:00:20,1 days,advance
23:00:29,1 days,advance
23:02:43,1 days,advance
23:07:06,1 days,advance
23:10:31,1 days,advance
23:11:01,1 days,advance
23:46:15,1 days,advance
00:11:38,1 days,advance
00:20:50,2 days,advance
00:27:07,0 days,off-peak
01:03:56,0 days,off-peak
01:16:36,0 days,off-peak
01:17:09,0 days,off-peak
01:17:11,0 days,off-peak
01:17:19,1 days,advance
01:26:54,0 days,off-peak
01:33:42,1 days,advance
01:36:31,1 days,advance
01:43:47,1 days,advance
01:53:04,0 days,off-peak
01:53:11,1 days,advance
02:11:22,1 days,advance
02:43:28,1 days,advance
02:50:33,0 days,off-peak
02:52:59,0 days,off-peak
02:58:30,0 days,off-peak
02:59:54,0 days,off-peak
03:00:12,1 days,advance
03:00:24,1 days,advance
03:17:02,1 days,advance
03:22:02,1 days,advance
03:43:07,1 days,advance
03:54:48,1 days,advance
04:00:17,0 days,off-peak
04:09:12,0 days,off-peak
04:17:44,0 days,off-peak
04:21:27,1 days,advance
04:37:54,1 days,advance
04:45:26,1 days,advance
04:53:51,0 days,anytime
04:59:58,0 days,anytime
05:04:35,0 days,anytime
05:08:46,0 days,anytime
05:09:05,0 days,anytime
05:09:53,0 days,anytime
05:11:10,1 days,advance
05:11:20,0 days,anytime
05:12:09,0 days,anytime
05:12:27,0 days,anytime
05:14:44,0 days,anytime
05:28:10,0 days,anytime
05:45:01,0 days,anytime
05:57:46,0 days,anytime
05:58:38,1 days,advance
06:05:59,1 days,advance
06:06:44,0 days,anytime
06:22:53,0 days,anytime
06:28:32,0 days,anytime
06:33:17,1 days,advance
06:34:14,0 days,anytime
06:39:01,0 days,anytime
06:43:03,1 days,advance
07:05:10,1 days,advance
07:13:43,0 days,anytime
07:15:02,0 days,anytime
07:15:22,0 days,anytime
07:15:36,0 days,anytime
07:19:44,0 days,anytime
07:23:46,0 days,anytime
07:24:23,0 days,anytime
07:24:55,0 days,anytime
07:25:06,0 days,anytime
07:26:46,0 days,anytime
07:28:04,1 days,advance
07:35:12,1 days,advance
07:38:10,0 days,off-peak
07:46:41,1 days,advance
07:47:46,1 days,advance
07:48:31,1 days,advance
07:48:46,1 days,advance
07:50:27,1 days,advance
07:51:46,1 days,advance
07:56:01,1 days,advance
07:57:50,0 days,off-peak
08:01:31,1 days,advance
08:02:53,1 days,advance
08:06:58,1 days,advance
08:08:41,1 days,advance
08:15:01,1 days,advance
08:17:35,0 days,off-peak
08:17:43,1 days,advance
08:37:06,1 days,advance
08:58:11,0 days,off-peak
08:58:17,0 days,off-peak
08:59:35,1 days,advance
09:00:20,1 days,advance
09:02:16,1 days,advance
09:03:21,1 days,advance
09:03:31,1 days,advance
09:13:56,1 days,advance
09:32:54,0 days,off-peak
09:35:36,0 days,off-peak
09:39:09,0 days,off-peak
09:40:43,0 days,off-peak
09:40:45,0 days,off-peak
09:41:12,1 days,advance
09:41:39,0 days,off-peak
09:54:07,1 days,advance
10:26:43,1 days,advance
10:27:41,0 days,off-peak
10:28:21,1 days,advance
10:28:59,0 days,off-peak
10:29:49,1 days,advance
10:30:21,0 days,off-peak
10:36:07,0 days,off-peak
10:40:35,0 days,off-peak
10:40:40,0 days,off-peak
10:50:10,1 days,advance
11:04:17,0 days,off-peak
11:52:59,1 days,advance
11:55:38,1 days,advance
11:57:25,0 days,off-peak
11:59:24,1 days,advance
12:03:13,0 days,off-peak
12:05:10,0 days,off-peak
12:12:09,0 days,off-peak
12:22:52,0 days,off-peak
12:25:26,0 days,off-peak
12:25:42,0 days,off-peak
12:49:08,1 days,advance
12:58:19,0 days,off-peak
13:05:04,1 days,advance
13:07:43,0 days,off-peak
13:15:15,0 days,off-peak
13:30:10,1 days,advance
13:32:31,1 days,advance
13:34:51,0 days,off-peak
13:37:21,1 days,advance
13:39:51,1 days,advance
14:01:13,0 days,off-peak
14:02:44,1 days,advance
14:16:10,1 days,advance
14:18:38,1 days,advance
14:18:44,0 days,off-peak
14:23:04,1 days,advance
14:30:25,0 days,anytime
14:33:09,0 days,anytime
14:35:03,0 days,anytime
14:37:35,0 days,anytime
14:39:27,0 days,anytime
14:40:32,0 days,anytime
14:42:35,0 days,anytime
14:45:17,0 days,anytime
14:46:28,0 days,anytime
14:53:19,0 days,anytime
15:13:28,1 days,advance
15:14:00,0 days,anytime
15:19:12,0 days,anytime
15:30:05,0 days,anytime
15:33:53,0 days,anytime
15:37:20,0 days,anytime
15:41:29,0 days,anytime
15:45:00,0 days,anytime
15:53:11,1 days,advance
15:54:00,0 days,anytime
15:54:26,0 days,anytime
15:56:53,0 days,anytime
15:59:44,0 days,anytime
16:10:18,0 days,anytime
16:22:50,0 days,anytime
16:23:36,1 days,advance
16:31:20,0 days,anytime
16:33:47,0 days,anytime
16:34:14,1 days,advance
16:36:22,1 days,advance
16:40:35,1 days,advance
16:48:08,1 days,advance
17:11:19,0 days,anytime
17:15:53,0 days,anytime
17:19:51,0 days,anytime
17:21:03,0 days,anytime
17:21:31,0 days,anytime
17:21:47,0 days,anytime
17:21:51,0 days,anytime
17:22:43,0 days,anytime
17:29:35,0 days,anytime
17:33:50,1 days,advance
17:34:26,1 days,advance
17:37:58,1 days,advance
17:41:07,1 days,advance
17:53:51,1 days,advance
17:55:18,1 days,advance
17:57:07,1 days,advance
18:12:07,0 days,anytime
18:12:59,0 days,anytime
18:18:49,0 days,anytime
18:22:03,0 days,anytime
18:48:08,1 days,advance
18:51:12,0 days,off-peak
18:51:15,0 days,off-peak
18:51:36,0 days,off-peak
19:00:50,1 days,advance
19:06:25,0 days,off-peak
19:08:42,0 days,off-peak
19:25:57,1 days,advance
19:34:22,1 days,advance
19:34:36,1 days,advance
19:34:56,1 days,advance
19:35:54,1 days,advance
20:12:52,1 days,advance
20:15:07,1 days,advance
20:15:32,1 days,advance
20:15:54,1 days,advance
20:17:30,1 days,advance
20:18:30,1 days,advance
20:18:42,1 days,advance
20:21:57,1 days,advance
20:25:18,1 days,advance
20:26:18,1 days,advance
20:27:15,1 days,advance
20:27:40,1 days,advance
20:27:41,1 days,advance
20:27:44,1 days,advance
20:29:13,1 days,advance
20:32:12,1 days,advance
21:00:36,1 days,advance
21:48:27,1 days,advance
21:51:40,1 days,advance
21:53:56,1 days,advance
21:54:28,1 days,advance
22:01:24,1 days,advance
22:33:49,1 days,advance
22:35:59,1 days,advance
22:57:59,1 days,advance
23:05:47,1 days,advance
23:06:46,1 days,advance
23:07:07,1 days,advance
23:12:09,1 days,advance
23:31:37,1 days,advance
23:42:34,1 days,advance
23:46:46,1 days,advance
00:01:44,0 days,off-peak
00:01:57,0 days,off-peak
00:09:11,0 days,off-peak
00:27:35,2 days,advance
00:31:52,0 days,off-peak
00:36:17,0 days,off-peak
00:36:20,0 days,off-peak
00:52:51,1 days,advance
01:02:49,1 days,advance
01:13:50,0 days,off-peak
01:15:32,1 days,advance
01:17:20,0 days,off-peak
01:18:18,0 days,off-peak
01:26:42,1 days,advance
01:32:36,1 days,advance
01:34:43,1 days,advance
01:36:57,1 days,advance
01:37:11,0 days,off-peak
02:14:59,0 days,off-peak
02:18:03,0 days,off-peak
02:20:32,0 days,off-peak
02:45:03,0 days,off-peak
02:46:34,1 days,advance
03:05:21,1 days,advance
03:13:12,0 days,off-peak
03:16:49,1 days,advance
03:22:13,1 days,advance
03:23:26,1 days,advance
03:23:54,1 days,advance
03:23:58,1 days,advance
03:37:55,1 days,advance
03:38:20,0 days,off-peak
03:38:31,1 days,advance
03:39:32,0 days,off-peak
03:42:03,0 days,off-peak
03:44:25,0 days,off-peak
04:11:56,0 days,off-peak
04:20:14,0 days,off-peak
04:44:47,1 days,advance
04:47:18,0 days,anytime
04:58:47,1 days,advance
05:07:22,0 days,anytime
05:08:31,0 days,anytime
05:12:35,0 days,anytime
05:14:08,0 days,anytime
05:19:07,0 days,anytime
05:24:32,1 days,advance
05:27:02,1 days,advance
05:47:17,1 days,advance
05:59:02,0 days,anytime
06:06:02,0 days,anytime
06:08:23,0 days,anytime
06:11:23,0 days,anytime
06:12:18,0 days,anytime
06:13:15,0 days,anytime
06:13:45,0 days,anytime
06:14:10,0 days,anytime
06:14:45,0 days,anytime
06:31:56,0 days,anytime
06:32:27,0 days,anytime
06:33:31,1 days,advance
06:34:08,0 days,anytime
06:37:14,0 days,anytime
06:37:22,0 days,anytime
06:37:35,0 days,anytime
06:39:12,1 days,advance
06:43:23,0 days,anytime
06:43:50,0 days,anytime
06:43:57,0 days,anytime
06:49:31,1 days,advance
06:56:41,0 days,anytime
07:10:15,0 days,anytime
07:15:22,0 days,anytime
07:16:03,0 days,anytime
07:18:52,0 days,anytime
07:23:20,0 days,anytime
07:24:46,0 days,anytime
07:25:28,0 days,anytime
07:27:26,1 days,advance
07:28:22,0 days,anytime
07:28:56,0 days,anytime
07:38:30,1 days,advance
07:42:12,1 days,advance
07:45:32,0 days,off-peak
07:46:30,0 days,off-peak
07:47:18,1 days,advance
07:47:31,0 days,anytime
07:50:07,1 days,advance
07:52:18,1 days,advance
07:53:42,0 days,off-peak
07:56:39,1 days,advance
07:57:01,1 days,advance
07:57:25,1 days,advance
07:57:46,1 days,advance
07:58:11,1 days,advance
07:59:30,1 days,advance
08:01:54,1 days,advance
08:08:58,1 days,advance
08:18:19,1 days,advance
08:18:26,1 days,advance
08:18:51,1 days,advance
08:20:08,1 days,advance
08:21:06,1 days,advance
08:22:17,1 days,advance
08:23:45,1 days,advance
08:24:15,1 days,advance
08:24:20,0 days,off-peak
08:26:05,1 days,advance
08:26:33,1 days,advance
08:32:24,1 days,advance
08:33:51,1 days,advance
08:39:46,1 days,advance
09:01:21,1 days,advance
09:03:27,1 days,advance
09:04:56,1 days,advance
09:08:37,1 days,advance
09:28:18,1 days,advance
09:30:08,1 days,advance
09:34:31,1 days,advance
09:34:51,1 days,advance
09:35:29,1 days,advance
09:40:24,0 days,off-peak
09:40:41,0 days,off-peak
09:46:37,1 days,advance
09:49:00,1 days,advance
10:04:22,0 days,off-peak
10:22:44,0 days,off-peak
10:23:09,1 days,advance
10:25:22,0 days,off-peak
10:29:46,1 days,advance
10:32:00,1 days,advance
10:33:07,1 days,advance
10:36:41,0 days,off-peak
10:37:45,1 days,advance
10:41:53,0 days,off-peak
10:42:00,1 days,advance
10:51:15,1 days,advance
11:05:40,1 days,advance
11:05:41,1 days,advance
11:24:04,1 days,advance
11:36:06,0 days,off-peak
11:47:14,0 days,off-peak
12:07:08,1 days,advance
12:27:20,1 days,advance
12:34:31,0 days,off-peak
12:41:42,1 days,advance
12:43:38,1 days,advance
13:16:48,0 days,off-peak
13:23:25,0 days,off-peak
13:53:59,0 days,off-peak
14:00:24,0 days,off-peak
14:00:52,1 days,advance
14:05:36,0 days,off-peak
14:06:38,0 days,off-peak
14:12:44,0 days,off-peak
14:16:43,0 days,off-peak
14:26:07,0 days,off-peak
14:30:37,0 days,anytime
14:37:30,0 days,anytime
14:37:43,0 days,anytime
14:45:41,1 days,advance
14:46:18,1 days,advance
14:48:12,0 days,anytime
14:48:55,1 days,advance
14:50:47,1 days,advance
14:52:41,0 days,anytime
14:53:48,1 days,advance
14:54:46,1 days,advance
14:56:37,0 days,anytime
14:58:04,0 days,anytime
15:07:39,0 days,off-peak
15:08:18,0 days,anytime
15:08:40,0 days,anytime
15:11:16,0 days,anytime
15:12:18,0 days,anytime
15:15:31,0 days,anytime
15:16:32,0 days,anytime
15:20:50,0 days,anytime
15:23:09,0 days,anytime
15:23:43,0 days,anytime
15:30:37,0 days,anytime
15:40:56,0 days,anytime
15:41:19,0 days,anytime
15:42:10,0 days,anytime
15:52:20,0 days,anytime
15:53:16,0 days,anytime
15:53:51,0 days,anytime
15:56:12,0 days,anytime
16:03:04,1 days,advance
16:06:20,0 days,anytime
16:07:13,0 days,anytime
16:35:37,1 days,advance
16:40:44,1 days,advance
17:00:26,1 days,advance
17:04:06,1 days,advance
17:04:12,0 days,anytime
17:06:23,0 days,anytime
17:13:21,1 days,advance
17:15:34,0 days,anytime
17:15:38,0 days,anytime
17:16:12,0 days,anytime
17:16:27,1 days,advance
17:20:00,0 days,anytime
17:23:54,0 days,anytime
17:26:52,0 days,anytime
17:33:18,1 days,advance
17:35:21,1 days,advance
17:35:37,0 days,off-peak
17:36:52,1 days,advance
17:38:30,1 days,advance
17:39:00,1 days,advance
17:39:11,1 days,advance
17:39:57,1 days,advance
17:43:21,1 days,advance
17:50:25,1 days,advance
17:50:51,1 days,advance
17:53:18,1 days,advance
17:58:39,1 days,advance
18:10:11,0 days,anytime
18:10:29,0 days,anytime
18:15:24,0 days,anytime
18:18:02,0 days,anytime
18:19:39,0 days,anytime
18:20:26,0 days,off-peak
18:31:24,0 days,off-peak
18:37:19,1 days,advance
18:38:35,1 days,advance
18:45:47,1 days,advance
18:50:52,1 days,advance
18:51:49,0 days,off-peak
18:52:28,0 days,off-peak
18:53:59,1 days,advance
18:54:49,0 days,off-peak
18:56:49,0 days,off-peak
18:59:39,0 days,off-peak
19:03:11,0 days,off-peak
19:23:26,0 days,off-peak
19:23:40,1 days,advance
19:26:50,1 days,advance
19:30:32,1 days,advance
19:39:16,1 days,advance
19:39:33,0 days,off-peak
19:43:44,1 days,advance
20:00:44,1 days,advance
20:05:46,1 days,advance
20:09:31,0 days,off-peak
20:14:39,0 days,off-peak
20:16:28,1 days,advance
20:20:14,1 days,advance
20:20:17,1 days,advance
20:20:37,1 days,advance
20:20:39,1 days,advance
20:20:53,1 days,advance
20:20:59,1 days,advance
20:22:49,1 days,advance
20:27:56,1 days,advance
20:29:47,1 days,advance
20:34:54,1 days,advance
20:34:54,1 days,advance
20:41:28,0 days,off-peak
20:45:03,0 days,off-peak
20:50:58,0 days,off-peak
21:19:33,1 days,advance
21:36:30,1 days,advance
21:48:45,1 days,advance
21:50:16,1 days,advance
22:31:30,1 days,advance
22:37:22,1 days,advance
22:37:25,1 days,advance
22:44:59,1 days,advance
22:55:23,1 days,advance
23:05:15,1 days,advance
23:06:16,1 days,advance
23:42:42,1 days,advance
23:44:43,1 days,advance
23:55:00,1 days,advance
00:07:31,1 days,advance
00:13:39,0 days,off-peak
00:16:31,0 days,off-peak
00:17:52,0 days,off-peak
00:31:03,0 days,off-peak
00:32:39,0 days,off-peak
00:52:34,0 days,off-peak
00:55:42,0 days,off-peak
00:56:52,0 days,off-peak
01:00:45,1 days,advance
01:03:10,1 days,advance
01:04:51,0 days,off-peak
01:16:37,0 days,off-peak
01:27:20,1 days,advance
01:41:29,1 days,advance
01:51:04,1 days,advance
01:51:12,1 days,advance
02:04:08,0 days,off-peak
02:13:56,0 days,off-peak
02:18:01,0 days,off-peak
02:21:21,0 days,off-peak
02:30:51,1 days,advance
03:00:31,0 days,off-peak
03:02:45,0 days,off-peak
03:07:22,1 days,advance
03:08:18,0 days,off-peak
03:13:51,0 days,off-peak
03:22:39,0 days,off-peak
03:24:29,1 days,advance
03:27:59,1 days,advance
03:31:29,0 days,off-peak
03:45:05,0 days,off-peak
03:51:46,0 days,off-peak
04:01:11,1 days,advance
04:20:59,0 days,off-peak
04:26:57,0 days,off-peak
04:37:57,0 days,anytime
04:40:48,0 days,anytime
04:44:23,0 days,anytime
04:45:50,0 days,anytime
04:49:10,1 days,advance
04:49:35,0 days,anytime
04:50:26,0 days,anytime
04:54:53,0 days,anytime
04:57:29,0 days,anytime
05:00:30,0 days,anytime
05:02:24,1 days,advance
05:03:36,0 days,anytime
05:06:20,0 days,anytime
05:07:51,0 days,anytime
05:08:20,0 days,anytime
05:12:18,0 days,anytime
05:12:21,0 days,anytime
05:13:11,0 days,anytime
05:13:59,0 days,anytime
05:21:01,1 days,advance
05:26:29,1 days,advance
05:33:07,0 days,anytime
05:35:22,0 days,anytime
05:42:36,0 days,anytime
05:44:21,0 days,off-peak
05:45:09,0 days,anytime
05:45:51,1 days,advance
05:48:28,0 days,anytime
05:53:43,0 days,anytime
05:54:10,1 days,advance
06:00:49,0 days,anytime
06:06:17,0 days,anytime
06:25:03,0 days,anytime
06:30:35,0 days,anytime
06:31:12,0 days,anytime
06:34:04,0 days,anytime
06:35:59,0 days,anytime
06:36:11,0 days,anytime
06:36:41,0 days,anytime
06:37:28,1 days,advance
06:40:28,0 days,anytime
06:42:07,0 days,anytime
06:42:28,1 days,advance
06:42:49,0 days,anytime
06:43:20,0 days,anytime
06:44:11,0 days,anytime
06:44:58,0 days,anytime
06:52:13,1 days,advance
07:00:55,1 days,advance
07:03:25,1 days,advance
07:03:41,1 days,advance
07:15:12,0 days,anytime
07:15:24,0 days,anytime
07:18:29,0 days,anytime
07:18:50,0 days,anytime
07:19:25,0 days,anytime
07:20:58,0 days,anytime
07:23:55,0 days,anytime
07:24:39,0 days,anytime
07:26:29,0 days,anytime
07:28:22,0 days,anytime
07:32:04,0 days,off-peak
07:36:09,0 days,off-peak
07:39:03,0 days,off-peak
07:46:20,1 days,advance
07:48:30,0 days,anytime
07:50:47,0 days,off-peak
07:50:59,1 days,advance
07:53:38,1 days,advance
07:55:23,0 days,off-peak
07:58:14,1 days,advance
07:59:01,1 days,advance
08:00:13,1 days,advance
08:00:41,1 days,advance
08:01:55,1 days,advance
08:03:05,1 days,advance
08:05:32,1 days,advance
08:09:04,0 days,off-peak
08:09:35,1 days,advance
08:10:07,1 days,advance
08:16:09,1 days,advance
08:16:15,1 days,advance
08:17:19,1 days,advance
08:19:25,1 days,advance
08:22:07,0 days,off-peak
08:23:14,1 days,advance
08:23:18,1 days,advance
08:24:23,1 days,advance
08:26:08,1 days,advance
08:26:33,1 days,advance
08:27:05,1 days,advance
08:59:32,1 days,advance
09:01:13,1 days,advance
09:01:36,1 days,advance
09:07:26,1 days,advance
09:13:24,1 days,advance
09:13:38,1 days,advance
09:18:20,0 days,off-peak
09:32:08,1 days,advance
09:32:39,1 days,advance
09:33:58,1 days,advance
09:50:11,0 days,off-peak
10:11:20,1 days,advance
10:15:24,1 days,advance
10:17:44,0 days,off-peak
10:20:58,1 days,advance
10:21:11,1 days,advance
10:28:02,1 days,advance
10:38:37,1 days,advance
10:43:11,1 days,advance
10:52:34,1 days,advance
10:59:25,1 days,advance
11:13:17,1 days,advance
11:30:12,0 days,off-peak
11:45:02,1 days,advance
12:10:43,0 days,off-peak
12:11:40,0 days,off-peak
12:33:21,1 days,advance
12:33:56,0 days,off-peak
12:37:19,1 days,advance
12:39:22,0 days,off-peak
12:41:34,1 days,advance
12:44:59,1 days,advance
12:47:50,1 days,advance
13:11:59,0 days,off-peak
13:17:50,1 days,advance
13:20:21,1 days,advance
13:25:20,0 days,off-peak
13:33:54,1 days,advance
13:41:18,0 days,off-peak
14:06:20,0 days,off-peak
14:07:42,1 days,advance
14:09:40,1 days,advance
14:12:26,1 days,advance
14:20:17,1 days,advance
14:20:44,0 days,off-peak
14:26:38,0 days,off-peak
14:29:19,0 days,off-peak
14:31:08,0 days,anytime
14:33:15,0 days,anytime
14:34:04,0 days,anytime
14:37:34,0 days,anytime
14:39:30,0 days,anytime
14:43:50,0 days,anytime
14:45:32,0 days,anytime
14:46:41,0 days,anytime
14:47:29,0 days,anytime
14:50:48,1 days,advance
14:51:40,1 days,advance
14:54:44,1 days,advance
14:56:25,0 days,anytime
15:01:09,1 days,advance
15:02:59,1 days,advance
15:09:27,0 days,off-peak
15:10:48,1 days,advance
15:14:30,0 days,anytime
15:15:44,1 days,advance
15:21:44,0 days,anytime
15:30:10,0 days,anytime
15:32:05,0 days,anytime
15:34:42,1 days,advance
15:43:55,0 days,anytime
15:55:23,0 days,anytime
15:58:16,0 days,anytime
16:06:38,0 days,anytime
16:08:15,1 days,advance
16:12:57,0 days,anytime
16:21:18,0 days,anytime
16:30:06,1 days,advance
16:53:55,0 days,anytime
17:00:10,0 days,anytime
17:00:37,1 days,advance
17:04:24,1 days,advance
17:11:07,0 days,anytime
17:13:57,0 days,anytime
17:15:10,0 days,anytime
17:20:47,0 days,anytime
17:21:24,1 days,advance
17:24:38,0 days,anytime
17:25:44,0 days,anytime
17:27:52,0 days,anytime
17:28:22,0 days,anytime
17:30:09,1 days,advance
17:30:14,0 days,off-peak
17:33:43,1 days,advance
17:34:51,0 days,off-peak
17:35:56,1 days,advance
17:36:46,0 days,off-peak
17:38:46,1 days,advance
17:38:52,1 days,advance
17:42:03,1 days,advance
17:42:11,1 days,advance
17:47:15,1 days,advance
17:51:48,1 days,advance
17:52:18,1 days,advance
17:56:27,1 days,advance
17:58:56,0 days,off-peak
17:59:34,1 days,advance
17:59:40,0 days,off-peak
18:02:48,0 days,off-peak
18:04:16,0 days,off-peak
18:05:29,0 days,off-peak
18:07:13,1 days,advance
18:12:11,1 days,advance
18:12:59,1 days,advance
18:18:34,0 days,anytime
18:30:12,0 days,off-peak
18:32:19,0 days,off-peak
18:42:15,0 days,off-peak
18:43:10,0 days,off-peak
18:51:17,0 days,off-peak
18:55:14,0 days,off-peak
18:57:50,0 days,off-peak
19:23:06,1 days,advance
19:23:09,1 days,advance
19:29:14,1 days,advance
19:37:29,0 days,off-peak
19:44:13,1 days,advance
20:04:59,1 days,advance
20:07:47,1 days,advance
20:10:49,0 days,off-peak
20:16:10,1 days,advance
20:17:19,1 days,advance
20:20:24,1 days,advance
20:21:23,1 days,advance
20:22:00,1 days,advance
20:22:20,1 days,advance
20:24:19,1 days,advance
20:24:40,1 days,advance
20:28:48,1 days,advance
20:32:18,1 days,advance
20:33:40,0 days,off-peak
20:34:51,1 days,advance
20:44:35,0 days,off-peak
20:55:03,0 days,off-peak
20:55:39,0 days,off-peak
20:58:15,0 days,off-peak
21:00:51,1 days,advance
21:47:25,1 days,advance
21:50:44,1 days,advance
21:51:56,1 days,advance
21:55:03,1 days,advance
21:57:37,1 days,advance
22:00:18,1 days,advance
22:05:20,1 days,advance
22:33:15,1 days,advance
22:39:53,1 days,advance
22:42:00,1 days,advance
22:43:53,1 days,advance
22:50:23,1 days,advance
23:03:49,1 days,advance
23:04:08,1 days,advance
23:04:20,1 days,advance
23:11:37,1 days,advance
23:13:20,1 days,advance
23:26:32,1 days,advance
23:32:53,1 days,advance
23:36:45,1 days,advance
23:44:11,1 days,advance
23:47:38,1 days,advance
23:57:47,1 days,advance
23:59:00,1 days,advance
00:07:43,0 days,off-peak
00:08:31,0 days,off-peak
00:16:11,0 days,off-peak
00:34:04,2 days,advance
00:34:05,1 days,advance
00:34:23,2 days,advance
00:41:10,0 days,off-peak
00:44:33,0 days,off-peak
00:56:27,0 days,off-peak
01:02:04,0 days,off-peak
01:03:33,0 days,off-peak
01:05:34,1 days,advance
01:08:20,1 days,advance
01:18:44,0 days,off-peak
01:21:05,0 days,off-peak
01:21:20,1 days,advance
01:23:45,0 days,off-peak
01:26:51,1 days,advance
01:34:21,1 days,advance
01:34:31,1 days,advance
01:38:38,1 days,advance
01:39:42,1 days,advance
02:03:39,0 days,off-peak
02:05:55,0 days,off-peak
02:25:16,0 days,off-peak
02:48:13,1 days,advance
02:51:12,0 days,off-peak
03:06:28,0 days,off-peak
03:13:24,0 days,off-peak
03:13:47,0 days,off-peak
03:19:21,1 days,advance
03:30:59,1 days,advance
03:34:08,1 days,advance
03:36:15,0 days,off-peak
03:39:54,1 days,advance
03:41:26,0 days,off-peak
03:59:40,1 days,advance
04:04:48,0 days,off-peak
04:09:41,0 days,off-peak
04:28:37,1 days,advance
04:31:19,1 days,advance
04:43:56,1 days,advance
04:49:41,0 days,off-peak
04:56:57,0 days,off-peak
04:59:25,0 days,off-peak
05:01:05,0 days,off-peak
05:01:32,0 days,off-peak
05:01:51,0 days,off-peak
05:01:54,0 days,off-peak
05:03:49,1 days,advance
05:07:20,0 days,off-peak
05:11:58,0 days,off-peak
05:25:53,0 days,off-peak
05:26:58,0 days,off-peak
05:50:58,1 days,advance
06:08:21,1 days,advance
06:11:23,0 days,off-peak
06:14:19,0 days,off-peak
06:19:18,1 days,advance
06:32:30,0 days,off-peak
06:34:32,1 days,advance
06:36:14,0 days,off-peak
06:37:06,0 days,off-peak
06:41:10,0 days,off-peak
06:41:49,0 days,off-peak
06:42:34,1 days,advance
06:46:39,1 days,advance
06:52:29,1 days,advance
07:14:37,0 days,off-peak
07:19:35,0 days,off-peak
07:22:03,0 days,off-peak
07:27:07,0 days,off-peak
07:27:54,0 days,off-peak
07:28:10,0 days,off-peak
07:29:10,0 days,off-peak
07:29:41,0 days,off-peak
07:33:07,0 days,off-peak
07:38:49,0 days,off-peak
07:42:57,0 days,off-peak
07:43:13,0 days,off-peak
07:45:21,1 days,advance
07:48:03,1 days,advance
07:51:56,0 days,off-peak
07:52:19,1 days,advance
07:52:29,0 days,off-peak
07:52:56,0 days,off-peak
07:53:04,1 days,advance
07:57:08,1 days,advance
07:58:16,1 days,advance
08:00:03,1 days,advance
08:00:07,1 days,advance
08:01:23,1 days,advance
08:02:39,0 days,off-peak
08:03:30,1 days,advance
08:04:00,1 days,advance
08:08:05,1 days,advance
08:09:07,0 days,off-peak
08:09:13,1 days,advance
08:09:45,1 days,advance
08:10:22,1 days,advance
08:13:30,1 days,advance
08:13:40,1 days,advance
08:13:48,0 days,off-peak
08:15:35,1 days,advance
08:16:17,1 days,advance
08:21:22,1 days,advance
08:21:29,1 days,advance
08:25:19,1 days,advance
08:27:09,1 days,advance
08:27:31,1 days,advance
08:28:32,0 days,off-peak
08:29:57,1 days,advance
09:01:57,1 days,advance
09:03:24,1 days,advance
09:03:46,1 days,advance
09:04:08,1 days,advance
09:04:10,1 days,advance
09:08:49,1 days,advance
09:11:53,0 days,off-peak
09:12:03,1 days,advance
09:31:18,1 days,advance
09:37:45,1 days,advance
09:37:59,1 days,advance
09:38:46,1 days,advance
09:43:04,1 days,advance
09:46:55,1 days,advance
09:47:45,1 days,advance
09:53:54,1 days,advance
10:09:35,1 days,advance
10:13:53,1 days,advance
10:15:51,0 days,off-peak
10:20:21,1 days,advance
10:21:03,0 days,off-peak
10:24:50,0 days,off-peak
10:25:14,0 days,off-peak
10:28:15,1 days,advance
10:35:46,0 days,off-peak
10:41:42,0 days,off-peak
10:43:51,1 days,advance
10:46:29,1 days,advance
10:55:03,1 days,advance
10:55:28,0 days,off-peak
11:24:36,1 days,advance
11:42:24,0 days,off-peak
11:54:03,1 days,advance
11:56:06,1 days,advance
11:58:42,0 days,off-peak
12:01:31,0 days,off-peak
12:05:43,0 days,off-peak
12:17:02,0 days,off-peak
12:22:51,0 days,off-peak
12:29:58,0 days,off-peak
12:30:02,1 days,advance
12:41:01,1 days,advance
12:44:57,1 days,advance
12:52:42,1 days,advance
13:02:48,1 days,advance
13:09:37,0 days,off-peak
13:18:46,1 days,advance
13:21:01,1 days,advance
13:36:47,0 days,off-peak
14:05:26,0 days,off-peak
14:07:22,0 days,off-peak
14:14:10,0 days,off-peak
14:15:05,0 days,off-peak
14:20:45,0 days,off-peak
14:22:26,0 days,off-peak
14:30:19,0 days,off-peak
14:37:20,0 days,off-peak
14:39:24,0 days,off-peak
14:42:46,1 days,advance
14:46:49,1 days,advance
14:49:38,0 days,off-peak
14:49:48,0 days,off-peak
14:52:01,0 days,off-peak
14:56:21,0 days,off-peak
15:03:15,1 days,advance
15:10:03,0 days,off-peak
15:10:22,0 days,off-peak
15:11:56,0 days,off-peak
15:21:50,0 days,off-peak
15:31:21,0 days,off-peak
15:47:01,0 days,off-peak
15:54:30,1 days,advance
16:00:44,0 days,off-peak
16:06:14,0 days,off-peak
16:07:08,1 days,advance
16:08:38,1 days,advance
16:09:25,1 days,advance
16:13:03,0 days,off-peak
16:14:01,1 days,advance
16:18:24,1 days,advance
16:19:38,1 days,advance
16:24:21,1 days,advance
17:03:53,1 days,advance
17:09:57,1 days,advance
17:10:53,0 days,off-peak
17:11:31,1 days,advance
17:13:42,1 days,advance
17:14:26,1 days,advance
17:16:10,0 days,off-peak
17:17:19,0 days,off-peak
17:20:52,0 days,off-peak
17:21:50,1 days,advance
17:22:17,0 days,anytime
17:23:09,1 days,advance
17:27:55,0 days,off-peak
17:30:23,1 days,advance
17:32:10,1 days,advance
17:32:19,1 days,advance
17:40:53,1 days,advance
17:44:38,0 days,off-peak
17:52:18,1 days,advance
18:02:08,1 days,advance
18:17:26,0 days,off-peak
18:20:49,0 days,off-peak
18:40:22,1 days,advance
18:43:10,0 days,off-peak
18:43:26,1 days,advance
18:46:20,1 days,advance
18:47:20,1 days,advance
18:47:25,1 days,advance
18:50:35,0 days,off-peak
18:50:50,0 days,off-peak
18:52:15,1 days,advance
18:55:45,1 days,advance
19:01:09,0 days,off-peak
19:03:42,1 days,advance
19:26:55,1 days,advance
19:27:18,1 days,advance
19:29:35,1 days,advance
19:34:07,1 days,advance
19:36:12,1 days,advance
19:40:47,1 days,advance
19:40:52,1 days,advance
19:46:17,0 days,off-peak
20:02:22,0 days,off-peak
20:09:01,1 days,advance
20:10:57,1 days,advance
20:13:24,1 days,advance
20:15:29,1 days,advance
20:15:42,1 days,advance
20:19:16,1 days,advance
20:19:35,1 days,advance
20:21:14,1 days,advance
20:21:48,1 days,advance
20:23:29,1 days,advance
20:24:16,1 days,advance
20:24:39,1 days,advance
20:24:41,1 days,advance
20:26:00,1 days,advance
20:26:30,1 days,advance
20:26:31,1 days,advance
20:28:08,1 days,advance
20:29:44,1 days,advance
20:30:17,1 days,advance
20:39:32,0 days,off-peak
20:50:58,0 days,off-peak
20:57:47,0 days,off-peak
21:34:54,1 days,advance
21:38:20,1 days,advance
21:42:11,1 days,advance
21:44:39,1 days,advance
21:44:55,1 days,advance
21:49:10,1 days,advance
21:55:12,1 days,advance
22:13:52,1 days,advance
22:40:10,1 days,advance
22:40:14,1 days,advance
22:41:46,1 days,advance
23:06:04,1 days,advance
23:24:19,1 days,advance
23:36:03,1 days,advance
23:42:34,1 days,advance
23:45:15,1 days,advance
23:45:20,1 days,advance
23:50:50,1 days,advance
23:57:14,1 days,advance
00:00:44,1 days,advance
00:13:03,1 days,advance
00:18:10,1 days,advance
00:19:45,1 days,advance
00:27:19,2 days,advance
00:34:39,0 days,off-peak
00:44:35,0 days,off-peak
00:45:45,0 days,off-peak
00:46:47,0 days,off-peak
00:50:16,1 days,advance
00:51:40,0 days,off-peak
00:52:58,0 days,off-peak
01:06:18,0 days,off-peak
01:08:35,0 days,off-peak
01:13:06,0 days,off-peak
01:15:25,1 days,advance
01:21:23,0 days,off-peak
01:25:24,0 days,off-peak
01:26:39,0 days,off-peak
01:26:49,0 days,off-peak
01:32:57,0 days,off-peak
01:37:24,1 days,advance
01:38:12,1 days,advance
01:39:46,1 days,advance
01:47:33,0 days,off-peak
01:50:02,0 days,off-peak
01:57:36,1 days,advance
02:32:29,0 days,off-peak
02:36:53,0 days,off-peak
02:37:46,1 days,advance
02:42:24,1 days,advance
02:42:47,1 days,advance
02:57:53,0 days,off-peak
02:58:37,0 days,off-peak
03:09:00,0 days,off-peak
03:10:25,0 days,off-peak
03:14:14,0 days,off-peak
03:16:04,1 days,advance
03:29:58,1 days,advance
03:30:43,1 days,advance
03:39:07,1 days,advance
04:00:01,1 days,advance
04:11:47,1 days,advance
04:14:36,0 days,off-peak
04:26:58,1 days,advance
04:45:25,0 days,off-peak
04:46:26,0 days,off-peak
04:58:39,0 days,off-peak
05:01:32,0 days,off-peak
05:01:43,0 days,off-peak
05:07:14,0 days,off-peak
05:07:19,0 days,off-peak
05:08:39,0 days,off-peak
05:10:01,0 days,off-peak
05:13:15,0 days,off-peak
05:13:53,0 days,off-peak
05:15:10,0 days,off-peak
05:19:22,0 days,off-peak
05:35:39,1 days,advance
05:41:11,0 days,off-peak
05:49:10,1 days,advance
05:51:09,1 days,advance
05:56:55,0 days,off-peak
06:06:45,0 days,off-peak
06:07:06,0 days,off-peak
06:10:44,0 days,off-peak
06:12:10,1 days,advance
06:33:24,0 days,off-peak
06:34:07,0 days,off-peak
06:36:04,0 days,off-peak
06:39:25,1 days,advance
06:40:17,1 days,advance
06:42:13,1 days,advance
06:43:47,1 days,advance
06:53:53,1 days,advance
07:03:58,0 days,off-peak
07:19:42,0 days,off-peak
07:19:55,0 days,off-peak
07:25:45,0 days,off-peak
07:31:01,0 days,off-peak
07:38:36,0 days,off-peak
07:38:44,1 days,advance
07:45:05,1 days,advance
07:47:24,1 days,advance
07:47:30,0 days,off-peak
07:51:30,1 days,advance
08:00:15,1 days,advance
08:03:38,1 days,advance
08:04:24,1 days,advance
08:07:30,1 days,advance
08:07:55,1 days,advance
08:09:39,1 days,advance
08:14:56,1 days,advance
08:15:16,1 days,advance
08:23:01,1 days,advance
08:24:37,1 days,advance
08:24:38,0 days,off-peak
08:24:55,1 days,advance
08:28:00,1 days,advance
08:35:42,0 days,off-peak
08:38:21,1 days,advance
08:38:48,1 days,advance
08:47:38,1 days,advance
08:49:14,1 days,advance
09:06:22,1 days,advance
09:08:38,1 days,advance
09:35:37,1 days,advance
09:35:45,1 days,advance
09:37:52,1 days,advance
09:40:04,1 days,advance
09:40:10,0 days,off-peak
09:40:48,1 days,advance
09:41:07,1 days,advance
09:43:09,1 days,advance
09:44:48,1 days,advance
09:45:20,0 days,off-peak
09:48:49,1 days,advance
09:53:35,1 days,advance
09:54:36,1 days,advance
10:15:09,1 days,advance
10:19:47,1 days,advance
10:21:30,1 days,advance
10:34:43,1 days,advance
10:44:18,1 days,advance
10:53:23,1 days,advance
10:53:52,0 days,off-peak
11:06:08,0 days,off-peak
11:08:58,0 days,off-peak
11:22:00,0 days,off-peak
11:25:36,0 days,off-peak
11:35:16,0 days,off-peak
11:35:44,0 days,off-peak
11:36:11,0 days,off-peak
11:36:24,0 days,off-peak
12:00:28,1 days,advance
12:06:21,1 days,advance
12:06:31,0 days,off-peak
12:08:01,1 days,advance
12:13:55,0 days,off-peak
12:25:09,0 days,off-peak
12:53:26,1 days,advance
13:18:48,1 days,advance
13:26:37,1 days,advance
13:28:29,0 days,off-peak
13:51:07,1 days,advance
13:53:24,1 days,advance
14:03:48,0 days,off-peak
14:11:59,0 days,off-peak
14:30:15,1 days,advance
14:30:51,0 days,off-peak
14:36:08,1 days,advance
14:38:24,1 days,advance
14:41:58,0 days,off-peak
14:44:18,0 days,off-peak
14:44:56,0 days,off-peak
14:49:06,1 days,advance
14:52:23,1 days,advance
14:52:39,0 days,off-peak
14:58:21,1 days,advance
14:59:26,1 days,advance
15:14:58,1 days,advance
15:15:56,1 days,advance
15:17:42,0 days,off-peak
15:20:17,0 days,off-peak
15:22:41,0 days,off-peak
15:23:06,0 days,off-peak
15:23:55,0 days,off-peak
15:25:05,0 days,off-peak
15:30:18,1 days,advance
15:37:47,1 days,advance
15:37:51,0 days,off-peak
15:42:39,0 days,off-peak
15:47:07,1 days,advance
15:51:27,0 days,off-peak
15:55:32,1 days,advance
15:58:31,0 days,off-peak
15:58:40,0 days,off-peak
16:01:45,1 days,advance
16:07:54,0 days,off-peak
16:08:04,0 days,off-peak
16:09:24,0 days,off-peak
16:10:35,1 days,advance
16:23:59,0 days,off-peak
16:30:45,1 days,advance
16:35:01,1 days,advance
16:42:35,1 days,advance
17:04:45,1 days,advance
17:06:21,1 days,advance
17:07:06,1 days,advance
17:14:51,0 days,off-peak
17:15:22,0 days,off-peak
17:16:54,0 days,off-peak
17:17:06,0 days,off-peak
17:17:07,0 days,off-peak
17:17:32,0 days,off-peak
17:18:59,1 days,advance
17:22:46,0 days,anytime
17:24:47,0 days,off-peak
17:25:24,0 days,off-peak
17:26:39,0 days,off-peak
17:27:31,0 days,off-peak
17:27:33,0 days,off-peak
17:29:37,0 days,off-peak
17:30:01,1 days,advance
17:30:16,1 days,advance
17:31:10,1 days,advance
17:31:15,1 days,advance
17:32:46,1 days,advance
17:32:54,1 days,advance
17:34:02,1 days,advance
17:35:02,0 days,off-peak
17:35:47,1 days,advance
17:41:25,0 days,off-peak
17:51:26,1 days,advance
17:53:17,0 days,off-peak
17:53:49,1 days,advance
17:54:33,1 days,advance
17:57:26,0 days,off-peak
17:58:08,0 days,off-peak
18:07:02,1 days,advance
18:09:30,1 days,advance
18:13:09,0 days,off-peak
18:30:50,0 days,off-peak
18:45:42,1 days,advance
18:46:25,0 days,off-peak
19:21:01,0 days,off-peak
19:22:58,1 days,advance
19:24:13,1 days,advance
19:35:40,1 days,advance
19:41:28,1 days,advance
19:42:44,1 days,advance
19:44:31,0 days,off-peak
19:54:51,0 days,off-peak
20:00:16,0 days,off-peak
20:04:32,0 days,off-peak
20:06:29,1 days,advance
20:13:42,0 days,off-peak
20:14:40,1 days,advance
20:17:44,1 days,advance
20:18:26,1 days,advance
20:19:23,1 days,advance
20:21:28,1 days,advance
20:21:43,1 days,advance
20:22:34,1 days,advance
20:22:50,1 days,advance
20:24:50,1 days,advance
20:25:11,1 days,advance
20:28:43,1 days,advance
20:33:04,1 days,advance
20:37:01,0 days,off-peak
20:40:56,0 days,off-peak
20:41:44,1 days,advance
20:51:07,0 days,off-peak
20:51:29,0 days,off-peak
20:51:47,1 days,advance
20:56:19,0 days,off-peak
20:59:03,0 days,off-peak
21:38:34,1 days,advance
21:42:08,1 days,advance
21:47:06,1 days,advance
21:49:13,1 days,advance
21:51:46,1 days,advance
21:54:30,1 days,advance
21:55:36,1 days,advance
21:58:54,1 days,advance
23:04:31,1 days,advance
23:14:47,1 days,advance
23:30:25,1 days,advance
23:46:22,1 days,advance
23:54:15,1 days,advance
00:14:24,0 days,off-peak
00:15:39,0 days,off-peak
00:34:43,0 days,off-peak
00:41:02,0 days,off-peak
01:03:50,1 days,advance
01:15:10,1 days,advance
01:19:21,0 days,off-peak
01:21:44,1 days,advance
01:22:31,0 days,off-peak
01:24:33,0 days,off-peak
01:26:49,1 days,advance
01:31:55,1 days,advance
01:36:45,0 days,off-peak
01:40:31,1 days,advance
02:16:27,0 days,off-peak
02:53:26,0 days,off-peak
03:02:58,1 days,advance
03:03:51,0 days,off-peak
03:04:26,0 days,off-peak
03:04:55,1 days,advance
03:06:03,0 days,off-peak
03:06:07,0 days,off-peak
03:15:33,1 days,advance
03:23:00,1 days,advance
03:24:26,1 days,advance
03:31:46,0 days,off-peak
03:39:12,0 days,off-peak
04:07:49,0 days,off-peak
04:15:17,0 days,off-peak
04:16:54,0 days,off-peak
04:21:19,0 days,off-peak
04:37:21,0 days,anytime
04:37:58,0 days,anytime
04:47:39,0 days,anytime
04:58:04,0 days,anytime
04:58:28,0 days,anytime
04:59:48,0 days,anytime
05:01:05,1 days,advance
05:01:26,0 days,anytime
05:02:27,0 days,anytime
05:02:45,0 days,anytime
05:02:57,1 days,advance
05:04:11,0 days,anytime
05:08:23,0 days,anytime
05:13:51,1 days,advance
05:13:53,0 days,anytime
05:18:21,1 days,advance
05:21:17,0 days,anytime
05:23:56,0 days,anytime
05:27:34,0 days,anytime
05:27:40,0 days,anytime
05:37:55,1 days,advance
05:48:58,1 days,advance
05:55:57,1 days,advance
05:57:38,1 days,advance
06:01:06,0 days,anytime
06:02:51,1 days,advance
06:04:52,0 days,anytime
06:06:41,0 days,anytime
06:07:21,0 days,anytime
06:07:22,0 days,anytime
06:08:52,1 days,advance
06:11:37,0 days,anytime
06:11:49,0 days,anytime
06:16:33,0 days,anytime
06:31:57,0 days,anytime
06:33:20,0 days,anytime
06:33:55,0 days,anytime
06:34:02,0 days,anytime
06:37:09,0 days,anytime
06:39:42,0 days,anytime
06:39:57,0 days,anytime
06:40:52,0 days,anytime
06:42:35,0 days,anytime
06:50:23,0 days,anytime
06:55:54,0 days,anytime
06:57:35,0 days,anytime
07:17:00,0 days,anytime
07:18:15,0 days,anytime
07:19:06,0 days,anytime
07:20:08,0 days,anytime
07:21:02,0 days,anytime
07:24:48,0 days,anytime
07:24:58,1 days,advance
07:25:21,0 days,anytime
07:30:09,0 days,off-peak
07:40:42,0 days,off-peak
07:42:16,0 days,off-peak
07:44:24,1 days,advance
07:44:53,0 days,anytime
07:47:21,1 days,advance
07:54:19,0 days,anytime
07:58:20,1 days,advance
08:00:27,1 days,advance
08:01:01,1 days,advance
08:01:05,1 days,advance
08:04:42,1 days,advance
08:10:47,1 days,advance
08:14:39,1 days,advance
08:18:49,1 days,advance
08:23:34,1 days,advance
08:24:18,1 days,advance
08:28:11,0 days,off-peak
08:29:43,1 days,advance
08:36:27,1 days,advance
08:36:29,1 days,advance
08:40:18,0 days,off-peak
09:00:05,1 days,advance
09:00:28,0 days,off-peak
09:01:14,1 days,advance
09:05:06,1 days,advance
09:07:40,1 days,advance
09:09:58,1 days,advance
09:12:18,1 days,advance
09:13:55,1 days,advance
09:14:17,1 days,advance
09:14:57,1 days,advance
09:14:59,0 days,off-peak
09:21:14,1 days,advance
09:30:04,1 days,advance
09:30:47,1 days,advance
09:31:46,1 days,advance
09:34:22,1 days,advance
09:39:07,1 days,advance
09:41:40,1 days,advance
09:42:18,1 days,advance
09:42:21,0 days,off-peak
09:50:19,0 days,off-peak
09:57:14,1 days,advance
10:09:19,0 days,off-peak
10:20:18,0 days,off-peak
10:23:38,1 days,advance
10:30:52,1 days,advance
10:32:30,1 days,advance
10:32:58,0 days,off-peak
10:35:32,0 days,off-peak
10:36:41,0 days,off-peak
10:38:11,0 days,off-peak
10:45:42,0 days,off-peak
10:47:52,0 days,off-peak
10:50:54,0 days,off-peak
11:08:10,0 days,off-peak
11:10:44,0 days,off-peak
11:58:14,1 days,advance
12:00:22,0 days,off-peak
12:16:15,1 days,advance
12:20:58,0 days,off-peak
12:27:58,0 days,off-peak
12:29:20,0 days,off-peak
12:38:41,1 days,advance
12:42:23,1 days,advance
12:42:51,1 days,advance
12:44:18,0 days,off-peak
12:54:15,0 days,off-peak
13:02:39,0 days,off-peak
13:11:33,0 days,off-peak
13:18:24,0 days,off-peak
13:22:57,1 days,advance
13:26:50,0 days,off-peak
13:28:32,1 days,advance
13:32:26,1 days,advance
13:33:39,1 days,advance
13:36:29,0 days,off-peak
13:40:23,1 days,advance
13:50:11,0 days,off-peak
13:55:39,1 days,advance
14:26:26,1 days,advance
14:29:53,0 days,off-peak
14:31:05,0 days,anytime
14:31:33,1 days,advance
14:33:40,1 days,advance
14:35:40,0 days,anytime
14:39:41,0 days,anytime
14:41:29,0 days,anytime
14:41:57,0 days,anytime
14:43:56,0 days,anytime
14:48:43,0 days,anytime
14:55:39,0 days,anytime
15:03:14,0 days,off-peak
15:10:51,0 days,anytime
15:16:19,1 days,advance
15:17:52,0 days,anytime
15:19:24,0 days,anytime
15:22:36,0 days,anytime
15:23:38,0 days,anytime
15:25:17,1 days,advance
15:28:09,1 days,advance
15:31:35,0 days,anytime
15:41:17,1 days,advance
15:44:48,0 days,anytime
15:55:59,1 days,advance
15:57:47,0 days,anytime
16:02:33,0 days,anytime
16:03:55,0 days,anytime
16:06:38,0 days,anytime
16:07:34,0 days,anytime
16:08:28,0 days,anytime
16:08:29,1 days,advance
16:10:13,0 days,anytime
16:10:30,0 days,anytime
16:10:41,0 days,anytime
16:16:46,0 days,anytime
16:16:52,0 days,anytime
16:48:09,1 days,advance
16:50:36,0 days,anytime
16:51:49,1 days,advance
17:02:13,1 days,advance
17:03:00,0 days,anytime
17:05:27,0 days,anytime
17:07:41,0 days,anytime
17:08:00,1 days,advance
17:15:01,1 days,advance
17:16:16,0 days,anytime
17:17:36,0 days,anytime
17:17:53,1 days,advance
17:19:25,1 days,advance
17:20:05,1 days,advance
17:20:59,0 days,anytime
17:23:57,0 days,anytime
17:25:15,0 days,anytime
17:25:45,0 days,anytime
17:36:21,1 days,advance
17:37:10,1 days,advance
17:37:35,1 days,advance
17:40:09,1 days,advance
17:42:15,0 days,off-peak
17:42:19,1 days,advance
17:51:24,1 days,advance
17:55:41,1 days,advance
17:59:05,0 days,off-peak
18:01:04,1 days,advance
18:07:38,0 days,off-peak
18:07:49,1 days,advance
18:16:32,0 days,anytime
18:21:03,0 days,anytime
18:32:54,0 days,off-peak
18:35:23,1 days,advance
18:37:41,0 days,off-peak
18:41:27,0 days,off-peak
18:44:40,1 days,advance
18:47:16,0 days,off-peak
18:48:49,0 days,off-peak
18:50:40,1 days,advance
18:51:04,1 days,advance
18:54:24,0 days,off-peak
18:55:07,1 days,advance
19:03:25,1 days,advance
19:15:47,1 days,advance
19:23:06,1 days,advance
19:25:30,1 days,advance
19:26:22,1 days,advance
19:27:00,1 days,advance
19:28:33,1 days,advance
19:36:31,0 days,off-peak
19:38:40,1 days,advance
19:40:26,1 days,advance
19:56:55,1 days,advance
20:01:11,0 days,off-peak
20:10:48,0 days,off-peak
20:11:48,0 days,off-peak
20:12:57,1 days,advance
20:15:15,1 days,advance
20:16:02,1 days,advance
20:23:38,1 days,advance
20:23:39,1 days,advance
20:23:40,1 days,advance
20:23:42,1 days,advance
20:24:09,1 days,advance
20:24:45,1 days,advance
20:28:32,1 days,advance
20:31:27,1 days,advance
20:47:11,0 days,off-peak
21:39:47,1 days,advance
21:43:35,1 days,advance
21:55:53,1 days,advance
22:35:02,1 days,advance
23:01:50,1 days,advance
23:03:35,1 days,advance
23:08:44,1 days,advance
23:45:02,1 days,advance
23:52:19,1 days,advance
23:55:25,1 days,advance
00:00:43,1 days,advance
00:03:23,1 days,advance
00:05:28,1 days,advance
00:17:09,0 days,off-peak
00:24:22,2 days,advance
00:30:47,2 days,advance
00:35:23,0 days,off-peak
00:37:26,0 days,off-peak
00:43:18,0 days,off-peak
00:49:13,0 days,off-peak
01:04:33,0 days,off-peak
01:05:17,0 days,off-peak
01:15:29,1 days,advance
01:16:40,0 days,off-peak
01:16:50,0 days,off-peak
01:20:48,0 days,off-peak
01:22:31,0 days,off-peak
01:27:59,1 days,advance
01:28:09,1 days,advance
01:35:12,1 days,advance
01:38:57,1 days,advance
01:44:50,0 days,off-peak
02:01:28,1 days,advance
02:06:51,0 days,off-peak
02:08:22,1 days,advance
02:09:17,0 days,off-peak
02:10:15,1 days,advance
02:39:23,0 days,off-peak
03:01:21,0 days,off-peak
03:03:58,0 days,off-peak
03:13:03,0 days,off-peak
03:30:30,1 days,advance
03:33:29,1 days,advance
03:33:47,1 days,advance
03:38:23,1 days,advance
03:39:18,1 days,advance
03:41:14,1 days,advance
03:53:31,1 days,advance
03:54:49,0 days,off-peak
04:15:47,1 days,advance
04:45:40,1 days,advance
04:47:37,0 days,anytime
04:49:25,0 days,anytime
04:50:38,0 days,anytime
04:50:54,0 days,anytime
04:57:00,0 days,anytime
05:02:43,0 days,anytime
05:04:00,0 days,anytime
05:06:38,0 days,anytime
05:06:56,0 days,anytime
05:12:09,0 days,anytime
05:19:14,0 days,anytime
05:22:54,1 days,advance
05:54:12,1 days,advance
06:00:33,1 days,advance
06:00:42,1 days,advance
06:09:06,0 days,anytime
06:09:55,0 days,anytime
06:27:26,1 days,advance
06:29:44,1 days,advance
06:31:23,0 days,anytime
06:31:33,0 days,anytime
06:33:52,0 days,anytime
06:34:40,0 days,anytime
06:35:00,0 days,anytime
06:36:35,0 days,anytime
06:41:00,1 days,advance
06:42:16,0 days,anytime
06:44:34,0 days,anytime
06:46:57,0 days,anytime
07:08:25,0 days,anytime
07:09:43,0 days,anytime
07:11:34,0 days,anytime
07:15:48,0 days,anytime
07:16:33,0 days,anytime
07:19:05,0 days,anytime
07:21:53,0 days,anytime
07:22:25,0 days,anytime
07:23:23,0 days,anytime
07:35:11,0 days,off-peak
07:40:05,0 days,off-peak
07:49:58,1 days,advance
07:50:09,0 days,anytime
07:50:48,1 days,advance
07:52:36,1 days,advance
07:59:41,1 days,advance
08:07:22,1 days,advance
08:10:47,1 days,advance
08:13:40,1 days,advance
08:17:14,1 days,advance
08:17:42,1 days,advance
08:20:32,0 days,off-peak
08:21:07,1 days,advance
08:21:14,1 days,advance
08:25:17,1 days,advance
08:25:25,1 days,advance
08:29:05,1 days,advance
08:30:34,1 days,advance
08:30:41,1 days,advance
08:34:15,1 days,advance
08:41:59,0 days,off-peak
09:00:41,0 days,off-peak
09:00:59,1 days,advance
09:07:35,1 days,advance
09:09:46,1 days,advance
09:13:49,1 days,advance
09:15:01,0 days,off-peak
09:33:39,1 days,advance
09:37:57,1 days,advance
09:40:00,1 days,advance
09:41:04,1 days,advance
09:41:22,1 days,advance
09:42:11,1 days,advance
09:43:43,1 days,advance
09:43:53,1 days,advance
09:46:25,1 days,advance
09:46:44,1 days,advance
09:47:14,1 days,advance
09:49:14,1 days,advance
09:52:57,1 days,advance
09:58:35,1 days,advance
10:17:03,1 days,advance
10:26:57,1 days,advance
10:36:01,0 days,off-peak
10:46:23,1 days,advance
10:47:37,0 days,off-peak
10:58:11,1 days,advance
11:11:22,1 days,advance
11:16:54,0 days,off-peak
11:47:37,0 days,off-peak
11:48:50,0 days,off-peak
11:52:53,0 days,off-peak
11:58:17,0 days,off-peak
12:00:50,0 days,off-peak
12:01:11,0 days,off-peak
12:15:10,0 days,off-peak
12:31:58,1 days,advance
12:43:31,1 days,advance
12:43:36,1 days,advance
12:43:52,1 days,advance
12:55:27,0 days,off-peak
13:04:43,1 days,advance
13:07:38,0 days,off-peak
13:08:16,0 days,off-peak
13:29:20,1 days,advance
13:29:58,0 days,off-peak
13:39:00,0 days,off-peak
13:41:19,0 days,off-peak
13:42:02,0 days,off-peak
13:47:47,1 days,advance
14:18:39,1 days,advance
14:22:02,1 days,advance
14:29:20,1 days,advance
14:31:31,0 days,anytime
14:33:42,0 days,anytime
14:35:51,0 days,anytime
14:36:09,0 days,anytime
14:36:32,0 days,anytime
14:37:47,1 days,advance
14:42:37,0 days,anytime
14:43:17,0 days,anytime
14:45:32,1 days,advance
14:52:20,1 days,advance
14:57:15,1 days,advance
15:13:30,1 days,advance
15:16:25,0 days,anytime
15:18:33,0 days,anytime
15:22:13,1 days,advance
15:23:23,0 days,anytime
15:31:02,0 days,anytime
15:31:14,1 days,advance
15:47:29,0 days,anytime
15:48:06,0 days,anytime
15:48:44,0 days,anytime
15:49:13,0 days,anytime
15:51:32,1 days,advance
15:52:54,0 days,anytime
15:53:09,0 days,anytime
15:54:42,0 days,anytime
15:57:58,0 days,anytime
16:03:37,1 days,advance
16:04:08,0 days,anytime
16:07:58,0 days,anytime
16:16:41,0 days,anytime
16:22:36,1 days,advance
16:22:56,1 days,advance
16:35:22,1 days,advance
16:35:36,1 days,advance
16:48:25,0 days,anytime
17:02:12,0 days,anytime
17:02:59,1 days,advance
17:04:36,1 days,advance
17:06:04,0 days,anytime
17:11:43,0 days,anytime
17:11:47,0 days,anytime
17:14:45,0 days,anytime
17:16:19,1 days,advance
17:17:11,0 days,anytime
17:18:07,0 days,anytime
17:19:59,0 days,anytime
17:21:08,0 days,anytime
17:23:19,0 days,anytime
17:28:04,0 days,anytime
17:28:47,1 days,advance
17:38:36,1 days,advance
17:39:15,1 days,advance
17:39:52,1 days,advance
17:43:54,1 days,advance
17:45:20,0 days,off-peak
17:49:03,0 days,off-peak
17:49:57,1 days,advance
17:51:06,0 days,off-peak
17:58:31,1 days,advance
17:59:47,1 days,advance
18:00:04,0 days,off-peak
18:04:57,1 days,advance
18:10:28,1 days,advance
18:10:35,1 days,advance
18:13:18,0 days,anytime
18:18:02,1 days,advance
18:21:42,0 days,anytime
18:22:55,0 days,anytime
18:25:18,0 days,off-peak
18:28:33,0 days,off-peak
18:37:10,1 days,advance
18:44:14,1 days,advance
18:57:56,1 days,advance
19:21:45,1 days,advance
19:23:30,1 days,advance
19:25:12,1 days,advance
19:25:54,1 days,advance
19:31:22,1 days,advance
19:32:06,1 days,advance
19:33:05,1 days,advance
19:38:01,1 days,advance
19:41:44,1 days,advance
19:42:03,1 days,advance
19:44:27,1 days,advance
19:57:23,1 days,advance
20:02:50,0 days,off-peak
20:10:21,1 days,advance
20:14:20,1 days,advance
20:19:42,1 days,advance
20:21:36,1 days,advance
20:21:50,1 days,advance
20:22:56,1 days,advance
20:23:45,1 days,advance
20:23:51,1 days,advance
20:23:57,1 days,advance
20:29:45,1 days,advance
20:29:47,1 days,advance
20:31:20,1 days,advance
20:35:08,0 days,off-peak
20:55:38,1 days,advance
21:32:04,1 days,advance
21:33:37,1 days,advance
21:35:00,1 days,advance
21:36:36,1 days,advance
21:42:33,1 days,advance
21:47:40,1 days,advance
21:50:50,1 days,advance
22:08:06,1 days,advance
22:36:58,1 days,advance
22:38:16,1 days,advance
22:40:41,1 days,advance
22:41:41,1 days,advance
22:43:48,1 days,advance
22:46:26,1 days,advance
23:09:23,1 days,advance
23:32:39,1 days,advance
23:39:15,1 days,advance
23:51:44,1 days,advance
23:52:14,1 days,advance
23:57:49,1 days,advance
00:00:34,1 days,advance
00:10:02,0 days,off-peak
00:13:09,1 days,advance
00:18:36,1 days,advance
00:26:27,0 days,off-peak
00:35:05,0 days,off-peak
00:46:47,0 days,off-peak
00:52:15,0 days,off-peak
01:06:45,1 days,advance
01:09:23,0 days,off-peak
01:15:23,0 days,off-peak
01:16:13,0 days,off-peak
01:16:22,1 days,advance
01:23:16,0 days,off-peak
01:25:55,0 days,off-peak
01:35:11,1 days,advance
01:41:54,1 days,advance
01:44:22,1 days,advance
02:01:52,0 days,off-peak
02:02:23,1 days,advance
02:12:22,1 days,advance
02:14:54,1 days,advance
02:48:24,0 days,off-peak
03:01:12,1 days,advance
03:06:26,0 days,off-peak
03:10:48,0 days,off-peak
03:11:34,0 days,off-peak
03:18:21,1 days,advance
03:22:02,1 days,advance
03:23:28,1 days,advance
03:25:43,0 days,off-peak
03:32:22,0 days,off-peak
03:36:10,1 days,advance
03:37:17,1 days,advance
03:44:03,0 days,off-peak
03:49:03,1 days,advance
03:57:44,0 days,off-peak
04:08:55,0 days,off-peak
04:11:38,0 days,off-peak
04:12:45,0 days,off-peak
04:18:48,1 days,advance
04:19:18,0 days,off-peak
04:38:10,0 days,anytime
04:49:28,0 days,anytime
04:49:46,1 days,advance
04:51:32,0 days,anytime
04:52:38,0 days,anytime
04:53:26,0 days,anytime
04:54:04,0 days,anytime
04:54:36,0 days,anytime
04:56:18,0 days,anytime
04:57:29,0 days,anytime
04:58:42,0 days,anytime
05:00:47,0 days,anytime
05:02:57,1 days,advance
05:04:29,0 days,anytime
05:10:46,0 days,anytime
05:11:44,0 days,anytime
05:11:50,0 days,anytime
05:14:37,0 days,anytime
05:22:21,0 days,anytime
05:27:11,0 days,anytime
05:35:01,0 days,anytime
05:42:31,0 days,anytime
05:45:33,0 days,anytime
05:49:16,1 days,advance
05:53:56,0 days,anytime
05:59:29,1 days,advance
06:03:18,0 days,anytime
06:06:20,0 days,anytime
06:07:16,0 days,anytime
06:07:26,0 days,anytime
06:09:56,1 days,advance
06:09:56,1 days,advance
06:09:58,0 days,anytime
06:11:22,1 days,advance
06:15:23,0 days,anytime
06:30:28,0 days,anytime
06:35:08,0 days,anytime
06:35:17,1 days,advance
06:39:32,0 days,anytime
06:41:10,0 days,anytime
06:42:13,0 days,anytime
06:43:10,0 days,anytime
06:44:45,0 days,anytime
06:44:54,0 days,anytime
07:16:16,0 days,anytime
07:17:25,0 days,anytime
07:18:40,0 days,anytime
07:19:26,0 days,anytime
07:19:45,0 days,anytime
07:25:53,0 days,anytime
07:27:57,0 days,anytime
07:31:48,0 days,off-peak
07:33:12,0 days,off-peak
07:37:13,0 days,off-peak
07:49:54,0 days,anytime
07:51:24,1 days,advance
07:51:41,1 days,advance
07:54:03,0 days,off-peak
08:04:27,1 days,advance
08:06:38,1 days,advance
08:11:15,1 days,advance
08:11:35,1 days,advance
08:20:10,1 days,advance
08:21:18,1 days,advance
09:02:37,0 days,off-peak
09:13:35,0 days,off-peak
09:15:35,1 days,advance
09:30:36,0 days,off-peak
09:32:16,0 days,off-peak
09:32:49,1 days,advance
09:33:30,1 days,advance
09:35:36,1 days,advance
09:40:01,0 days,off-peak
09:43:25,0 days,off-peak
09:55:18,0 days,off-peak
09:58:07,1 days,advance
09:59:03,1 days,advance
09:59:49,0 days,off-peak
10:29:47,0 days,off-peak
10:38:28,0 days,off-peak
10:41:16,1 days,advance
10:55:49,1 days,advance
11:02:20,1 days,advance
11:04:14,0 days,off-peak
11:05:34,0 days,off-peak
11:19:20,0 days,off-peak
11:25:25,0 days,off-peak
11:33:05,0 days,off-peak
11:55:11,1 days,advance
11:58:32,0 days,off-peak
11:58:49,1 days,advance
12:00:50,1 days,advance
12:05:25,0 days,off-peak
12:33:53,0 days,off-peak
12:38:39,0 days,off-peak
12:38:47,0 days,off-peak
12:48:22,1 days,advance
13:19:04,1 days,advance
13:20:46,1 days,advance
13:35:00,0 days,off-peak
13:40:37,1 days,advance
14:00:36,0 days,off-peak
14:05:43,0 days,off-peak
14:11:58,1 days,advance
14:23:42,0 days,off-peak
14:28:26,0 days,off-peak
14:32:57,1 days,advance
14:33:11,1 days,advance
14:33:56,1 days,advance
14:36:25,0 days,anytime
14:43:11,0 days,anytime
14:54:24,0 days,anytime
14:55:33,1 days,advance
15:18:37,0 days,anytime
15:19:18,0 days,anytime
15:23:55,0 days,anytime
15:33:22,0 days,anytime
15:37:15,0 days,anytime
15:44:09,1 days,advance
15:45:00,0 days,anytime
15:52:06,1 days,advance
15:55:10,0 days,anytime
16:00:51,0 days,anytime
16:02:59,0 days,anytime
16:03:00,0 days,anytime
16:07:06,0 days,anytime
16:19:27,0 days,anytime
16:23:36,0 days,anytime
16:34:09,0 days,anytime
16:37:47,1 days,advance
16:44:39,0 days,anytime
16:53:36,1 days,advance
16:55:11,1 days,advance
17:09:19,0 days,anytime
17:16:50,0 days,anytime
17:16:53,0 days,anytime
17:19:50,0 days,anytime
17:23:22,0 days,anytime
17:23:23,0 days,anytime
17:25:36,0 days,anytime
17:27:41,0 days,anytime
17:28:18,0 days,anytime
17:35:03,1 days,advance
17:35:55,1 days,advance
17:39:27,1 days,advance
17:41:39,1 days,advance
17:50:01,1 days,advance
17:57:05,1 days,advance
17:59:22,1 days,advance
18:00:19,1 days,advance
18:12:01,0 days,anytime
18:19:55,0 days,off-peak
18:41:19,0 days,off-peak
18:43:11,0 days,off-peak
18:44:25,0 days,off-peak
18:45:36,0 days,off-peak
18:46:50,1 days,advance
18:47:19,0 days,off-peak
19:05:26,0 days,off-peak
19:07:56,1 days,advance
19:20:42,1 days,advance
19:21:13,1 days,advance
19:24:56,1 days,advance
19:28:28,1 days,advance
19:30:02,1 days,advance
19:31:37,1 days,advance
19:32:48,1 days,advance
19:36:03,1 days,advance
19:36:37,1 days,advance
19:40:58,1 days,advance
19:49:19,1 days,advance
20:12:59,0 days,off-peak
20:14:07,0 days,off-peak
20:16:34,1 days,advance
20:21:55,1 days,advance
20:23:56,1 days,advance
20:24:48,1 days,advance
20:28:22,1 days,advance
20:29:48,1 days,advance
20:32:25,1 days,advance
20:32:58,1 days,advance
20:34:48,1 days,advance
20:36:19,1 days,advance
20:37:47,1 days,advance
20:45:38,0 days,off-peak
20:46:49,0 days,off-peak
20:56:03,1 days,advance
21:37:00,1 days,advance
21:51:01,1 days,advance
21:59:38,1 days,advance
22:16:37,1 days,advance
22:39:36,1 days,advance
22:40:04,1 days,advance
22:42:27,1 days,advance
22:42:35,1 days,advance
22:47:07,1 days,advance
23:09:27,1 days,advance
23:39:31,1 days,advance
23:45:58,1 days,advance
23:52:40,1 days,advance
23:53:20,1 days,advance
00:10:04,0 days,off-peak
00:11:37,0 days,off-peak
00:17:45,1 days,advance
00:23:11,2 days,advance
00:26:00,0 days,off-peak
00:31:28,0 days,off-peak
00:41:20,0 days,off-peak
00:42:17,0 days,off-peak
00:44:19,0 days,off-peak
00:46:21,0 days,off-peak
01:06:19,0 days,off-peak
01:07:43,0 days,off-peak
01:15:25,1 days,advance
01:16:50,1 days,advance
01:17:19,0 days,off-peak
01:28:35,1 days,advance
01:29:24,0 days,off-peak
01:32:00,1 days,advance
01:35:33,1 days,advance
01:40:14,1 days,advance
01:44:16,1 days,advance
01:51:27,0 days,off-peak
02:05:46,1 days,advance
02:05:47,0 days,off-peak
02:05:54,1 days,advance
02:07:37,1 days,advance
02:10:26,1 days,advance
02:16:05,0 days,off-peak
02:30:01,0 days,off-peak
02:50:59,0 days,off-peak
03:02:11,1 days,advance
03:03:32,0 days,off-peak
03:03:45,0 days,off-peak
03:04:27,0 days,off-peak
03:11:46,0 days,off-peak
03:22:08,1 days,advance
03:28:47,1 days,advance
03:31:01,1 days,advance
03:34:22,1 days,advance
03:39:42,0 days,off-peak
03:57:49,1 days,advance
04:09:41,0 days,off-peak
04:25:51,0 days,off-peak
04:47:14,1 days,advance
04:57:02,0 days,anytime
04:59:02,0 days,anytime
05:02:32,0 days,anytime
05:05:27,0 days,anytime
05:09:10,0 days,anytime
05:10:48,0 days,anytime
05:11:39,0 days,anytime
05:12:43,1 days,advance
05:12:59,0 days,anytime
05:13:45,0 days,anytime
05:23:54,1 days,advance
05:27:38,0 days,anytime
05:33:36,0 days,anytime
05:35:35,1 days,advance
05:40:26,0 days,off-peak
05:41:13,1 days,advance
05:46:54,0 days,anytime
05:56:14,1 days,advance
05:56:54,1 days,advance
05:58:05,0 days,anytime
06:03:38,1 days,advance
06:07:48,1 days,advance
06:08:11,0 days,anytime
06:12:14,0 days,anytime
06:14:06,0 days,anytime
06:14:57,0 days,anytime
06:30:02,0 days,anytime
06:31:18,0 days,anytime
06:33:17,0 days,anytime
06:33:18,0 days,anytime
06:34:23,1 days,advance
06:36:31,0 days,anytime
06:36:33,0 days,anytime
06:37:02,0 days,anytime
06:40:29,1 days,advance
06:40:35,0 days,anytime
06:41:32,0 days,anytime
06:45:52,0 days,anytime
06:57:22,1 days,advance
06:58:58,0 days,anytime
07:16:51,0 days,anytime
07:17:22,0 days,anytime
07:18:37,0 days,anytime
07:21:23,0 days,anytime
07:22:40,0 days,anytime
07:23:05,0 days,anytime
07:24:56,0 days,anytime
07:25:06,1 days,advance
07:25:09,0 days,anytime
07:36:16,0 days,off-peak
07:37:29,0 days,off-peak
07:40:10,0 days,off-peak
07:47:53,1 days,advance
07:51:19,0 days,off-peak
07:51:53,1 days,advance
07:54:48,0 days,off-peak
07:55:20,1 days,advance
07:55:55,1 days,advance
07:56:45,0 days,off-peak
07:57:13,1 days,advance
07:57:45,1 days,advance
07:58:56,1 days,advance
08:00:39,1 days,advance
08:01:58,1 days,advance
08:02:02,1 days,advance
08:03:08,1 days,advance
08:03:14,1 days,advance
08:05:22,1 days,advance
08:06:01,1 days,advance
08:06:32,1 days,advance
08:11:46,1 days,advance
08:13:04,1 days,advance
08:13:54,1 days,advance
08:13:57,1 days,advance
08:15:14,1 days,advance
08:18:07,1 days,advance
08:19:12,1 days,advance
08:19:13,1 days,advance
08:19:33,1 days,advance
08:22:42,1 days,advance
08:23:29,1 days,advance
08:28:49,1 days,advance
08:29:08,1 days,advance
08:29:54,1 days,advance
08:32:37,1 days,advance
08:37:36,0 days,off-peak
08:39:37,0 days,off-peak
08:45:33,0 days,off-peak
08:48:43,0 days,off-peak
08:54:18,1 days,advance
09:03:37,1 days,advance
09:05:09,1 days,advance
09:06:55,0 days,off-peak
09:08:44,1 days,advance
09:16:05,0 days,off-peak
09:17:16,1 days,advance
09:28:19,0 days,off-peak
09:30:05,1 days,advance
09:30:44,1 days,advance
09:32:09,0 days,off-peak
09:33:57,1 days,advance
09:36:45,1 days,advance
09:37:04,1 days,advance
09:38:51,1 days,advance
09:39:16,0 days,off-peak
09:39:50,1 days,advance
09:40:50,1 days,advance
09:41:25,1 days,advance
09:43:33,1 days,advance
09:50:56,1 days,advance
09:53:06,1 days,advance
10:29:24,1 days,advance
10:29:29,0 days,off-peak
10:30:25,0 days,off-peak
10:32:55,1 days,advance
10:36:56,1 days,advance
10:38:25,1 days,advance
10:39:54,1 days,advance
10:42:14,1 days,advance
10:42:58,0 days,off-peak
10:44:21,0 days,off-peak
10:44:31,0 days,off-peak
10:51:04,1 days,advance
11:04:44,0 days,off-peak
11:12:38,1 days,advance
11:35:01,1 days,advance
11:48:56,0 days,off-peak
11:54:53,1 days,advance
11:58:40,1 days,advance
11:59:24,1 days,advance
12:06:49,0 days,off-peak
12:08:28,0 days,off-peak
12:31:20,1 days,advance
12:31:40,1 days,advance
12:44:19,0 days,off-peak
13:01:06,1 days,advance
13:02:43,0 days,off-peak
13:20:20,0 days,off-peak
13:24:39,0 days,off-peak
13:27:20,1 days,advance
13:29:03,0 days,off-peak
13:29:16,1 days,advance
13:31:18,0 days,off-peak
13:35:16,1 days,advance
13:39:51,0 days,off-peak
14:14:07,0 days,off-peak
14:15:52,0 days,off-peak
14:16:08,0 days,off-peak
14:17:13,0 days,off-peak
14:18:49,0 days,off-peak
14:21:23,0 days,off-peak
14:28:38,0 days,off-peak
14:32:31,0 days,anytime
14:38:13,0 days,anytime
14:39:11,0 days,anytime
14:39:45,0 days,anytime
14:43:29,0 days,anytime
14:43:56,1 days,advance
14:44:36,0 days,anytime
14:45:36,1 days,advance
14:45:58,1 days,advance
14:47:40,0 days,anytime
14:47:58,0 days,anytime
14:49:21,1 days,advance
14:50:05,1 days,advance
14:58:58,0 days,anytime
15:02:58,1 days,advance
15:03:23,0 days,anytime
15:04:21,0 days,anytime
15:10:00,0 days,anytime
15:10:47,0 days,anytime
15:13:32,0 days,off-peak
15:17:27,0 days,anytime
15:28:32,1 days,advance
15:28:56,1 days,advance
15:30:01,0 days,anytime
15:32:23,0 days,anytime
15:37:32,1 days,advance
15:45:53,0 days,anytime
15:48:29,0 days,anytime
15:55:36,0 days,anytime
16:00:06,1 days,advance
16:01:28,0 days,anytime
16:13:48,1 days,advance
16:14:20,1 days,advance
16:20:56,1 days,advance
16:26:15,1 days,advance
16:44:24,0 days,anytime
17:01:57,1 days,advance
17:02:38,1 days,advance
17:09:59,0 days,anytime
17:11:34,0 days,anytime
17:15:28,1 days,advance
17:16:50,1 days,advance
17:17:57,0 days,anytime
17:18:11,0 days,anytime
17:19:40,0 days,anytime
17:20:12,0 days,anytime
17:21:42,0 days,anytime
17:22:53,0 days,anytime
17:24:45,0 days,anytime
17:25:34,1 days,advance
17:25:52,1 days,advance
17:27:46,0 days,anytime
17:27:59,0 days,anytime
17:28:08,0 days,anytime
17:28:19,0 days,anytime
17:29:24,0 days,anytime
17:31:37,1 days,advance
17:36:08,1 days,advance
17:36:28,1 days,advance
17:37:23,1 days,advance
17:39:59,1 days,advance
17:42:39,1 days,advance
17:43:01,0 days,off-peak
17:53:13,1 days,advance
17:54:45,1 days,advance
17:55:51,1 days,advance
17:58:46,1 days,advance
18:00:11,1 days,advance
18:01:56,1 days,advance
18:11:45,0 days,anytime
18:23:38,0 days,off-peak
18:48:08,1 days,advance
18:54:59,1 days,advance
18:57:44,1 days,advance
18:57:52,1 days,advance
18:58:20,0 days,off-peak
18:58:56,0 days,off-peak
19:02:35,1 days,advance
19:19:13,1 days,advance
19:23:18,1 days,advance
19:24:19,1 days,advance
19:31:19,1 days,advance
19:31:51,1 days,advance
19:32:39,1 days,advance
19:33:46,1 days,advance
19:35:00,1 days,advance
19:38:19,1 days,advance
19:39:32,1 days,advance
20:05:50,0 days,off-peak
20:08:49,1 days,advance
20:11:05,0 days,off-peak
20:14:12,0 days,off-peak
20:15:41,1 days,advance
20:16:14,1 days,advance
20:20:56,1 days,advance
20:21:46,1 days,advance
20:25:06,1 days,advance
20:27:16,1 days,advance
20:27:37,1 days,advance
20:33:11,1 days,advance
20:36:01,1 days,advance
20:36:11,0 days,off-peak
20:39:45,1 days,advance
20:43:43,1 days,advance
20:54:57,0 days,off-peak
20:57:54,0 days,off-peak
20:58:10,1 days,advance
21:25:31,1 days,advance
21:33:11,1 days,advance
21:42:40,1 days,advance
22:57:10,1 days,advance
23:04:32,1 days,advance
23:06:41,1 days,advance
23:14:02,1 days,advance
23:46:38,1 days,advance
00:11:25,0 days,off-peak
00:21:49,0 days,off-peak
00:27:36,2 days,advance
00:33:56,0 days,off-peak
00:35:01,0 days,off-peak
00:43:43,0 days,off-peak
01:02:02,0 days,off-peak
01:02:38,0 days,off-peak
01:03:56,1 days,advance
01:15:09,0 days,off-peak
01:43:06,1 days,advance
01:58:22,1 days,advance
02:06:30,1 days,advance
02:09:48,0 days,off-peak
02:38:35,0 days,off-peak
02:55:30,0 days,off-peak
03:09:00,0 days,off-peak
03:26:50,1 days,advance
03:39:44,1 days,advance
03:41:06,1 days,advance
03:44:57,1 days,advance
04:24:26,0 days,off-peak
04:46:48,1 days,advance
04:49:26,0 days,anytime
04:52:06,0 days,anytime
04:53:18,1 days,advance
04:55:08,0 days,anytime
04:56:36,0 days,anytime
04:59:48,0 days,anytime
05:00:51,0 days,anytime
05:01:34,0 days,anytime
05:02:59,1 days,advance
05:05:08,0 days,anytime
05:05:31,0 days,anytime
05:07:23,0 days,anytime
05:10:30,0 days,anytime
05:11:03,0 days,anytime
05:12:06,0 days,anytime
05:12:48,0 days,anytime
05:14:42,0 days,anytime
05:18:09,1 days,advance
05:18:54,0 days,anytime
05:20:11,0 days,anytime
05:27:38,0 days,anytime
05:30:23,0 days,anytime
05:32:07,1 days,advance
05:35:33,1 days,advance
05:47:11,0 days,anytime
05:51:09,1 days,advance
05:54:07,1 days,advance
05:54:30,1 days,advance
06:06:47,1 days,advance
06:12:59,1 days,advance
06:13:06,0 days,anytime
06:15:42,0 days,anytime
06:16:24,1 days,advance
06:30:07,1 days,advance
06:30:29,0 days,anytime
06:43:18,0 days,anytime
06:43:37,0 days,anytime
06:48:44,0 days,anytime
06:58:18,1 days,advance
06:59:18,1 days,advance
07:24:14,0 days,anytime
07:25:12,0 days,anytime
07:25:38,0 days,anytime
07:28:35,0 days,anytime
07:36:46,0 days,off-peak
07:39:59,1 days,advance
07:41:16,0 days,anytime
07:43:25,0 days,off-peak
07:45:03,0 days,off-peak
07:48:48,0 days,off-peak
07:51:10,1 days,advance
07:55:35,1 days,advance
07:56:44,1 days,advance
07:56:53,1 days,advance
07:59:15,1 days,advance
07:59:26,1 days,advance
08:00:04,1 days,advance
08:00:58,1 days,advance
08:04:17,1 days,advance
08:04:38,1 days,advance
08:08:54,1 days,advance
08:14:01,1 days,advance
08:18:25,1 days,advance
08:22:46,0 days,off-peak
08:23:25,1 days,advance
08:27:09,1 days,advance
08:27:23,1 days,advance
08:27:46,1 days,advance
08:30:51,0 days,off-peak
08:45:10,0 days,off-peak
09:00:49,1 days,advance
09:05:01,0 days,off-peak
09:14:23,1 days,advance
09:20:50,1 days,advance
09:24:32,0 days,off-peak
09:30:21,1 days,advance
09:31:34,0 days,off-peak
09:34:03,1 days,advance
09:38:22,0 days,off-peak
09:41:14,0 days,off-peak
09:41:33,1 days,advance
09:42:00,0 days,off-peak
09:46:22,0 days,off-peak
09:48:42,0 days,off-peak
09:52:51,1 days,advance
09:54:49,1 days,advance
09:59:30,0 days,off-peak
10:04:46,0 days,off-peak
10:07:04,1 days,advance
10:16:11,1 days,advance
10:22:42,1 days,advance
10:25:11,1 days,advance
10:38:32,1 days,advance
10:54:47,1 days,advance
11:15:54,1 days,advance
11:23:33,0 days,off-peak
11:27:19,0 days,off-peak
11:44:44,0 days,off-peak
11:51:20,1 days,advance
11:51:29,0 days,off-peak
11:58:47,0 days,off-peak
12:01:44,1 days,advance
12:11:41,0 days,off-peak
12:23:33,0 days,off-peak
12:39:47,1 days,advance
12:40:00,1 days,advance
12:49:41,0 days,off-peak
12:49:44,0 days,off-peak
12:58:37,0 days,off-peak
13:20:25,1 days,advance
13:26:08,1 days,advance
13:31:56,0 days,off-peak
13:33:05,1 days,advance
13:33:40,0 days,off-peak
13:34:28,0 days,off-peak
13:36:03,1 days,advance
13:43:47,0 days,off-peak
13:52:56,0 days,off-peak
14:00:10,0 days,off-peak
14:09:22,1 days,advance
14:15:50,0 days,off-peak
14:19:27,1 days,advance
14:32:26,0 days,anytime
14:35:42,0 days,anytime
14:36:04,0 days,anytime
14:37:49,1 days,advance
14:38:06,0 days,anytime
14:39:41,1 days,advance
14:45:20,0 days,anytime
14:45:30,0 days,anytime
14:47:01,0 days,anytime
14:47:11,0 days,anytime
14:50:38,0 days,anytime
14:52:48,0 days,anytime
14:54:35,1 days,advance
15:00:04,0 days,off-peak
15:04:09,1 days,advance
15:06:56,0 days,off-peak
15:12:00,0 days,anytime
15:12:33,1 days,advance
15:13:55,0 days,anytime
15:20:45,1 days,advance
15:21:06,1 days,advance
15:23:57,0 days,anytime
15:25:05,1 days,advance
15:34:20,0 days,anytime
15:40:58,0 days,anytime
15:41:51,0 days,anytime
15:44:17,0 days,anytime
15:51:56,0 days,anytime
15:52:35,0 days,anytime
15:53:21,1 days,advance
15:54:59,0 days,anytime
15:58:33,0 days,anytime
15:59:12,0 days,anytime
16:00:33,0 days,anytime
16:02:44,0 days,anytime
16:04:19,0 days,anytime
16:06:14,0 days,anytime
16:06:44,1 days,advance
16:08:06,0 days,anytime
16:11:18,0 days,anytime
16:12:03,0 days,anytime
17:05:32,0 days,anytime
17:06:26,1 days,advance
17:10:11,0 days,anytime
17:10:16,1 days,advance
17:10:42,0 days,anytime
17:15:26,0 days,anytime
17:22:17,0 days,anytime
17:22:17,0 days,anytime
17:23:04,1 days,advance
17:26:39,0 days,anytime
17:27:20,0 days,anytime
17:28:44,0 days,anytime
17:32:23,1 days,advance
17:33:00,1 days,advance
17:34:07,1 days,advance
17:34:53,1 days,advance
17:35:23,1 days,advance
17:41:03,1 days,advance
17:42:57,1 days,advance
17:44:29,1 days,advance
17:47:00,1 days,advance
17:51:40,1 days,advance
17:52:21,0 days,off-peak
17:55:36,0 days,off-peak
17:56:24,0 days,off-peak
17:57:34,1 days,advance
18:02:10,1 days,advance
18:07:06,0 days,off-peak
18:14:28,0 days,anytime
18:16:05,0 days,anytime
18:16:41,0 days,anytime
18:17:17,0 days,anytime
18:17:41,0 days,anytime
18:24:25,0 days,anytime
18:24:50,0 days,anytime
18:41:07,1 days,advance
18:41:45,0 days,off-peak
18:45:20,1 days,advance
18:48:01,0 days,off-peak
18:48:16,0 days,off-peak
18:50:09,0 days,off-peak
18:53:47,1 days,advance
18:54:40,1 days,advance
18:55:18,0 days,off-peak
18:55:25,0 days,off-peak
18:58:19,0 days,off-peak
18:58:33,1 days,advance
19:04:14,1 days,advance
19:25:33,1 days,advance
19:26:03,1 days,advance
19:26:19,1 days,advance
19:28:56,1 days,advance
19:31:01,1 days,advance
19:33:02,1 days,advance
19:33:58,1 days,advance
19:37:17,0 days,off-peak
19:37:34,0 days,off-peak
19:47:01,1 days,advance
20:16:27,1 days,advance
20:16:59,1 days,advance
20:19:00,1 days,advance
20:21:21,1 days,advance
20:25:38,1 days,advance
20:25:58,1 days,advance
20:27:34,1 days,advance
20:27:56,1 days,advance
20:28:07,1 days,advance
20:28:53,1 days,advance
20:33:54,1 days,advance
20:33:57,1 days,advance
20:35:36,0 days,off-peak
20:50:16,0 days,off-peak
21:40:35,1 days,advance
21:52:33,1 days,advance
21:54:38,1 days,advance
22:04:26,1 days,advance
22:31:11,1 days,advance
22:41:42,1 days,advance
22:43:20,1 days,advance
23:08:14,1 days,advance
23:10:07,1 days,advance
23:43:35,1 days,advance
23:50:45,1 days,advance
23:54:38,1 days,advance
00:04:31,0 days,off-peak
00:05:26,0 days,off-peak
00:07:37,0 days,off-peak
00:14:35,0 days,off-peak
00:15:42,0 days,off-peak
00:22:45,1 days,advance
00:23:50,0 days,off-peak
00:40:40,0 days,off-peak
00:49:30,0 days,off-peak
00:50:04,0 days,off-peak
01:11:55,0 days,off-peak
01:20:18,1 days,advance
01:20:35,0 days,off-peak
01:24:54,1 days,advance
01:44:22,1 days,advance
01:44:29,1 days,advance
01:59:47,1 days,advance
02:01:53,1 days,advance
02:18:43,0 days,off-peak
02:31:11,0 days,off-peak
02:35:38,1 days,advance
02:39:39,1 days,advance
02:47:12,0 days,off-peak
02:47:50,0 days,off-peak
02:48:21,0 days,off-peak
03:05:03,1 days,advance
03:08:36,0 days,off-peak
03:19:39,1 days,advance
03:31:49,1 days,advance
03:33:57,0 days,off-peak
03:44:58,0 days,off-peak
03:47:06,1 days,advance
04:04:10,0 days,off-peak
04:09:33,1 days,advance
04:11:53,1 days,advance
04:20:00,0 days,off-peak
04:27:14,0 days,off-peak
04:34:30,1 days,advance
04:46:18,0 days,off-peak
04:48:18,0 days,off-peak
04:49:48,0 days,off-peak
04:51:31,0 days,off-peak
04:53:03,0 days,off-peak
04:54:16,1 days,advance
05:01:28,0 days,off-peak
05:02:39,0 days,off-peak
05:04:42,1 days,advance
05:04:58,0 days,off-peak
05:07:24,0 days,off-peak
05:10:23,0 days,off-peak
05:13:35,0 days,off-peak
05:14:16,0 days,off-peak
05:20:25,0 days,off-peak
05:20:57,1 days,advance
05:21:44,0 days,off-peak
05:21:53,1 days,advance
05:22:55,0 days,off-peak
05:25:23,0 days,off-peak
06:04:18,1 days,advance
06:04:49,0 days,off-peak
06:05:45,0 days,off-peak
06:06:47,0 days,off-peak
06:08:07,1 days,advance
06:10:37,0 days,off-peak
06:14:55,0 days,off-peak
06:25:04,0 days,off-peak
06:31:21,1 days,advance
06:32:09,0 days,off-peak
06:32:34,0 days,off-peak
06:35:48,0 days,off-peak
06:39:02,0 days,off-peak
06:41:17,0 days,off-peak
06:42:24,0 days,off-peak
06:43:11,1 days,advance
06:44:42,0 days,off-peak
06:48:10,0 days,off-peak
06:55:10,0 days,off-peak
06:56:26,0 days,off-peak
06:57:23,0 days,off-peak
06:59:21,1 days,advance
07:24:37,0 days,off-peak
07:25:03,0 days,off-peak
07:27:54,1 days,advance
07:28:27,1 days,advance
07:45:13,1 days,advance
07:45:44,0 days,off-peak
07:46:34,0 days,off-peak
07:51:52,1 days,advance
07:54:05,1 days,advance
07:56:05,0 days,off-peak
07:56:31,1 days,advance
08:13:18,1 days,advance
08:15:03,0 days,off-peak
08:16:53,1 days,advance
08:17:01,0 days,off-peak
08:17:40,1 days,advance
08:21:14,1 days,advance
08:24:07,1 days,advance
08:25:11,1 days,advance
08:26:58,1 days,advance
08:28:17,1 days,advance
08:46:16,1 days,advance
09:11:31,0 days,off-peak
09:13:55,1 days,advance
09:14:22,1 days,advance
09:22:17,1 days,advance
09:27:59,0 days,off-peak
09:34:06,1 days,advance
09:36:05,1 days,advance
09:37:38,1 days,advance
09:41:03,1 days,advance
09:44:14,0 days,off-peak
09:57:25,1 days,advance
10:17:11,1 days,advance
10:18:32,0 days,off-peak
10:19:56,0 days,off-peak
10:27:00,0 days,off-peak
10:32:31,1 days,advance
10:37:02,1 days,advance
10:39:38,1 days,advance
10:43:50,0 days,off-peak
10:49:09,0 days,off-peak
11:13:50,0 days,off-peak
11:15:12,0 days,off-peak
11:24:43,1 days,advance
11:28:44,1 days,advance
11:36:48,1 days,advance
11:38:52,0 days,off-peak
11:52:58,0 days,off-peak
11:53:49,0 days,off-peak
12:02:38,1 days,advance
12:02:45,0 days,off-peak
12:03:33,0 days,off-peak
12:04:27,1 days,advance
12:07:39,1 days,advance
12:10:05,0 days,off-peak
12:37:40,1 days,advance
12:45:58,0 days,off-peak
12:55:05,1 days,advance
13:19:56,1 days,advance
13:26:52,1 days,advance
13:27:26,0 days,off-peak
13:28:21,0 days,off-peak
13:29:22,0 days,off-peak
13:32:18,0 days,off-peak
13:34:11,1 days,advance
13:36:01,1 days,advance
13:57:13,0 days,off-peak
14:09:21,1 days,advance
14:11:03,0 days,off-peak
14:15:46,0 days,off-peak
14:16:32,0 days,off-peak
14:28:30,0 days,off-peak
14:30:44,0 days,off-peak
14:30:56,0 days,off-peak
14:32:12,0 days,off-peak
14:42:48,1 days,advance
14:48:06,0 days,off-peak
14:51:21,1 days,advance
14:51:23,0 days,off-peak
14:52:43,0 days,off-peak
14:53:06,0 days,off-peak
14:55:05,1 days,advance
15:09:05,1 days,advance
15:10:36,1 days,advance
15:12:23,0 days,off-peak
15:14:18,0 days,off-peak
15:19:27,0 days,off-peak
15:19:27,1 days,advance
15:20:35,0 days,off-peak
15:27:01,1 days,advance
15:37:01,0 days,off-peak
15:40:50,1 days,advance
15:47:37,0 days,off-peak
15:57:05,0 days,off-peak
16:01:13,0 days,off-peak
16:04:26,1 days,advance
16:05:41,0 days,off-peak
16:10:27,0 days,off-peak
16:14:01,1 days,advance
16:58:39,1 days,advance
17:05:06,1 days,advance
17:13:07,1 days,advance
17:13:37,1 days,advance
17:15:43,1 days,advance
17:19:22,0 days,off-peak
17:20:27,0 days,off-peak
17:20:27,0 days,off-peak
17:21:23,0 days,off-peak
17:23:20,0 days,off-peak
17:23:45,0 days,off-peak
17:24:21,0 days,off-peak
17:26:07,0 days,off-peak
17:26:25,0 days,off-peak
17:32:09,1 days,advance
17:32:38,1 days,advance
17:34:32,1 days,advance
17:36:00,1 days,advance
17:39:32,0 days,off-peak
17:43:05,1 days,advance
17:43:09,1 days,advance
17:49:43,1 days,advance
17:53:58,1 days,advance
18:00:44,0 days,off-peak
18:02:32,1 days,advance
18:03:51,1 days,advance
18:11:26,0 days,off-peak
18:12:37,0 days,off-peak
18:13:31,0 days,off-peak
18:33:36,1 days,advance
18:39:43,1 days,advance
18:40:34,1 days,advance
18:46:12,1 days,advance
18:50:36,0 days,off-peak
18:51:55,1 days,advance
18:53:56,1 days,advance
18:58:24,0 days,off-peak
18:58:57,1 days,advance
19:22:38,1 days,advance
19:23:10,1 days,advance
19:37:56,1 days,advance
19:39:22,1 days,advance
20:08:00,1 days,advance
20:10:16,1 days,advance
20:13:28,1 days,advance
20:15:13,1 days,advance
20:15:27,1 days,advance
20:15:43,1 days,advance
20:16:01,1 days,advance
20:18:36,1 days,advance
20:19:43,1 days,advance
20:20:11,1 days,advance
20:20:41,1 days,advance
20:21:57,1 days,advance
20:22:23,1 days,advance
20:23:14,1 days,advance
20:25:05,1 days,advance
20:26:02,1 days,advance
20:26:25,1 days,advance
20:27:06,1 days,advance
20:31:01,1 days,advance
20:32:34,0 days,off-peak
20:33:21,1 days,advance
20:50:05,0 days,off-peak
20:51:20,1 days,advance
20:52:49,0 days,off-peak
20:55:19,1 days,advance
20:56:00,1 days,advance
20:59:28,0 days,off-peak
21:41:49,1 days,advance
21:46:45,1 days,advance
21:52:38,1 days,advance
22:03:12,1 days,advance
22:08:01,1 days,advance
22:24:25,1 days,advance
23:03:01,1 days,advance
23:03:35,1 days,advance
23:08:11,1 days,advance
23:09:28,1 days,advance
23:53:29,1 days,advance
00:00:41,1 days,advance
00:02:23,0 days,off-peak
00:11:43,0 days,off-peak
00:23:28,0 days,off-peak
00:32:39,0 days,off-peak
00:32:47,0 days,off-peak
00:32:58,2 days,advance
00:33:00,2 days,advance
00:34:17,0 days,off-peak
00:34:37,0 days,off-peak
00:40:41,0 days,off-peak
00:43:51,0 days,off-peak
01:01:32,1 days,advance
01:30:00,1 days,advance
01:44:30,0 days,off-peak
02:11:17,1 days,advance
02:19:57,0 days,off-peak
02:33:34,1 days,advance
02:45:53,0 days,off-peak
03:01:13,0 days,off-peak
03:01:32,0 days,off-peak
03:11:28,0 days,off-peak
03:15:24,0 days,off-peak
03:33:15,1 days,advance
03:36:48,0 days,off-peak
03:46:36,1 days,advance
03:58:14,0 days,off-peak
04:01:10,0 days,off-peak
04:45:47,0 days,off-peak
04:49:37,0 days,off-peak
04:53:10,0 days,off-peak
04:58:06,0 days,off-peak
05:00:02,0 days,off-peak
05:02:14,0 days,off-peak
05:05:19,1 days,advance
05:06:16,0 days,off-peak
05:07:28,0 days,off-peak
05:08:53,1 days,advance
05:13:38,1 days,advance
05:17:12,0 days,off-peak
05:18:53,0 days,off-peak
05:29:12,1 days,advance
05:31:12,0 days,off-peak
05:32:48,1 days,advance
05:37:30,0 days,off-peak
05:40:55,0 days,off-peak
05:43:56,0 days,off-peak
06:00:46,0 days,off-peak
06:01:20,1 days,advance
06:02:19,0 days,off-peak
06:02:56,1 days,advance
06:03:06,1 days,advance
06:03:59,1 days,advance
06:05:33,0 days,off-peak
06:07:38,0 days,off-peak
06:08:46,1 days,advance
06:09:06,0 days,off-peak
06:09:48,0 days,off-peak
06:12:56,0 days,off-peak
06:13:55,1 days,advance
06:17:13,0 days,off-peak
06:22:53,1 days,advance
06:30:50,1 days,advance
06:35:04,0 days,off-peak
06:35:18,0 days,off-peak
06:37:28,0 days,off-peak
06:39:07,1 days,advance
06:42:45,1 days,advance
06:45:43,0 days,off-peak
07:03:54,1 days,advance
07:07:55,0 days,off-peak
07:17:19,0 days,off-peak
07:17:42,0 days,off-peak
07:19:09,0 days,off-peak
07:19:20,0 days,off-peak
07:20:09,0 days,off-peak
07:26:20,0 days,off-peak
07:29:31,1 days,advance
07:43:24,0 days,off-peak
07:45:01,1 days,advance
07:51:17,1 days,advance
07:52:48,1 days,advance
07:55:55,1 days,advance
07:56:37,1 days,advance
07:57:12,1 days,advance
07:57:27,1 days,advance
07:58:06,1 days,advance
08:06:50,1 days,advance
08:11:13,1 days,advance
08:11:41,1 days,advance
08:11:49,1 days,advance
08:12:12,0 days,off-peak
08:16:18,1 days,advance
08:16:54,1 days,advance
08:17:54,1 days,advance
08:18:01,1 days,advance
08:20:55,1 days,advance
08:22:35,1 days,advance
08:22:46,1 days,advance
08:25:14,1 days,advance
08:25:25,0 days,off-peak
08:25:30,1 days,advance
08:27:30,1 days,advance
08:28:21,1 days,advance
08:28:55,0 days,off-peak
08:29:05,0 days,off-peak
08:29:47,1 days,advance
08:44:25,1 days,advance
08:59:21,0 days,off-peak
09:01:41,1 days,advance
09:04:33,0 days,off-peak
09:06:11,1 days,advance
09:07:33,1 days,advance
09:18:59,0 days,off-peak
09:31:25,1 days,advance
09:33:03,1 days,advance
09:34:05,1 days,advance
09:36:23,0 days,off-peak
09:36:27,1 days,advance
09:36:59,1 days,advance
09:40:11,0 days,off-peak
09:40:58,0 days,off-peak
09:49:04,1 days,advance
09:54:31,1 days,advance
09:56:10,1 days,advance
09:57:41,1 days,advance
10:21:51,1 days,advance
10:30:13,0 days,off-peak
10:36:40,0 days,off-peak
10:47:25,1 days,advance
10:54:33,0 days,off-peak
10:58:40,1 days,advance
11:04:02,1 days,advance
11:32:55,0 days,off-peak
11:37:29,0 days,off-peak
11:45:29,1 days,advance
12:03:45,1 days,advance
12:14:00,1 days,advance
12:23:20,0 days,off-peak
12:24:36,0 days,off-peak
12:31:13,1 days,advance
12:38:54,0 days,off-peak
12:39:42,0 days,off-peak
12:40:26,1 days,advance
12:42:08,1 days,advance
12:44:55,0 days,off-peak
12:46:48,0 days,off-peak
12:49:25,1 days,advance
12:56:20,0 days,off-peak
13:14:01,0 days,off-peak
13:27:04,0 days,off-peak
13:28:13,1 days,advance
13:35:00,1 days,advance
13:40:23,0 days,off-peak
14:10:00,0 days,off-peak
14:17:18,0 days,off-peak
14:24:18,0 days,off-peak
14:25:28,0 days,off-peak
14:27:53,0 days,off-peak
14:32:14,0 days,off-peak
14:32:58,0 days,off-peak
14:33:58,0 days,off-peak
14:34:44,0 days,off-peak
14:34:56,0 days,off-peak
14:39:51,0 days,off-peak
14:40:32,1 days,advance
14:41:35,0 days,off-peak
14:42:11,0 days,off-peak
14:53:19,0 days,off-peak
14:57:57,1 days,advance
15:05:50,0 days,off-peak
15:09:33,1 days,advance
15:13:03,0 days,off-peak
15:13:54,0 days,off-peak
15:14:51,0 days,off-peak
15:17:26,1 days,advance
15:19:10,0 days,off-peak
15:33:06,0 days,off-peak
15:34:16,0 days,off-peak
15:43:21,0 days,off-peak
15:52:52,0 days,off-peak
15:55:57,0 days,off-peak
16:06:32,0 days,off-peak
16:07:04,1 days,advance
16:08:02,0 days,off-peak
16:12:18,0 days,off-peak
16:18:28,0 days,off-peak
16:24:16,1 days,advance
16:25:15,1 days,advance
16:33:55,1 days,advance
16:49:30,1 days,advance
16:58:53,0 days,off-peak
17:01:01,1 days,advance
17:03:39,0 days,off-peak
17:03:54,1 days,advance
17:09:37,1 days,advance
17:16:49,1 days,advance
17:16:50,0 days,off-peak
17:16:58,0 days,off-peak
17:18:04,0 days,off-peak
17:18:13,0 days,off-peak
17:19:23,0 days,off-peak
17:21:43,0 days,off-peak
17:22:02,0 days,off-peak
17:22:18,0 days,off-peak
17:24:16,0 days,off-peak
17:24:58,1 days,advance
17:27:09,1 days,advance
17:28:34,0 days,off-peak
17:34:22,1 days,advance
17:39:08,1 days,advance
17:45:41,1 days,advance
17:50:11,1 days,advance
17:52:11,1 days,advance
17:58:19,1 days,advance
18:14:41,1 days,advance
18:14:46,0 days,off-peak
18:15:01,0 days,off-peak
18:15:50,1 days,advance
18:17:13,0 days,off-peak
18:18:17,0 days,off-peak
18:18:59,0 days,off-peak
18:32:28,0 days,off-peak
18:42:29,1 days,advance
18:44:45,0 days,off-peak
18:55:44,1 days,advance
18:57:28,0 days,off-peak
19:03:48,1 days,advance
19:10:05,0 days,off-peak
19:21:34,1 days,advance
19:28:07,1 days,advance
19:31:15,1 days,advance
19:35:48,0 days,off-peak
19:36:03,1 days,advance
19:38:45,1 days,advance
19:40:25,1 days,advance
19:41:43,1 days,advance
20:21:07,1 days,advance
20:21:36,1 days,advance
20:22:16,1 days,advance
20:22:38,1 days,advance
20:22:43,1 days,advance
20:23:03,1 days,advance
20:24:43,1 days,advance
20:24:53,1 days,advance
20:26:43,1 days,advance
20:26:49,1 days,advance
20:27:08,1 days,advance
20:29:09,1 days,advance
20:30:28,0 days,off-peak
20:54:16,1 days,advance
21:42:48,1 days,advance
21:47:05,1 days,advance
21:52:46,1 days,advance
22:15:34,1 days,advance
22:32:28,1 days,advance
22:33:41,1 days,advance
22:33:55,1 days,advance
22:37:32,1 days,advance
22:38:26,1 days,advance
22:40:52,1 days,advance
22:44:25,1 days,advance
22:54:23,1 days,advance
23:01:06,1 days,advance
23:06:56,1 days,advance
23:47:53,1 days,advance
23:50:10,1 days,advance
00:02:55,0 days,off-peak
00:14:32,0 days,off-peak
00:19:14,0 days,off-peak
00:25:30,0 days,off-peak
00:28:44,2 days,advance
00:33:50,0 days,off-peak
00:34:12,2 days,advance
00:47:32,0 days,off-peak
01:07:15,1 days,advance
01:08:08,1 days,advance
01:15:34,1 days,advance
01:17:18,0 days,off-peak
01:18:16,0 days,off-peak
01:18:51,1 days,advance
01:20:42,0 days,off-peak
01:22:07,0 days,off-peak
01:27:55,1 days,advance
01:38:35,1 days,advance
02:08:38,1 days,advance
02:45:08,0 days,off-peak
02:57:12,1 days,advance
02:57:13,0 days,off-peak
02:57:37,0 days,off-peak
03:05:59,0 days,off-peak
03:09:33,1 days,advance
03:15:14,0 days,off-peak
03:16:59,0 days,off-peak
03:21:42,1 days,advance
03:43:51,1 days,advance
03:48:12,0 days,off-peak
03:57:20,1 days,advance
04:09:50,0 days,off-peak
04:10:16,0 days,off-peak
04:22:05,0 days,off-peak
04:41:51,1 days,advance
04:47:49,0 days,anytime
04:50:31,0 days,anytime
04:50:41,0 days,anytime
04:54:50,1 days,advance
04:56:49,0 days,anytime
04:58:24,0 days,anytime
05:01:50,0 days,anytime
05:05:27,0 days,anytime
05:05:53,0 days,anytime
05:06:31,0 days,anytime
05:07:04,0 days,anytime
05:07:24,0 days,anytime
05:07:26,1 days,advance
05:07:53,0 days,anytime
05:13:39,0 days,anytime
05:14:46,0 days,anytime
05:26:47,0 days,anytime
05:26:51,0 days,anytime
05:40:36,0 days,anytime
05:41:13,1 days,advance
05:47:28,1 days,advance
05:52:40,1 days,advance
05:54:04,1 days,advance
06:01:56,0 days,anytime
06:02:23,1 days,advance
06:02:42,1 days,advance
06:03:29,0 days,anytime
06:06:21,1 days,advance
06:07:10,0 days,anytime
06:13:48,0 days,anytime
06:31:17,0 days,anytime
06:34:48,0 days,anytime
06:35:58,0 days,anytime
06:37:31,0 days,anytime
06:38:50,0 days,anytime
06:39:12,0 days,anytime
06:42:16,0 days,anytime
06:42:39,0 days,anytime
06:44:19,0 days,anytime
06:44:30,0 days,anytime
07:01:40,1 days,advance
07:26:06,0 days,anytime
07:29:48,0 days,anytime
07:37:49,1 days,advance
07:43:07,0 days,off-peak
07:45:05,1 days,advance
07:47:38,1 days,advance
07:49:18,1 days,advance
07:53:20,0 days,off-peak
07:54:34,1 days,advance
07:54:40,1 days,advance
07:56:02,1 days,advance
07:56:41,1 days,advance
08:00:03,1 days,advance
08:04:21,1 days,advance
08:05:01,1 days,advance
08:05:46,1 days,advance
08:12:55,1 days,advance
08:14:16,1 days,advance
08:15:25,1 days,advance
08:16:30,1 days,advance
08:16:39,1 days,advance
08:21:29,0 days,off-peak
08:33:24,1 days,advance
08:38:05,1 days,advance
08:42:29,1 days,advance
09:01:32,1 days,advance
09:09:35,1 days,advance
09:11:17,1 days,advance
09:14:12,1 days,advance
09:31:20,1 days,advance
09:33:14,1 days,advance
09:33:29,0 days,off-peak
09:33:38,1 days,advance
09:33:47,1 days,advance
09:35:22,1 days,advance
09:36:29,1 days,advance
09:36:51,1 days,advance
09:37:01,1 days,advance
09:40:28,1 days,advance
09:41:53,1 days,advance
09:43:20,1 days,advance
09:44:31,1 days,advance
09:44:54,1 days,advance
09:47:02,1 days,advance
09:48:48,1 days,advance
09:49:15,1 days,advance
10:21:05,1 days,advance
10:21:58,1 days,advance
10:22:33,1 days,advance
10:27:53,0 days,off-peak
10:38:47,1 days,advance
10:40:32,1 days,advance
10:51:53,1 days,advance
10:56:00,1 days,advance
11:08:21,1 days,advance
11:16:48,0 days,off-peak
11:28:33,0 days,off-peak
11:33:55,0 days,off-peak
11:40:36,0 days,off-peak
11:45:43,0 days,off-peak
11:49:03,0 days,off-peak
11:54:28,1 days,advance
12:00:53,1 days,advance
12:09:16,0 days,off-peak
12:18:52,0 days,off-peak
12:21:32,0 days,off-peak
12:22:06,0 days,off-peak
12:26:01,1 days,advance
12:27:55,0 days,off-peak
12:38:42,0 days,off-peak
12:38:52,1 days,advance
12:41:36,1 days,advance
13:00:04,1 days,advance
13:19:00,1 days,advance
13:20:40,0 days,off-peak
13:28:26,1 days,advance
13:30:52,1 days,advance
13:32:38,1 days,advance
13:32:48,1 days,advance
13:33:46,0 days,off-peak
13:39:42,1 days,advance
13:56:46,0 days,off-peak
14:01:10,0 days,off-peak
14:06:38,1 days,advance
14:08:06,0 days,off-peak
14:10:32,0 days,off-peak
14:28:21,0 days,off-peak
14:30:15,0 days,anytime
14:31:31,0 days,anytime
14:32:50,0 days,anytime
14:34:14,0 days,anytime
14:34:32,0 days,anytime
14:37:50,0 days,anytime
14:38:17,1 days,advance
14:44:44,0 days,anytime
14:44:54,1 days,advance
14:46:29,1 days,advance
14:50:52,0 days,anytime
14:51:19,1 days,advance
14:51:51,0 days,anytime
14:52:15,1 days,advance
14:56:33,1 days,advance
14:56:45,0 days,anytime
14:56:58,1 days,advance
15:02:27,0 days,off-peak
15:12:53,1 days,advance
15:13:45,1 days,advance
15:19:21,0 days,anytime
15:24:26,0 days,anytime
15:28:01,1 days,advance
15:38:51,0 days,anytime
15:39:48,1 days,advance
15:43:11,0 days,anytime
15:49:20,0 days,anytime
15:50:10,1 days,advance
15:59:16,1 days,advance
16:02:52,0 days,anytime
16:04:02,0 days,anytime
16:06:10,1 days,advance
16:06:22,0 days,anytime
16:07:37,0 days,anytime
16:08:16,0 days,anytime
16:09:45,0 days,anytime
16:10:57,0 days,anytime
16:21:37,0 days,anytime
16:24:25,0 days,anytime
16:27:48,0 days,anytime
16:44:21,1 days,advance
16:53:51,1 days,advance
17:01:20,0 days,anytime
17:13:27,0 days,anytime
17:15:39,1 days,advance
17:21:29,0 days,anytime
17:21:34,0 days,anytime
17:21:36,0 days,anytime
17:23:09,0 days,anytime
17:28:23,1 days,advance
17:29:58,0 days,anytime
17:31:46,1 days,advance
17:34:01,1 days,advance
17:35:40,1 days,advance
17:36:13,1 days,advance
17:36:13,1 days,advance
17:41:51,1 days,advance
17:44:16,1 days,advance
17:45:53,1 days,advance
17:47:32,1 days,advance
17:49:05,1 days,advance
17:54:22,1 days,advance
17:56:49,1 days,advance
17:59:54,1 days,advance
18:11:39,0 days,anytime
18:12:17,0 days,anytime
18:33:50,1 days,advance
18:51:01,0 days,off-peak
18:52:10,1 days,advance
19:23:56,1 days,advance
19:24:19,1 days,advance
19:29:19,1 days,advance
19:30:58,1 days,advance
19:34:14,1 days,advance
19:38:08,1 days,advance
19:43:30,1 days,advance
20:03:13,0 days,off-peak
20:07:02,0 days,off-peak
20:08:01,1 days,advance
20:11:23,0 days,off-peak
20:15:10,1 days,advance
20:16:10,1 days,advance
20:17:58,1 days,advance
20:19:06,1 days,advance
20:20:10,1 days,advance
20:20:13,1 days,advance
20:20:38,1 days,advance
20:24:16,1 days,advance
20:28:45,1 days,advance
20:28:55,1 days,advance
20:30:49,1 days,advance
20:43:42,0 days,off-peak
20:49:38,0 days,off-peak
20:56:36,1 days,advance
21:12:22,1 days,advance
21:32:14,1 days,advance
21:44:53,1 days,advance
21:56:29,1 days,advance
22:34:58,1 days,advance
22:35:04,1 days,advance
22:54:02,1 days,advance
23:06:22,1 days,advance
23:44:16,1 days,advance
00:01:07,0 days,off-peak
00:07:40,1 days,advance
00:09:35,0 days,off-peak
00:18:47,0 days,off-peak
00:41:40,0 days,off-peak
00:54:34,0 days,off-peak
01:08:54,1 days,advance
01:10:30,0 days,off-peak
01:22:41,1 days,advance
01:26:37,0 days,off-peak
01:27:21,0 days,off-peak
01:28:26,0 days,off-peak
01:28:40,0 days,off-peak
01:37:43,1 days,advance
01:46:51,0 days,off-peak
01:50:24,1 days,advance
02:04:25,1 days,advance
02:04:31,0 days,off-peak
02:12:09,0 days,off-peak
02:20:24,0 days,off-peak
02:26:45,0 days,off-peak
02:47:13,0 days,off-peak
02:51:57,0 days,off-peak
03:03:20,0 days,off-peak
03:15:32,1 days,advance
03:23:04,1 days,advance
03:24:12,0 days,off-peak
03:34:58,1 days,advance
03:39:35,1 days,advance
03:45:44,0 days,off-peak
03:50:53,1 days,advance
03:51:03,1 days,advance
03:54:17,1 days,advance
03:57:17,1 days,advance
03:57:34,1 days,advance
04:00:33,0 days,off-peak
04:09:34,1 days,advance
04:10:06,0 days,off-peak
04:26:12,0 days,off-peak
04:27:09,0 days,off-peak
04:28:26,0 days,off-peak
04:41:41,1 days,advance
04:52:50,0 days,anytime
04:54:55,0 days,anytime
05:01:24,1 days,advance
05:02:45,0 days,anytime
05:06:39,0 days,anytime
05:07:36,0 days,anytime
05:07:44,1 days,advance
05:10:25,0 days,anytime
05:14:29,0 days,anytime
05:20:04,0 days,anytime
05:26:12,0 days,anytime
05:36:51,0 days,anytime
05:41:20,1 days,advance
05:51:07,1 days,advance
06:00:33,0 days,anytime
06:00:38,0 days,anytime
06:02:21,0 days,anytime
06:03:10,0 days,anytime
06:05:07,0 days,anytime
06:05:12,0 days,anytime
06:05:33,0 days,anytime
06:08:01,0 days,anytime
06:09:09,1 days,advance
06:13:42,1 days,advance
06:31:31,1 days,advance
06:34:34,0 days,anytime
06:39:48,0 days,anytime
06:42:26,0 days,anytime
06:52:27,0 days,anytime
07:16:51,0 days,anytime
07:17:51,0 days,anytime
07:19:10,0 days,anytime
07:20:41,0 days,anytime
07:21:24,0 days,anytime
07:21:53,0 days,anytime
07:22:06,0 days,anytime
07:22:40,0 days,anytime
07:25:06,0 days,anytime
07:30:05,0 days,off-peak
07:39:59,0 days,off-peak
07:41:49,0 days,off-peak
07:42:16,0 days,off-peak
07:42:53,0 days,off-peak
07:43:15,0 days,off-peak
07:52:02,1 days,advance
07:52:48,1 days,advance
07:54:56,1 days,advance
07:56:05,0 days,off-peak
07:57:26,1 days,advance
07:57:54,0 days,off-peak
08:00:12,1 days,advance
08:01:10,1 days,advance
08:01:31,0 days,off-peak
08:03:15,1 days,advance
08:06:10,1 days,advance
08:09:46,1 days,advance
08:10:28,1 days,advance
08:14:54,1 days,advance
08:16:13,1 days,advance
08:16:47,1 days,advance
08:16:51,1 days,advance
08:19:50,1 days,advance
08:21:18,1 days,advance
08:21:49,1 days,advance
08:22:28,1 days,advance
08:24:47,1 days,advance
08:25:03,1 days,advance
08:25:36,1 days,advance
08:25:38,1 days,advance
08:28:14,1 days,advance
08:28:55,1 days,advance
08:37:42,1 days,advance
08:38:35,1 days,advance
08:40:50,0 days,off-peak
09:00:00,0 days,off-peak
09:04:03,1 days,advance
09:20:45,1 days,advance
09:26:59,0 days,off-peak
09:27:54,0 days,off-peak
09:31:18,0 days,off-peak
09:32:46,1 days,advance
09:33:20,1 days,advance
09:33:30,1 days,advance
09:36:37,1 days,advance
09:37:09,1 days,advance
09:37:18,1 days,advance
09:37:40,1 days,advance
09:37:58,1 days,advance
09:40:17,1 days,advance
09:44:37,1 days,advance
09:53:43,1 days,advance
10:28:51,1 days,advance
10:30:50,1 days,advance
10:45:34,1 days,advance
10:47:48,1 days,advance
10:53:23,1 days,advance
10:53:24,0 days,off-peak
11:06:51,0 days,off-peak
11:10:39,0 days,off-peak
11:24:44,1 days,advance
11:31:44,0 days,off-peak
11:50:51,0 days,off-peak
11:51:02,0 days,off-peak
12:13:38,0 days,off-peak
12:20:38,0 days,off-peak
12:22:02,0 days,off-peak
12:22:24,1 days,advance
12:31:27,1 days,advance
12:34:33,0 days,off-peak
12:35:19,1 days,advance
12:51:47,1 days,advance
13:08:06,0 days,off-peak
13:32:22,1 days,advance
13:46:59,0 days,off-peak
14:03:58,0 days,off-peak
14:14:15,0 days,off-peak
14:19:37,1 days,advance
14:23:01,1 days,advance
14:23:51,0 days,off-peak
14:26:34,1 days,advance
14:30:59,0 days,anytime
14:34:57,0 days,anytime
14:35:30,0 days,anytime
14:40:29,0 days,anytime
14:45:39,1 days,advance
14:45:51,0 days,anytime
14:48:29,1 days,advance
14:49:43,0 days,anytime
14:51:50,1 days,advance
14:53:45,0 days,anytime
15:02:42,0 days,anytime
15:12:38,1 days,advance
15:12:43,0 days,anytime
15:15:26,1 days,advance
15:20:22,0 days,anytime
15:23:53,1 days,advance
15:26:52,1 days,advance
15:34:24,0 days,anytime
15:35:03,0 days,anytime
15:37:43,1 days,advance
15:39:08,0 days,anytime
15:44:57,0 days,anytime
15:46:32,0 days,anytime
15:50:05,1 days,advance
15:54:47,0 days,anytime
16:02:00,0 days,anytime
16:04:40,1 days,advance
16:06:11,0 days,anytime
16:07:59,0 days,anytime
16:11:19,0 days,anytime
16:13:06,0 days,anytime
16:14:45,0 days,anytime
16:34:57,1 days,advance
16:37:00,1 days,advance
17:01:41,1 days,advance
17:02:15,1 days,advance
17:04:01,0 days,anytime
17:04:38,0 days,anytime
17:09:06,0 days,anytime
17:10:46,0 days,anytime
17:11:08,0 days,anytime
17:17:28,0 days,anytime
17:21:21,0 days,anytime
17:21:24,0 days,anytime
17:25:13,1 days,advance
17:26:23,0 days,anytime
17:27:21,0 days,anytime
17:27:27,0 days,anytime
17:28:23,0 days,anytime
17:29:08,0 days,anytime
17:31:28,1 days,advance
17:38:41,0 days,off-peak
17:39:41,1 days,advance
17:42:26,1 days,advance
17:58:08,1 days,advance
18:07:36,1 days,advance
18:17:17,0 days,anytime
18:19:41,0 days,anytime
18:23:16,0 days,anytime
18:24:47,1 days,advance
18:33:02,1 days,advance
18:35:25,0 days,off-peak
18:40:31,1 days,advance
18:42:20,0 days,off-peak
18:43:01,0 days,off-peak
18:47:27,1 days,advance
18:48:32,0 days,off-peak
18:50:00,1 days,advance
18:51:32,0 days,off-peak
18:55:30,0 days,off-peak
18:56:59,0 days,off-peak
19:04:48,0 days,off-peak
19:12:33,0 days,off-peak
19:13:57,1 days,advance
19:21:47,1 days,advance
19:27:01,1 days,advance
19:30:00,0 days,off-peak
19:30:03,1 days,advance
19:35:00,1 days,advance
20:05:42,0 days,off-peak
20:15:02,1 days,advance
20:16:53,1 days,advance
20:17:56,1 days,advance
20:18:00,1 days,advance
20:19:33,1 days,advance
20:20:49,1 days,advance
20:22:21,1 days,advance
20:22:43,1 days,advance
20:24:13,1 days,advance
20:27:19,1 days,advance
20:27:19,1 days,advance
20:34:11,1 days,advance
20:50:24,0 days,off-peak
20:53:43,0 days,off-peak
21:45:22,1 days,advance
21:47:33,1 days,advance
21:49:31,1 days,advance
21:50:53,1 days,advance
21:54:03,1 days,advance
22:04:24,1 days,advance
22:06:53,1 days,advance
22:36:06,1 days,advance
22:46:15,1 days,advance
22:51:52,1 days,advance
22:58:20,1 days,advance
22:59:45,1 days,advance
23:00:20,1 days,advance
23:14:47,1 days,advance
23:29:54,1 days,advance
23:52:43,1 days,advance
23:55:17,1 days,advance
23:57:11,1 days,advance
00:00:30,0 days,off-peak
00:01:09,0 days,off-peak
00:11:50,0 days,off-peak
00:19:38,0 days,off-peak
00:20:13,0 days,off-peak
00:22:16,0 days,off-peak
00:22:33,0 days,off-peak
00:28:05,2 days,advance
00:30:23,2 days,advance
00:31:21,2 days,advance
00:32:47,2 days,advance
00:34:04,2 days,advance
00:35:35,0 days,off-peak
00:56:22,0 days,off-peak
00:59:22,0 days,off-peak
01:09:23,0 days,off-peak
01:18:19,0 days,off-peak
01:18:51,0 days,off-peak
01:22:36,0 days,off-peak
01:22:50,0 days,off-peak
01:24:28,1 days,advance
01:27:31,1 days,advance
01:32:13,1 days,advance
01:32:29,0 days,off-peak
01:40:14,0 days,off-peak
01:43:03,1 days,advance
02:00:17,0 days,off-peak
02:02:00,0 days,off-peak
02:04:03,1 days,advance
02:09:41,1 days,advance
02:40:43,1 days,advance
02:50:37,0 days,off-peak
02:51:14,0 days,off-peak
02:55:01,0 days,off-peak
02:55:38,0 days,off-peak
02:56:01,0 days,off-peak
03:02:19,1 days,advance
03:08:42,1 days,advance
03:08:58,0 days,off-peak
03:13:47,1 days,advance
03:15:19,0 days,off-peak
03:29:42,0 days,off-peak
03:33:10,0 days,off-peak
03:35:14,1 days,advance
03:37:48,1 days,advance
03:37:48,1 days,advance
03:42:08,1 days,advance
03:43:49,0 days,off-peak
03:46:28,0 days,off-peak
03:51:03,1 days,advance
04:02:45,1 days,advance
04:17:46,0 days,off-peak
04:42:39,0 days,anytime
04:44:42,1 days,advance
04:46:18,0 days,anytime
04:58:25,0 days,anytime
05:01:17,0 days,anytime
05:02:22,0 days,anytime
05:07:05,0 days,anytime
05:07:41,0 days,anytime
05:10:29,0 days,anytime
05:10:59,0 days,anytime
05:12:47,0 days,anytime
05:13:09,0 days,anytime
05:13:56,0 days,anytime
05:26:21,1 days,advance
05:26:47,1 days,advance
05:28:34,0 days,anytime
05:47:39,1 days,advance
05:54:34,0 days,off-peak
05:55:09,0 days,anytime
05:57:03,1 days,advance
06:02:35,0 days,anytime
06:10:02,0 days,anytime
06:11:04,0 days,anytime
06:11:09,0 days,anytime
06:11:56,0 days,anytime
06:13:09,1 days,advance
06:27:29,1 days,advance
06:30:02,0 days,anytime
06:32:49,0 days,anytime
06:33:09,0 days,anytime
06:34:21,0 days,anytime
06:36:22,0 days,anytime
06:36:37,0 days,anytime
06:38:52,1 days,advance
06:39:37,1 days,advance
06:41:34,0 days,anytime
07:13:57,0 days,anytime
07:17:34,0 days,anytime
07:18:48,0 days,anytime
07:29:28,0 days,anytime
07:31:56,0 days,off-peak
07:43:53,0 days,anytime
07:44:15,0 days,off-peak
07:46:08,1 days,advance
07:48:53,1 days,advance
07:48:54,0 days,off-peak
07:51:17,1 days,advance
07:54:08,1 days,advance
08:01:47,1 days,advance
08:02:34,1 days,advance
08:07:36,1 days,advance
08:08:44,1 days,advance
08:10:43,1 days,advance
08:13:44,1 days,advance
08:22:33,1 days,advance
08:25:31,0 days,off-peak
08:26:22,1 days,advance
08:40:29,1 days,advance
09:00:02,1 days,advance
09:04:41,1 days,advance
09:05:33,1 days,advance
09:05:57,1 days,advance
09:06:07,1 days,advance
09:06:08,1 days,advance
09:07:20,0 days,off-peak
09:09:01,1 days,advance
09:12:13,1 days,advance
09:23:13,0 days,off-peak
09:26:42,0 days,off-peak
09:31:02,0 days,off-peak
09:36:15,0 days,off-peak
09:41:02,1 days,advance
09:47:13,0 days,off-peak
09:47:24,1 days,advance
10:02:49,0 days,off-peak
10:14:15,1 days,advance
10:16:37,0 days,off-peak
10:17:40,1 days,advance
10:25:40,1 days,advance
10:28:27,1 days,advance
10:29:19,1 days,advance
10:31:43,1 days,advance
10:38:26,0 days,off-peak
10:41:52,0 days,off-peak
10:42:25,1 days,advance
10:43:30,1 days,advance
10:48:07,0 days,off-peak
11:01:24,0 days,off-peak
11:11:12,0 days,off-peak
11:16:34,0 days,off-peak
11:26:43,0 days,off-peak
11:32:33,0 days,off-peak
11:45:40,1 days,advance
11:48:29,0 days,off-peak
12:01:59,1 days,advance
12:05:59,0 days,off-peak
12:17:39,1 days,advance
12:25:59,1 days,advance
12:39:07,1 days,advance
13:21:27,1 days,advance
13:25:56,1 days,advance
13:42:19,1 days,advance
14:10:04,0 days,off-peak
14:17:00,1 days,advance
14:22:41,0 days,off-peak
14:25:36,0 days,off-peak
14:27:55,0 days,off-peak
14:28:34,1 days,advance
14:32:08,0 days,anytime
14:35:01,0 days,anytime
14:41:28,0 days,anytime
14:42:28,0 days,anytime
14:44:35,0 days,anytime
14:50:33,0 days,anytime
14:52:21,1 days,advance
14:54:44,0 days,anytime
14:59:08,0 days,anytime
15:11:28,1 days,advance
15:13:05,1 days,advance
15:20:00,1 days,advance
15:29:06,1 days,advance
15:55:57,1 days,advance
16:06:38,0 days,anytime
16:06:46,0 days,anytime
16:16:12,1 days,advance
16:23:22,0 days,anytime
16:24:00,1 days,advance
16:25:54,0 days,anytime
16:47:40,0 days,anytime
16:49:01,0 days,anytime
16:57:14,1 days,advance
17:02:36,1 days,advance
17:10:56,1 days,advance
17:14:40,0 days,anytime
17:15:38,0 days,anytime
17:17:45,0 days,anytime
17:17:50,0 days,anytime
17:22:24,1 days,advance
17:23:25,0 days,anytime
17:23:57,1 days,advance
17:24:00,0 days,anytime
17:24:24,0 days,anytime
17:24:34,0 days,anytime
17:24:57,0 days,anytime
17:25:09,0 days,anytime
17:26:01,0 days,anytime
17:26:18,0 days,anytime
17:27:40,0 days,anytime
17:33:58,1 days,advance
17:34:42,1 days,advance
17:38:57,1 days,advance
17:42:37,1 days,advance
17:42:54,0 days,off-peak
17:46:03,1 days,advance
17:46:06,1 days,advance
17:47:22,1 days,advance
17:48:02,1 days,advance
17:53:16,1 days,advance
17:53:20,1 days,advance
17:54:23,0 days,off-peak
17:57:44,1 days,advance
17:58:56,1 days,advance
18:01:23,1 days,advance
18:02:42,1 days,advance
18:31:38,0 days,off-peak
18:31:47,0 days,off-peak
18:42:25,1 days,advance
18:43:32,1 days,advance
18:52:51,0 days,off-peak
18:54:29,1 days,advance
18:56:57,1 days,advance
18:57:14,0 days,off-peak
19:00:55,1 days,advance
19:09:31,0 days,off-peak
19:17:23,1 days,advance
19:20:49,1 days,advance
19:21:12,1 days,advance
19:23:49,1 days,advance
19:25:11,1 days,advance
19:29:54,1 days,advance
19:31:24,1 days,advance
19:32:31,1 days,advance
19:38:22,0 days,off-peak
19:40:28,0 days,off-peak
19:43:25,1 days,advance
20:17:06,1 days,advance
20:19:51,1 days,advance
20:19:57,1 days,advance
20:20:43,1 days,advance
20:21:04,1 days,advance
20:21:32,1 days,advance
20:21:37,1 days,advance
20:22:11,1 days,advance
20:22:49,1 days,advance
20:22:50,1 days,advance
20:24:26,1 days,advance
20:25:26,1 days,advance
20:29:40,1 days,advance
20:29:51,1 days,advance
20:31:59,0 days,off-peak
20:32:12,1 days,advance
20:34:41,0 days,off-peak
20:37:51,0 days,off-peak
20:40:06,0 days,off-peak
20:43:41,0 days,off-peak
20:44:45,1 days,advance
20:47:50,1 days,advance
20:48:04,0 days,off-peak
20:50:59,0 days,off-peak
21:36:36,1 days,advance
21:51:59,1 days,advance
22:31:50,1 days,advance
22:35:00,1 days,advance
22:55:12,1 days,advance
23:11:25,1 days,advance
23:17:58,1 days,advance
23:34:29,1 days,advance
23:35:16,1 days,advance
23:46:43,1 days,advance
23:54:26,1 days,advance
23:57:09,1 days,advance
23:57:13,1 days,advance
00:02:48,1 days,advance
00:06:29,1 days,advance
00:10:39,0 days,off-peak
00:11:22,0 days,off-peak
00:14:18,0 days,off-peak
00:15:26,0 days,off-peak
00:20:03,0 days,off-peak
00:23:25,0 days,off-peak
00:36:42,0 days,off-peak
00:45:30,0 days,off-peak
00:54:35,0 days,off-peak
00:56:17,0 days,off-peak
01:15:40,0 days,off-peak
01:28:55,0 days,off-peak
01:30:49,1 days,advance
02:01:23,1 days,advance
02:03:28,0 days,off-peak
02:10:52,1 days,advance
02:11:58,0 days,off-peak
02:15:22,0 days,off-peak
02:27:16,1 days,advance
02:44:11,0 days,off-peak
02:48:29,0 days,off-peak
02:50:41,0 days,off-peak
03:01:38,0 days,off-peak
03:03:18,0 days,off-peak
03:04:18,0 days,off-peak
03:04:18,1 days,advance
03:10:45,0 days,off-peak
03:21:47,0 days,off-peak
03:25:58,0 days,off-peak
03:28:08,1 days,advance
03:29:55,1 days,advance
03:31:56,1 days,advance
03:32:27,0 days,off-peak
03:35:01,1 days,advance
03:39:15,1 days,advance
03:39:24,1 days,advance
03:41:07,0 days,off-peak
03:42:35,1 days,advance
03:46:45,0 days,off-peak
03:47:26,1 days,advance
03:55:37,1 days,advance
04:11:48,0 days,off-peak
04:27:55,1 days,advance
04:31:45,1 days,advance
04:40:57,0 days,anytime
04:47:26,0 days,anytime
04:49:53,1 days,advance
04:54:25,0 days,anytime
04:54:47,0 days,anytime
04:57:24,0 days,anytime
04:58:29,0 days,anytime
05:00:26,1 days,advance
05:04:21,0 days,anytime
05:04:27,0 days,anytime
05:05:37,0 days,anytime
05:07:33,1 days,advance
05:22:31,0 days,anytime
05:22:42,1 days,advance
05:22:54,0 days,anytime
05:27:23,0 days,anytime
05:38:46,1 days,advance
05:48:18,0 days,off-peak
05:52:30,1 days,advance
05:53:14,1 days,advance
05:57:08,1 days,advance
06:06:12,1 days,advance
06:07:04,0 days,anytime
06:09:36,0 days,anytime
06:10:13,0 days,anytime
06:12:00,0 days,anytime
06:22:12,0 days,anytime
06:41:18,0 days,anytime
06:44:12,0 days,anytime
06:56:53,0 days,anytime
06:58:55,0 days,anytime
06:59:03,0 days,anytime
06:59:25,0 days,anytime
07:13:55,0 days,anytime
07:14:03,1 days,advance
07:18:54,0 days,anytime
07:24:32,1 days,advance
07:24:46,0 days,anytime
07:25:16,0 days,anytime
07:26:38,0 days,anytime
07:26:44,0 days,anytime
07:32:19,1 days,advance
07:42:24,0 days,off-peak
07:47:50,1 days,advance
07:53:03,1 days,advance
07:54:39,0 days,anytime
07:55:32,1 days,advance
07:56:17,1 days,advance
07:59:51,0 days,off-peak
08:00:58,1 days,advance
08:16:17,1 days,advance
08:17:50,1 days,advance
08:18:29,1 days,advance
08:19:32,1 days,advance
08:25:31,0 days,off-peak
08:26:29,1 days,advance
08:33:09,0 days,off-peak
08:36:44,1 days,advance
09:03:28,1 days,advance
09:06:47,1 days,advance
09:13:30,0 days,off-peak
09:14:21,1 days,advance
09:16:02,0 days,off-peak
09:31:04,0 days,off-peak
09:38:22,1 days,advance
09:41:17,1 days,advance
09:48:27,0 days,off-peak
09:54:30,0 days,off-peak
10:10:02,1 days,advance
10:15:43,1 days,advance
10:17:38,0 days,off-peak
10:18:34,0 days,off-peak
10:21:55,1 days,advance
10:36:45,1 days,advance
10:40:18,0 days,off-peak
10:44:03,0 days,off-peak
10:48:14,0 days,off-peak
10:59:05,1 days,advance
11:23:07,0 days,off-peak
11:38:42,0 days,off-peak
11:57:14,0 days,off-peak
12:03:21,0 days,off-peak
12:04:48,0 days,off-peak
12:06:55,0 days,off-peak
12:16:44,0 days,off-peak
12:22:22,0 days,off-peak
12:25:24,1 days,advance
12:30:56,1 days,advance
12:39:30,1 days,advance
12:56:41,1 days,advance
13:00:40,1 days,advance
13:08:31,0 days,off-peak
13:16:18,0 days,off-peak
13:20:03,1 days,advance
13:31:29,0 days,off-peak
13:34:57,0 days,off-peak
13:35:45,0 days,off-peak
13:36:00,1 days,advance
13:39:05,0 days,off-peak
13:54:12,1 days,advance
14:01:15,0 days,off-peak
14:04:50,1 days,advance
14:06:55,0 days,anytime
14:10:32,1 days,advance
14:11:10,0 days,off-peak
14:14:25,0 days,off-peak
14:14:57,0 days,off-peak
14:16:09,0 days,off-peak
14:21:21,0 days,off-peak
14:24:45,0 days,off-peak
14:26:42,0 days,off-peak
14:30:10,0 days,anytime
14:31:59,0 days,anytime
14:37:35,1 days,advance
14:39:10,1 days,advance
14:41:24,0 days,anytime
14:42:55,0 days,anytime
14:45:08,1 days,advance
14:46:38,1 days,advance
14:46:44,0 days,anytime
15:05:47,1 days,advance
15:09:03,0 days,anytime
15:11:28,0 days,anytime
15:21:54,1 days,advance
15:21:58,1 days,advance
15:29:27,1 days,advance
15:42:13,1 days,advance
15:47:20,1 days,advance
15:50:24,0 days,anytime
15:51:17,0 days,anytime
15:51:47,0 days,anytime
15:52:19,0 days,anytime
16:01:46,0 days,anytime
16:04:14,0 days,anytime
16:04:43,1 days,advance
16:08:46,1 days,advance
16:08:56,0 days,anytime
16:10:04,1 days,advance
16:11:18,0 days,anytime
16:28:47,0 days,anytime
16:43:07,0 days,anytime
16:46:30,1 days,advance
17:00:12,0 days,anytime
17:03:00,1 days,advance
17:03:12,0 days,anytime
17:16:26,1 days,advance
17:19:22,0 days,anytime
17:20:24,1 days,advance
17:21:12,0 days,anytime
17:24:01,0 days,anytime
17:24:35,1 days,advance
17:25:07,0 days,anytime
17:25:34,0 days,anytime
17:26:38,0 days,anytime
17:28:36,0 days,anytime
17:30:04,1 days,advance
17:30:08,1 days,advance
17:36:40,1 days,advance
17:38:37,1 days,advance
17:41:10,1 days,advance
17:47:43,1 days,advance
17:49:14,1 days,advance
17:57:56,0 days,off-peak
18:00:18,1 days,advance
18:01:56,1 days,advance
18:02:55,0 days,off-peak
18:11:33,0 days,off-peak
18:13:37,0 days,anytime
18:17:35,0 days,anytime
18:19:01,0 days,anytime
18:19:48,0 days,anytime
18:22:03,0 days,anytime
18:33:48,1 days,advance
18:35:07,1 days,advance
18:37:56,1 days,advance
18:42:02,0 days,off-peak
18:48:09,0 days,off-peak
18:49:00,0 days,off-peak
18:52:14,1 days,advance
19:03:16,1 days,advance
19:23:33,1 days,advance
19:25:58,1 days,advance
19:26:53,1 days,advance
19:33:46,1 days,advance
19:33:51,1 days,advance
19:34:18,1 days,advance
19:40:39,1 days,advance
20:05:30,1 days,advance
20:09:34,0 days,off-peak
20:14:09,1 days,advance
20:14:28,0 days,off-peak
20:15:38,1 days,advance
20:20:16,1 days,advance
20:21:43,1 days,advance
20:21:56,1 days,advance
20:23:09,1 days,advance
20:24:08,1 days,advance
20:25:23,1 days,advance
20:27:47,1 days,advance
20:28:34,1 days,advance
20:28:40,1 days,advance
20:28:40,1 days,advance
20:29:54,1 days,advance
20:30:25,1 days,advance
20:30:43,0 days,off-peak
20:31:05,1 days,advance
20:35:59,0 days,off-peak
20:36:17,0 days,off-peak
20:44:33,1 days,advance
20:49:38,1 days,advance
20:54:53,0 days,off-peak
21:28:58,1 days,advance
21:30:18,1 days,advance
21:38:49,1 days,advance
21:42:56,1 days,advance
21:55:03,1 days,advance
22:33:50,1 days,advance
22:35:04,1 days,advance
22:42:39,1 days,advance
22:48:05,1 days,advance
23:05:55,1 days,advance
23:33:07,1 days,advance
23:54:27,1 days,advance
00:00:09,0 days,off-peak
00:03:27,0 days,off-peak
00:21:43,0 days,off-peak
00:23:53,0 days,off-peak
00:24:03,0 days,off-peak
00:24:32,2 days,advance
00:24:57,2 days,advance
00:35:36,0 days,off-peak
00:38:49,0 days,off-peak
00:59:41,0 days,off-peak
01:01:34,1 days,advance
01:14:52,1 days,advance
01:15:43,1 days,advance
01:16:04,0 days,off-peak
01:17:04,0 days,off-peak
01:17:15,1 days,advance
01:24:45,0 days,off-peak
01:27:36,0 days,off-peak
01:39:59,1 days,advance
01:59:09,1 days,advance
02:00:02,0 days,off-peak
02:01:48,0 days,off-peak
02:05:57,1 days,advance
02:16:50,1 days,advance
03:00:35,0 days,off-peak
03:40:20,0 days,off-peak
03:44:30,0 days,off-peak
03:47:27,1 days,advance
03:49:11,1 days,advance
03:56:21,1 days,advance
04:44:57,0 days,anytime
04:47:41,0 days,anytime
04:50:36,0 days,anytime
04:51:54,0 days,anytime
04:58:07,0 days,anytime
05:00:34,0 days,anytime
05:02:04,0 days,anytime
05:02:20,0 days,anytime
05:04:07,0 days,anytime
05:04:13,0 days,anytime
05:04:36,0 days,anytime
05:08:43,0 days,anytime
05:13:17,0 days,anytime
05:15:22,1 days,advance
05:19:38,0 days,anytime
05:26:53,1 days,advance
05:27:37,1 days,advance
05:47:30,0 days,off-peak
05:49:56,0 days,off-peak
05:50:35,1 days,advance
05:51:50,1 days,advance
05:52:30,0 days,anytime
05:57:59,1 days,advance
05:58:23,1 days,advance
06:00:26,0 days,anytime
06:00:41,1 days,advance
06:02:38,1 days,advance
06:03:11,1 days,advance
06:05:42,0 days,anytime
06:11:19,0 days,anytime
06:12:49,0 days,anytime
06:13:35,1 days,advance
06:14:23,0 days,anytime
06:23:46,0 days,anytime
06:31:16,0 days,anytime
06:32:07,0 days,anytime
06:33:07,0 days,anytime
06:35:21,0 days,anytime
06:41:13,0 days,anytime
06:42:33,0 days,anytime
06:43:01,0 days,anytime
06:43:14,0 days,anytime
06:44:24,1 days,advance
06:50:02,1 days,advance
07:03:25,1 days,advance
07:14:49,0 days,anytime
07:15:01,0 days,anytime
07:16:28,0 days,anytime
07:17:03,0 days,anytime
07:17:45,0 days,anytime
07:19:59,0 days,anytime
07:22:07,0 days,anytime
07:25:49,0 days,anytime
07:27:24,0 days,anytime
07:29:06,0 days,anytime
07:29:16,0 days,anytime
07:31:25,1 days,advance
07:34:33,1 days,advance
07:47:21,0 days,off-peak
07:49:19,0 days,off-peak
07:54:09,0 days,off-peak
07:55:06,1 days,advance
07:55:24,1 days,advance
07:57:37,1 days,advance
08:03:15,1 days,advance
08:07:12,0 days,off-peak
08:10:31,1 days,advance
08:12:07,1 days,advance
08:14:49,1 days,advance
08:14:53,0 days,off-peak
08:18:50,0 days,off-peak
08:20:56,1 days,advance
08:21:28,1 days,advance
08:23:16,1 days,advance
08:32:43,0 days,off-peak
08:41:07,1 days,advance
09:02:35,0 days,off-peak
09:05:10,1 days,advance
09:05:15,1 days,advance
09:07:17,1 days,advance
09:11:23,1 days,advance
09:11:39,1 days,advance
09:12:48,0 days,off-peak
09:13:43,1 days,advance
09:23:05,0 days,off-peak
09:26:38,1 days,advance
09:35:35,1 days,advance
09:40:26,1 days,advance
09:41:15,1 days,advance
09:41:27,1 days,advance
09:41:54,0 days,off-peak
09:42:22,1 days,advance
09:45:31,1 days,advance
09:50:39,0 days,off-peak
10:23:31,0 days,off-peak
10:25:49,1 days,advance
10:26:32,1 days,advance
10:28:04,1 days,advance
10:32:34,1 days,advance
10:41:54,1 days,advance
10:42:49,0 days,off-peak
10:49:24,1 days,advance
10:51:15,0 days,off-peak
11:12:35,0 days,off-peak
11:41:44,0 days,off-peak
11:47:33,0 days,off-peak
11:56:15,1 days,advance
11:58:56,0 days,off-peak
12:14:06,0 days,off-peak
12:24:46,1 days,advance
12:25:58,0 days,off-peak
12:34:15,0 days,off-peak
12:43:31,0 days,off-peak
12:44:21,1 days,advance
12:56:16,0 days,off-peak
12:58:56,0 days,off-peak
13:15:16,0 days,off-peak
13:16:33,0 days,off-peak
13:34:55,0 days,off-peak
13:43:55,0 days,off-peak
13:43:55,1 days,advance
13:57:34,0 days,off-peak
14:10:16,0 days,off-peak
14:12:04,0 days,off-peak
14:13:05,0 days,off-peak
14:20:31,0 days,off-peak
14:20:41,1 days,advance
14:24:08,0 days,off-peak
14:30:29,0 days,anytime
14:33:07,0 days,anytime
14:35:53,1 days,advance
14:43:10,0 days,anytime
14:47:15,1 days,advance
14:55:52,0 days,anytime
15:06:42,1 days,advance
15:09:22,1 days,advance
15:10:40,0 days,anytime
15:15:21,0 days,anytime
15:32:58,0 days,anytime
15:35:55,0 days,anytime
15:35:56,1 days,advance
15:47:43,0 days,anytime
15:48:15,1 days,advance
15:54:36,0 days,anytime
15:59:16,0 days,anytime
16:01:23,0 days,anytime
16:06:20,0 days,anytime
16:11:33,0 days,anytime
16:11:43,0 days,anytime
16:12:47,1 days,advance
16:14:36,1 days,advance
16:16:22,0 days,anytime
16:51:46,0 days,anytime
17:00:57,0 days,anytime
17:01:48,1 days,advance
17:15:35,1 days,advance
17:17:41,0 days,anytime
17:18:38,0 days,anytime
17:18:43,0 days,anytime
17:20:48,0 days,anytime
17:21:21,0 days,anytime
17:22:08,0 days,anytime
17:22:46,0 days,anytime
17:23:18,0 days,anytime
17:24:26,0 days,anytime
17:25:06,0 days,anytime
17:26:17,0 days,anytime
17:27:15,0 days,anytime
17:29:41,1 days,advance
17:32:28,1 days,advance
17:34:36,1 days,advance
17:36:18,1 days,advance
17:37:08,1 days,advance
17:42:34,0 days,off-peak
17:42:54,1 days,advance
17:50:42,1 days,advance
17:54:04,1 days,advance
17:59:55,1 days,advance
18:03:35,1 days,advance
18:11:57,0 days,anytime
18:13:03,0 days,anytime
18:36:34,1 days,advance
18:37:00,1 days,advance
18:39:21,0 days,off-peak
18:39:45,0 days,off-peak
18:44:39,1 days,advance
18:45:37,0 days,off-peak
18:48:31,0 days,off-peak
18:48:50,1 days,advance
18:51:54,0 days,off-peak
18:54:59,1 days,advance
19:14:16,0 days,off-peak
19:21:41,1 days,advance
19:26:51,1 days,advance
19:28:26,1 days,advance
19:33:12,1 days,advance
19:33:57,0 days,off-peak
19:36:23,1 days,advance
19:42:22,1 days,advance
20:04:20,1 days,advance
20:14:13,1 days,advance
20:15:18,1 days,advance
20:16:45,1 days,advance
20:16:53,1 days,advance
20:16:58,1 days,advance
20:17:06,1 days,advance
20:17:30,1 days,advance
20:19:07,1 days,advance
20:20:38,1 days,advance
20:21:18,1 days,advance
20:23:04,1 days,advance
20:24:30,1 days,advance
20:24:31,1 days,advance
20:25:06,1 days,advance
20:26:42,1 days,advance
20:27:25,1 days,advance
20:29:47,1 days,advance
20:45:48,0 days,off-peak
20:50:26,1 days,advance
21:33:14,1 days,advance
21:51:19,1 days,advance
21:53:43,1 days,advance
21:57:25,1 days,advance
22:04:47,1 days,advance
22:05:20,1 days,advance
22:30:44,1 days,advance
22:36:23,1 days,advance
22:41:05,1 days,advance
22:53:23,1 days,advance
23:05:26,1 days,advance
23:05:55,1 days,advance
23:13:43,1 days,advance
23:37:28,1 days,advance
00:04:44,1 days,advance
00:05:17,0 days,off-peak
00:05:45,0 days,off-peak
00:22:49,0 days,off-peak
00:23:08,2 days,advance
00:46:14,0 days,off-peak
00:58:39,0 days,off-peak
00:59:43,0 days,off-peak
01:10:25,1 days,advance
01:15:41,0 days,off-peak
01:21:27,1 days,advance
01:23:35,1 days,advance
01:25:28,0 days,off-peak
01:28:28,1 days,advance
01:32:05,1 days,advance
01:43:36,1 days,advance
01:59:55,1 days,advance
02:20:13,0 days,off-peak
02:22:02,0 days,off-peak
02:25:47,0 days,off-peak
02:43:51,1 days,advance
02:43:52,1 days,advance
02:51:00,1 days,advance
02:55:10,0 days,off-peak
03:02:23,0 days,off-peak
03:11:22,0 days,off-peak
03:21:04,1 days,advance
03:21:24,1 days,advance
03:23:17,0 days,off-peak
03:34:27,0 days,off-peak
03:39:54,0 days,off-peak
03:40:25,1 days,advance
03:40:48,1 days,advance
03:45:55,0 days,off-peak
04:01:19,0 days,off-peak
04:20:48,1 days,advance
04:22:10,1 days,advance
04:43:57,1 days,advance
04:57:02,0 days,off-peak
04:58:52,0 days,off-peak
04:59:38,0 days,off-peak
05:01:10,0 days,off-peak
05:01:15,0 days,off-peak
05:04:29,0 days,off-peak
05:07:50,0 days,off-peak
05:12:22,0 days,off-peak
05:17:38,1 days,advance
05:19:24,0 days,off-peak
05:24:50,1 days,advance
06:01:23,0 days,off-peak
06:03:13,0 days,off-peak
06:03:31,1 days,advance
06:05:34,0 days,off-peak
06:10:01,0 days,off-peak
06:10:24,0 days,off-peak
06:10:30,1 days,advance
06:12:31,0 days,off-peak
06:12:48,0 days,off-peak
06:25:59,1 days,advance
06:30:34,0 days,off-peak
06:31:21,0 days,off-peak
06:33:05,0 days,off-peak
06:35:42,0 days,off-peak
06:36:40,0 days,off-peak
06:36:47,0 days,off-peak
06:36:49,0 days,off-peak
06:37:56,0 days,off-peak
06:38:10,0 days,off-peak
06:38:45,0 days,off-peak
06:39:54,0 days,off-peak
06:40:31,0 days,off-peak
06:47:48,0 days,off-peak
06:48:40,1 days,advance
06:54:27,0 days,off-peak
07:17:59,0 days,off-peak
07:21:43,0 days,off-peak
07:21:54,0 days,off-peak
07:22:03,0 days,off-peak
07:23:02,0 days,off-peak
07:27:19,0 days,off-peak
07:31:56,0 days,off-peak
07:35:01,0 days,off-peak
07:41:24,1 days,advance
07:41:41,0 days,off-peak
07:43:51,0 days,off-peak
07:46:39,1 days,advance
07:52:33,0 days,off-peak
07:53:29,1 days,advance
07:56:44,0 days,off-peak
07:57:43,1 days,advance
07:57:44,1 days,advance
07:58:16,1 days,advance
08:00:58,1 days,advance
08:01:09,0 days,off-peak
08:02:16,1 days,advance
08:04:38,0 days,off-peak
08:06:51,1 days,advance
08:08:26,1 days,advance
08:09:31,1 days,advance
08:11:28,0 days,off-peak
08:14:16,1 days,advance
08:17:01,1 days,advance
08:22:32,1 days,advance
08:23:22,1 days,advance
08:24:42,1 days,advance
08:28:44,1 days,advance
08:53:14,1 days,advance
08:53:24,1 days,advance
09:05:46,1 days,advance
09:06:58,1 days,advance
09:07:37,1 days,advance
09:10:41,1 days,advance
09:13:30,1 days,advance
09:22:15,0 days,off-peak
09:26:16,0 days,off-peak
09:30:03,0 days,off-peak
09:30:17,0 days,off-peak
09:33:12,0 days,off-peak
09:37:11,0 days,off-peak
09:37:33,1 days,advance
09:42:26,1 days,advance
09:59:44,0 days,off-peak
10:31:59,0 days,off-peak
10:33:29,1 days,advance
10:42:53,0 days,off-peak
10:43:24,1 days,advance
10:43:39,1 days,advance
10:57:07,1 days,advance
11:04:16,0 days,off-peak
11:10:26,0 days,off-peak
11:28:40,0 days,off-peak
11:45:25,1 days,advance
11:57:28,0 days,off-peak
12:00:24,1 days,advance
12:01:38,1 days,advance
12:08:01,0 days,off-peak
12:16:09,0 days,off-peak
12:20:58,0 days,off-peak
12:23:39,0 days,off-peak
12:37:25,1 days,advance
12:41:47,1 days,advance
12:43:48,1 days,advance
12:44:14,1 days,advance
12:53:33,0 days,off-peak
12:56:31,0 days,off-peak
13:08:16,1 days,advance
13:17:05,0 days,off-peak
13:20:31,1 days,advance
13:30:13,0 days,off-peak
13:57:24,1 days,advance
14:06:22,0 days,off-peak
14:09:52,0 days,off-peak
14:20:06,0 days,off-peak
14:28:30,0 days,off-peak
14:29:57,1 days,advance
14:31:39,0 days,off-peak
14:36:09,0 days,off-peak
14:37:00,1 days,advance
14:37:49,0 days,off-peak
14:43:11,0 days,off-peak
14:55:02,0 days,off-peak
14:59:53,0 days,off-peak
15:07:03,1 days,advance
15:09:36,1 days,advance
15:10:16,0 days,off-peak
15:12:32,0 days,off-peak
15:13:00,0 days,off-peak
15:13:25,0 days,off-peak
15:15:02,1 days,advance
15:18:06,0 days,off-peak
15:19:08,0 days,off-peak
15:22:29,1 days,advance
15:23:14,1 days,advance
15:31:19,0 days,off-peak
15:31:51,1 days,advance
15:38:41,0 days,off-peak
15:42:16,0 days,off-peak
15:45:40,0 days,off-peak
15:52:19,0 days,off-peak
15:58:18,0 days,off-peak
16:00:00,0 days,off-peak
16:00:17,1 days,advance
16:11:02,0 days,off-peak
16:12:07,0 days,off-peak
16:14:02,0 days,off-peak
16:16:43,0 days,off-peak
16:20:43,0 days,off-peak
16:25:54,0 days,off-peak
16:30:54,1 days,advance
16:34:06,1 days,advance
16:34:31,0 days,off-peak
16:48:45,1 days,advance
16:55:29,0 days,off-peak
17:00:27,1 days,advance
17:04:58,1 days,advance
17:05:56,0 days,off-peak
17:06:02,1 days,advance
17:07:55,0 days,off-peak
17:10:11,1 days,advance
17:13:26,0 days,off-peak
17:15:40,0 days,off-peak
17:16:15,0 days,off-peak
17:20:29,0 days,off-peak
17:20:31,0 days,off-peak
17:21:25,0 days,off-peak
17:21:58,0 days,off-peak
17:22:33,1 days,advance
17:26:22,1 days,advance
17:27:23,0 days,off-peak
17:27:49,0 days,off-peak
17:27:58,0 days,off-peak
17:28:02,0 days,off-peak
17:30:21,1 days,advance
17:36:17,1 days,advance
17:37:01,0 days,off-peak
17:40:05,1 days,advance
17:40:47,1 days,advance
17:48:08,1 days,advance
17:48:54,1 days,advance
17:49:19,1 days,advance
17:52:33,1 days,advance
17:55:48,1 days,advance
17:56:04,1 days,advance
17:57:00,1 days,advance
18:04:50,1 days,advance
18:11:09,1 days,advance
18:11:41,0 days,off-peak
18:13:04,0 days,off-peak
18:13:13,1 days,advance
18:15:35,0 days,off-peak
18:18:57,0 days,off-peak
18:20:13,0 days,off-peak
18:40:37,0 days,off-peak
18:44:06,1 days,advance
18:46:49,1 days,advance
18:48:10,0 days,off-peak
18:54:49,1 days,advance
19:20:22,1 days,advance
19:25:42,1 days,advance
19:33:06,1 days,advance
19:33:48,1 days,advance
19:35:54,1 days,advance
19:37:30,0 days,off-peak
19:44:10,1 days,advance
19:44:28,1 days,advance
20:01:35,1 days,advance
20:03:42,0 days,off-peak
20:07:49,0 days,off-peak
20:08:33,0 days,off-peak
20:13:32,1 days,advance
20:18:16,1 days,advance
20:23:02,1 days,advance
20:23:32,1 days,advance
20:26:30,1 days,advance
20:28:24,1 days,advance
20:29:44,1 days,advance
20:38:45,1 days,advance
20:49:46,1 days,advance
20:50:05,0 days,off-peak
20:54:29,0 days,off-peak
21:28:40,1 days,advance
21:36:24,1 days,advance
21:43:12,1 days,advance
21:54:19,1 days,advance
21:57:27,1 days,advance
22:01:22,1 days,advance
22:52:39,1 days,advance
23:00:18,1 days,advance
23:03:27,1 days,advance
23:07:41,1 days,advance
23:10:55,1 days,advance
23:11:56,1 days,advance
23:14:43,1 days,advance
23:44:55,1 days,advance
00:02:26,0 days,off-peak
00:05:04,0 days,off-peak
00:08:06,0 days,off-peak
00:25:35,0 days,off-peak
00:31:47,2 days,advance
00:33:28,0 days,off-peak
00:43:28,0 days,off-peak
01:09:16,0 days,off-peak
01:12:53,0 days,off-peak
01:16:11,1 days,advance
01:16:58,0 days,off-peak
01:28:27,1 days,advance
01:31:35,1 days,advance
01:34:50,1 days,advance
01:38:11,1 days,advance
01:41:45,1 days,advance
01:42:40,1 days,advance
02:02:00,1 days,advance
02:03:20,0 days,off-peak
02:23:14,0 days,off-peak
02:31:58,0 days,off-peak
02:47:09,0 days,off-peak
02:49:33,0 days,off-peak
02:51:49,0 days,off-peak
02:59:53,0 days,off-peak
03:05:44,1 days,advance
03:07:43,0 days,off-peak
03:17:34,1 days,advance
03:20:56,1 days,advance
03:33:44,1 days,advance
03:36:23,0 days,off-peak
03:40:12,1 days,advance
03:47:07,0 days,off-peak
03:53:45,0 days,off-peak
03:56:20,0 days,off-peak
04:08:52,1 days,advance
04:26:20,1 days,advance
04:45:39,0 days,off-peak
04:45:57,0 days,off-peak
04:55:28,0 days,off-peak
04:58:23,0 days,off-peak
04:58:52,0 days,off-peak
05:00:22,0 days,off-peak
05:00:31,0 days,off-peak
05:02:14,0 days,off-peak
05:03:13,0 days,off-peak
05:08:21,0 days,off-peak
05:11:53,0 days,off-peak
05:12:10,0 days,off-peak
05:28:14,0 days,off-peak
05:51:00,0 days,off-peak
05:58:19,1 days,advance
06:03:28,0 days,off-peak
06:05:36,0 days,off-peak
06:06:35,0 days,off-peak
06:08:41,0 days,off-peak
06:14:50,1 days,advance
06:27:13,1 days,advance
06:29:55,0 days,off-peak
06:30:02,0 days,off-peak
06:31:59,0 days,off-peak
06:33:31,0 days,off-peak
06:36:19,0 days,off-peak
06:37:12,0 days,off-peak
06:37:36,0 days,off-peak
06:38:47,0 days,off-peak
06:38:51,0 days,off-peak
06:39:34,0 days,off-peak
06:43:09,0 days,off-peak
06:43:11,0 days,off-peak
06:43:43,0 days,off-peak
06:51:32,0 days,off-peak
07:15:05,0 days,off-peak
07:15:51,0 days,off-peak
07:18:17,0 days,off-peak
07:18:49,1 days,advance
07:19:07,1 days,advance
07:25:28,0 days,off-peak
07:25:29,0 days,off-peak
07:27:53,0 days,off-peak
07:29:31,0 days,off-peak
07:30:36,0 days,off-peak
07:33:34,0 days,off-peak
07:34:27,0 days,off-peak
07:35:13,0 days,off-peak
07:35:40,0 days,off-peak
07:43:20,0 days,off-peak
07:46:58,0 days,off-peak
07:47:18,0 days,off-peak
07:50:47,1 days,advance
07:52:49,1 days,advance
07:54:01,0 days,off-peak
07:54:03,1 days,advance
07:54:48,0 days,off-peak
08:02:01,1 days,advance
08:02:02,1 days,advance
08:03:33,1 days,advance
08:07:00,1 days,advance
08:09:06,1 days,advance
08:13:03,1 days,advance
08:21:54,1 days,advance
08:23:11,1 days,advance
08:24:58,1 days,advance
08:28:18,1 days,advance
08:44:35,0 days,off-peak
08:52:55,0 days,off-peak
08:58:24,1 days,advance
09:05:04,1 days,advance
09:10:03,1 days,advance
09:31:37,1 days,advance
09:37:49,0 days,off-peak
09:38:06,0 days,off-peak
09:38:29,1 days,advance
09:39:09,0 days,off-peak
09:41:45,1 days,advance
09:51:33,1 days,advance
09:56:04,1 days,advance
10:12:35,1 days,advance
10:15:08,1 days,advance
10:15:49,0 days,off-peak
10:16:20,1 days,advance
10:19:27,0 days,off-peak
10:20:41,0 days,off-peak
10:21:53,1 days,advance
10:22:07,1 days,advance
10:35:39,0 days,off-peak
10:39:09,1 days,advance
10:41:51,0 days,off-peak
10:42:09,1 days,advance
10:46:46,1 days,advance
10:53:59,0 days,off-peak
11:10:56,1 days,advance
11:19:32,0 days,off-peak
11:27:21,1 days,advance
11:27:32,1 days,advance
11:34:16,0 days,off-peak
11:41:55,0 days,off-peak
11:50:20,0 days,off-peak
11:50:36,1 days,advance
12:01:24,0 days,off-peak
12:16:16,1 days,advance
12:16:28,0 days,off-peak
12:28:38,0 days,off-peak
12:32:24,1 days,advance
12:48:16,1 days,advance
12:52:23,0 days,off-peak
13:12:36,0 days,off-peak
13:20:55,0 days,off-peak
13:28:52,0 days,off-peak
13:29:52,0 days,off-peak
13:43:56,0 days,off-peak
13:47:11,0 days,off-peak
13:49:29,1 days,advance
14:02:03,1 days,advance
14:06:49,0 days,off-peak
14:12:17,1 days,advance
14:15:34,0 days,off-peak
14:21:13,1 days,advance
14:29:13,1 days,advance
14:32:03,0 days,off-peak
14:34:48,0 days,off-peak
14:36:01,0 days,off-peak
14:38:14,0 days,off-peak
14:40:20,0 days,off-peak
14:41:07,1 days,advance
14:43:09,0 days,off-peak
14:43:41,0 days,off-peak
14:44:43,0 days,off-peak
14:46:36,0 days,off-peak
14:50:18,1 days,advance
14:52:55,0 days,off-peak
14:53:28,0 days,off-peak
14:55:45,0 days,off-peak
14:56:56,1 days,advance
14:58:25,0 days,off-peak
15:05:28,1 days,advance
15:05:59,1 days,advance
15:10:35,0 days,off-peak
15:12:35,0 days,off-peak
15:18:29,0 days,off-peak
15:19:10,0 days,off-peak
15:29:06,1 days,advance
15:34:17,0 days,off-peak
15:47:16,0 days,off-peak
15:48:23,0 days,off-peak
15:49:33,0 days,off-peak
15:53:25,0 days,off-peak
15:55:03,0 days,off-peak
16:00:53,0 days,off-peak
16:06:54,0 days,off-peak
16:07:35,0 days,off-peak
16:10:17,0 days,off-peak
16:12:21,0 days,off-peak
16:18:12,1 days,advance
16:20:15,1 days,advance
16:21:39,1 days,advance
16:23:12,0 days,off-peak
16:39:55,1 days,advance
16:42:01,1 days,advance
16:42:28,1 days,advance
16:43:24,1 days,advance
17:04:01,1 days,advance
17:08:31,0 days,off-peak
17:08:42,1 days,advance
17:15:34,0 days,off-peak
17:15:40,0 days,off-peak
17:16:52,1 days,advance
17:18:37,0 days,off-peak
17:19:25,0 days,off-peak
17:19:41,0 days,off-peak
17:19:49,0 days,off-peak
17:21:55,0 days,off-peak
17:22:17,0 days,off-peak
17:22:20,0 days,off-peak
17:22:53,0 days,off-peak
17:23:28,0 days,off-peak
17:28:14,0 days,off-peak
17:29:34,0 days,off-peak
17:33:31,1 days,advance
17:34:39,1 days,advance
17:34:54,1 days,advance
17:37:26,1 days,advance
17:44:18,1 days,advance
17:56:27,1 days,advance
18:02:34,1 days,advance
18:15:44,0 days,off-peak
18:17:27,0 days,off-peak
18:24:07,0 days,off-peak
18:25:03,0 days,off-peak
18:28:43,1 days,advance
18:32:23,1 days,advance
18:38:55,0 days,off-peak
18:46:42,0 days,off-peak
18:47:06,0 days,off-peak
18:47:49,0 days,off-peak
18:49:09,0 days,off-peak
18:50:01,0 days,off-peak
18:51:24,0 days,off-peak
18:54:09,0 days,off-peak
18:58:07,0 days,off-peak
19:11:00,0 days,off-peak
19:19:10,0 days,off-peak
19:31:03,1 days,advance
19:39:45,1 days,advance
19:40:41,1 days,advance
19:50:54,1 days,advance
19:54:17,1 days,advance
19:59:56,1 days,advance
20:01:53,1 days,advance
20:03:15,0 days,off-peak
20:10:34,1 days,advance
20:12:06,0 days,off-peak
20:15:34,1 days,advance
20:18:36,1 days,advance
20:18:47,0 days,off-peak
20:20:23,1 days,advance
20:22:23,1 days,advance
20:23:34,1 days,advance
20:26:20,1 days,advance
20:27:23,1 days,advance
20:27:24,1 days,advance
20:30:48,1 days,advance
20:33:41,1 days,advance
20:38:38,0 days,off-peak
20:44:21,1 days,advance
20:59:34,0 days,off-peak
21:19:29,1 days,advance
21:28:23,1 days,advance
21:30:16,1 days,advance
21:33:48,1 days,advance
21:41:42,1 days,advance
21:45:03,1 days,advance
21:52:45,1 days,advance
22:44:39,1 days,advance
22:44:41,1 days,advance
23:20:19,1 days,advance
23:30:15,1 days,advance
23:47:03,1 days,advance
23:55:59,1 days,advance
23:57:00,1 days,advance
00:16:03,0 days,off-peak
00:16:52,0 days,off-peak
00:25:05,0 days,off-peak
00:37:41,1 days,advance
00:48:59,0 days,off-peak
00:53:20,0 days,off-peak
01:02:38,1 days,advance
01:05:31,1 days,advance
01:13:07,0 days,off-peak
01:19:27,1 days,advance
01:26:31,0 days,off-peak
01:32:52,1 days,advance
01:33:07,1 days,advance
01:40:18,1 days,advance
01:58:51,0 days,off-peak
02:02:55,1 days,advance
02:03:10,1 days,advance
02:10:20,0 days,off-peak
02:19:59,0 days,off-peak
02:22:43,1 days,advance
02:27:51,0 days,off-peak
02:28:10,0 days,off-peak
02:28:29,0 days,off-peak
02:38:00,0 days,off-peak
02:46:33,0 days,off-peak
03:07:19,1 days,advance
03:15:12,1 days,advance
03:25:05,1 days,advance
03:25:32,1 days,advance
03:48:57,1 days,advance
03:49:43,0 days,off-peak
04:12:34,1 days,advance
04:31:31,1 days,advance
04:51:40,0 days,anytime
04:55:41,0 days,anytime
05:01:19,0 days,anytime
05:05:19,0 days,anytime
05:05:50,0 days,anytime
05:09:51,0 days,anytime
05:13:43,1 days,advance
05:16:59,0 days,anytime
05:58:10,1 days,advance
06:02:09,0 days,anytime
06:03:22,0 days,anytime
06:07:54,1 days,advance
06:08:06,0 days,anytime
06:10:42,1 days,advance
06:14:04,1 days,advance
06:17:54,1 days,advance
06:30:15,0 days,anytime
06:41:42,0 days,anytime
06:55:11,0 days,anytime
07:13:09,0 days,anytime
07:17:02,1 days,advance
07:17:11,0 days,anytime
07:17:40,0 days,anytime
07:20:56,0 days,anytime
07:27:05,0 days,anytime
07:30:42,0 days,off-peak
07:32:31,0 days,off-peak
07:46:46,1 days,advance
07:47:43,0 days,off-peak
07:49:33,1 days,advance
07:56:42,0 days,off-peak
07:57:57,1 days,advance
07:58:20,1 days,advance
08:03:42,1 days,advance
08:03:51,1 days,advance
08:05:10,1 days,advance
08:15:09,1 days,advance
08:20:09,1 days,advance
08:20:31,1 days,advance
08:21:55,1 days,advance
08:24:18,1 days,advance
08:26:39,1 days,advance
08:47:27,1 days,advance
08:56:55,0 days,off-peak
09:06:28,1 days,advance
09:06:35,1 days,advance
09:08:43,1 days,advance
09:09:28,1 days,advance
09:17:55,0 days,off-peak
09:33:00,1 days,advance
09:33:32,0 days,off-peak
09:36:09,0 days,off-peak
09:38:17,1 days,advance
09:38:43,0 days,off-peak
09:48:49,1 days,advance
09:59:19,1 days,advance
10:16:57,1 days,advance
10:18:51,1 days,advance
10:31:11,1 days,advance
10:32:32,1 days,advance
10:37:18,1 days,advance
10:43:43,0 days,off-peak
10:44:53,1 days,advance
10:49:16,0 days,off-peak
10:52:27,1 days,advance
10:53:27,1 days,advance
10:54:39,1 days,advance
10:54:55,1 days,advance
11:43:44,0 days,off-peak
11:48:34,0 days,off-peak
11:53:32,0 days,off-peak
11:54:33,0 days,off-peak
11:56:05,0 days,off-peak
12:02:52,0 days,off-peak
12:05:05,1 days,advance
12:05:54,1 days,advance
12:08:10,0 days,off-peak
12:08:30,1 days,advance
12:08:31,0 days,off-peak
12:09:38,0 days,off-peak
12:18:25,0 days,off-peak
12:21:06,0 days,off-peak
12:26:54,1 days,advance
12:31:53,0 days,off-peak
12:41:23,1 days,advance
12:43:23,0 days,off-peak
12:47:46,0 days,off-peak
12:57:58,0 days,off-peak
13:09:20,0 days,off-peak
13:16:40,0 days,off-peak
13:31:49,1 days,advance
13:32:21,1 days,advance
14:04:23,1 days,advance
14:06:11,0 days,off-peak
14:08:18,0 days,off-peak
14:10:42,1 days,advance
14:11:05,0 days,off-peak
14:14:18,0 days,off-peak
14:17:16,0 days,off-peak
14:25:39,1 days,advance
14:30:24,0 days,anytime
14:30:39,0 days,anytime
14:32:35,0 days,anytime
14:33:55,0 days,anytime
14:35:42,0 days,anytime
14:36:02,0 days,anytime
14:41:05,0 days,anytime
14:44:06,0 days,anytime
14:44:52,0 days,anytime
14:46:18,1 days,advance
14:46:19,0 days,anytime
14:47:54,0 days,anytime
14:50:36,1 days,advance
14:51:05,1 days,advance
14:52:38,1 days,advance
14:54:05,0 days,anytime
14:57:09,0 days,anytime
15:00:34,0 days,off-peak
15:03:07,0 days,off-peak
15:06:27,0 days,anytime
15:10:23,0 days,anytime
15:12:09,0 days,anytime
15:19:13,0 days,anytime
15:24:10,0 days,anytime
15:30:04,0 days,anytime
15:38:51,0 days,anytime
15:39:54,1 days,advance
15:41:04,0 days,anytime
15:43:18,0 days,anytime
15:44:54,0 days,anytime
15:48:30,1 days,advance
15:48:32,0 days,anytime
15:49:10,0 days,anytime
15:53:06,0 days,anytime
15:53:08,0 days,anytime
15:53:10,0 days,anytime
15:55:57,0 days,anytime
15:58:52,0 days,anytime
16:00:03,1 days,advance
16:03:56,1 days,advance
16:05:26,0 days,anytime
16:06:51,0 days,anytime
16:12:41,0 days,anytime
16:13:34,0 days,anytime
16:14:55,1 days,advance
16:26:21,1 days,advance
16:44:29,1 days,advance
16:49:20,0 days,anytime
17:02:11,0 days,anytime
17:05:37,1 days,advance
17:07:44,1 days,advance
17:08:06,1 days,advance
17:10:04,1 days,advance
17:10:56,0 days,anytime
17:11:36,0 days,anytime
17:16:17,0 days,anytime
17:16:55,0 days,anytime
17:18:25,0 days,anytime
17:18:36,0 days,anytime
17:19:42,0 days,anytime
17:19:46,0 days,anytime
17:22:49,0 days,anytime
17:26:21,0 days,anytime
17:26:22,0 days,anytime
17:28:43,0 days,anytime
17:38:52,1 days,advance
17:39:22,1 days,advance
17:40:34,1 days,advance
17:41:14,1 days,advance
17:47:49,0 days,off-peak
17:48:17,1 days,advance
17:51:24,1 days,advance
17:51:38,1 days,advance
18:02:03,1 days,advance
18:04:40,1 days,advance
18:06:23,1 days,advance
18:09:19,1 days,advance
18:16:01,0 days,anytime
18:20:20,0 days,anytime
18:22:41,0 days,off-peak
18:23:01,0 days,anytime
18:26:14,0 days,off-peak
18:28:17,0 days,off-peak
18:30:04,0 days,off-peak
18:34:35,1 days,advance
18:40:34,1 days,advance
18:42:25,1 days,advance
18:46:47,1 days,advance
18:53:34,1 days,advance
18:56:49,0 days,off-peak
18:58:33,1 days,advance
19:00:05,0 days,off-peak
19:21:18,1 days,advance
19:23:07,1 days,advance
19:26:49,1 days,advance
19:30:28,1 days,advance
19:31:12,1 days,advance
19:31:13,1 days,advance
19:32:36,1 days,advance
19:33:51,1 days,advance
19:35:05,1 days,advance
19:36:37,1 days,advance
19:40:38,1 days,advance
19:41:54,1 days,advance
20:01:58,0 days,off-peak
20:04:15,1 days,advance
20:05:55,1 days,advance
20:09:35,0 days,off-peak
20:12:00,1 days,advance
20:12:11,1 days,advance
20:17:28,1 days,advance
20:21:36,1 days,advance
20:22:16,1 days,advance
20:22:36,1 days,advance
20:23:10,1 days,advance
20:23:48,1 days,advance
20:24:05,1 days,advance
20:24:24,1 days,advance
20:25:08,1 days,advance
20:26:12,1 days,advance
20:27:18,1 days,advance
20:29:08,1 days,advance
21:37:04,1 days,advance
21:45:35,1 days,advance
21:47:13,1 days,advance
21:54:12,1 days,advance
22:14:26,1 days,advance
22:32:00,1 days,advance
22:34:50,1 days,advance
22:40:13,1 days,advance
22:42:28,1 days,advance
22:42:42,1 days,advance
23:01:29,1 days,advance
23:03:50,1 days,advance
23:09:54,1 days,advance
23:11:04,1 days,advance
23:30:59,1 days,advance
23:41:24,1 days,advance
23:50:46,1 days,advance
23:58:26,1 days,advance
00:06:03,0 days,off-peak
00:20:19,0 days,off-peak
00:20:58,0 days,off-peak
00:23:48,0 days,off-peak
00:33:33,0 days,off-peak
00:38:48,0 days,off-peak
00:47:16,0 days,off-peak
00:53:48,0 days,off-peak
01:01:34,0 days,off-peak
01:11:41,0 days,off-peak
01:21:39,0 days,off-peak
01:50:35,0 days,off-peak
01:51:17,0 days,off-peak
01:54:15,0 days,off-peak
02:01:32,0 days,off-peak
02:01:43,0 days,off-peak
02:15:00,0 days,off-peak
02:45:42,0 days,off-peak
02:48:33,0 days,off-peak
02:49:21,0 days,off-peak
02:52:18,0 days,off-peak
03:01:39,0 days,off-peak
03:07:51,0 days,off-peak
03:13:08,0 days,off-peak
03:37:23,0 days,off-peak
03:57:36,0 days,off-peak
04:39:04,0 days,anytime
04:59:49,0 days,anytime
05:02:44,0 days,anytime
05:02:47,0 days,anytime
05:06:22,0 days,anytime
05:06:46,0 days,anytime
05:07:38,0 days,anytime
05:12:42,0 days,anytime
05:13:52,0 days,anytime
05:47:57,0 days,anytime
05:49:44,0 days,anytime
05:51:33,0 days,off-peak
05:59:44,0 days,anytime
06:02:02,0 days,anytime
06:02:07,0 days,anytime
06:05:38,0 days,anytime
06:05:56,0 days,anytime
06:12:23,0 days,anytime
06:12:48,0 days,anytime
06:15:05,0 days,anytime
06:23:24,0 days,anytime
06:30:11,0 days,anytime
06:36:31,0 days,anytime
06:37:09,0 days,anytime
06:38:00,0 days,anytime
06:41:06,0 days,anytime
07:05:59,0 days,anytime
07:15:49,0 days,anytime
07:18:51,0 days,anytime
07:24:41,0 days,anytime
07:34:23,0 days,off-peak
07:42:30,0 days,off-peak
07:48:22,0 days,anytime
07:56:43,0 days,off-peak
07:58:07,0 days,off-peak
07:58:18,0 days,off-peak
08:19:58,0 days,off-peak
09:03:51,0 days,off-peak
09:08:03,0 days,off-peak
09:32:16,0 days,off-peak
09:35:38,0 days,off-peak
09:35:38,0 days,off-peak
09:38:40,0 days,off-peak
09:39:26,0 days,off-peak
09:43:56,0 days,off-peak
09:51:42,0 days,off-peak
10:41:47,0 days,off-peak
11:13:16,0 days,off-peak
11:27:26,0 days,off-peak
11:34:57,0 days,off-peak
11:46:27,0 days,off-peak
11:53:33,0 days,off-peak
11:59:32,0 days,off-peak
12:13:48,0 days,off-peak
12:17:40,0 days,off-peak
12:37:07,0 days,off-peak
12:55:48,0 days,off-peak
13:13:43,0 days,off-peak
13:59:42,0 days,off-peak
14:03:10,0 days,off-peak
14:03:37,0 days,off-peak
14:12:08,0 days,off-peak
14:14:19,0 days,off-peak
14:33:33,0 days,anytime
14:35:38,0 days,anytime
14:37:05,0 days,anytime
14:39:25,0 days,anytime
14:43:01,0 days,anytime
14:43:48,0 days,anytime
14:44:34,0 days,anytime
14:44:35,0 days,anytime
14:49:56,0 days,anytime
14:51:00,0 days,anytime
15:39:17,0 days,anytime
15:41:01,0 days,anytime
15:44:25,0 days,anytime
16:04:43,0 days,anytime
16:06:47,0 days,anytime
16:07:41,0 days,anytime
16:08:16,0 days,anytime
16:11:20,0 days,anytime
16:11:33,0 days,anytime
16:12:57,0 days,anytime
16:37:43,0 days,anytime
17:05:54,0 days,anytime
17:10:04,0 days,anytime
17:13:32,0 days,anytime
17:14:20,0 days,anytime
17:16:04,0 days,anytime
17:21:14,0 days,anytime
17:25:13,0 days,anytime
17:26:33,0 days,anytime
18:11:50,0 days,anytime
18:38:22,0 days,off-peak
18:40:46,0 days,off-peak
18:42:58,0 days,off-peak
18:46:10,0 days,off-peak
18:56:41,0 days,off-peak
19:51:47,0 days,off-peak
20:05:39,0 days,off-peak
